added,author,category_id,cc_license,comments,description,dislikes,duration,encrypted_id,end,is_cc,is_hd,keywords,length_seconds,likes,privacy,rating,start,thumbnail,time_created,time_updated,title,user_id,views,timestamp_created,year,month,day,Episode,views_raw,duration_minutes,guest
08/09/2020,PowerfulJRE,22,False,22216,"Ron White is a stand up comedian and actor, best known as a charter member of the Blue Collar Comedy Tour. His special “If You Quit Listening, I’ll Shut Up” is now streaming on Netflix.",4905,2:53:43,1mgN8r1mwvM,10423,False,True,"""Joe Rogan Experience"" JRE Joe Rogan podcast MMA comedy stand up funny Freak Party ""Joe Rogan"" ""Ron White"" ""JRE #1534"" comedian",10423,37347,public,4.0,0.0,https://i.ytimg.com/vi/1mgN8r1mwvM/default.jpg,1599600996,,Joe Rogan Experience #1534 - Ron White,zQUP1qoWDoEbmsQxvdjxgQ,2501489,1599600996000,2020,9,8,1534,2501489,173,Ron White
07/09/2020,PowerfulJRE,22,False,51005,"Adam Curry is a podcaster, announcer, internet entrepreneur and media personality, known for his stint as VJ on MTV and being one of the first celebrities personally to create and administer Web sites. Check out his podcast “No Agenda” with new shows available every Sunday and Thursday on Spotify. http://www.noagendashow.com/",20978,3:18:23,fTPQ9KR5j8k,11903,False,True,"""Joe Rogan Experience"" JRE Joe Rogan podcast MMA comedy stand up funny Freak Party ""Adam Curry"" ""No Agenda"" ""Joe Rogan"" ""JRE #1533"" comedian",11903,53342,public,3.0,0.0,https://i.ytimg.com/vi/fTPQ9KR5j8k/default.jpg,1599237415,,Joe Rogan Experience #1533 - Adam Curry,zQUP1qoWDoEbmsQxvdjxgQ,3310357,1599237415000,2020,9,4,1533,3310357,198,Adam Curry
03/09/2020,PowerfulJRE,22,False,27382,Mike Tyson is the former undisputed heavyweight boxing champion of the world. Check out his new podcast called “Hotboxin’ with Mike Tyson” on Spotify.  www.TysonOnTriller.com @Mike Tyson,3059,2:04:12,hcPUoxTvw5g,7452,False,True,"""Joe Rogan Experience"" JRE Joe Rogan podcast MMA comedy stand up funny Freak Party ""Mike Tyson"" ""Joe Rogan"" ""JRE #1532""",7452,116199,public,4.0,0.0,https://i.ytimg.com/vi/hcPUoxTvw5g/default.jpg,1599067206,,Joe Rogan Experience #1532 - Mike Tyson,zQUP1qoWDoEbmsQxvdjxgQ,5208650,1599067206000,2020,9,2,1532,5208650,124,Mike Tyson
01/09/2020,PowerfulJRE,22,False,43109,"Miley Cyrus is a singer-songwriter, actress, and record producer. http://mileyl.ink/midnightsky",17537,2:06:32,D7WUMXKV-FE,7592,False,True,"""Joe Rogan Experience"" JRE Joe Rogan podcast MMA comedy stand up funny Freak Party ""Miley Cyrus"" ""Joe Rogan"" comedian ""JRE #1531""",7592,107750,public,4.0,0.0,https://i.ytimg.com/vi/D7WUMXKV-FE/default.jpg,1598918337,,Joe Rogan Experience #1531 - Miley Cyrus,zQUP1qoWDoEbmsQxvdjxgQ,5546407,1598918337000,2020,8,31,1531,5546407,126,Miley Cyrus
31/08/2020,PowerfulJRE,22,False,35958,"Duncan Trussell is a stand-up comedian, and host of his own podcast “The Duncan Trussell Family Hour”. His new show “The Midnight Gospel” is now streaming only on Netflix. @Duncan Trussell",8192,5:19:49,8xRz8ra9mdI,19189,False,True,"""Joe Rogan Experience"" JRE Joe Rogan podcast MMA comedy stand up funny Freak Party ""JRE #1530"" ""Duncan Trussell"" ""Joe Rogan"" comedian",19189,73800,public,4.0,0.0,https://i.ytimg.com/vi/8xRz8ra9mdI/default.jpg,1598047220,,Joe Rogan Experience #1530 - Duncan Trussell,zQUP1qoWDoEbmsQxvdjxgQ,4328520,1598047220000,2020,8,21,1530,4328520,319,Duncan Trussell
21/08/2020,PowerfulJRE,22,False,16087,"Whitney Cummings is a stand up comedian, actress, writer, and producer. Check out her new podcast “Good For You” on Apple Podcasts & Spotify. @Whitney Cummings 
Annie Lederman is a stand up comedian. She is also the host of “MEANSPIRATION” podcast on All Things Comedy. @Annie Lederman",18656,3:09:32,5UXpbbX9-Wo,11372,False,False,"""Joe Rogan Experience"" JRE Joe Rogan podcast MMA comedy stand up funny Freak Party",11372,32678,public,3.0,0.0,https://i.ytimg.com/vi/5UXpbbX9-Wo/default.jpg,1598037022,,Joe Rogan Experience #1529 - Whitney Cummings & Annie Lederman,zQUP1qoWDoEbmsQxvdjxgQ,2796025,1598037022000,2020,8,21,1529,2796025,189,Whitney Cummings & Annie Lederman
19/08/2020,PowerfulJRE,22,False,11894,"Nikki Glaser is an American stand-up comedian, podcast host, and television host. Look for her podcast ""You Up with Nikki Glaser"" available on Apple Podcasts. @You Up with Nikki Glaser",4336,2:32:53,KUCkrZKslr4,9173,False,True,"""Joe Rogan Experience"" JRE Joe Rogan podcast MMA comedy stand up funny Freak Party",9173,35482,public,4.0,0.0,https://i.ytimg.com/vi/KUCkrZKslr4/default.jpg,1597949597,,Joe Rogan Experience #1528 - Nikki Glaser,zQUP1qoWDoEbmsQxvdjxgQ,2307040,1597949597000,2020,8,20,1528,2307040,152,Nikki Glaser
17/08/2020,PowerfulJRE,22,False,27251,"David Blaine is an illusionist, endurance artist, and extreme performer. He is best known for his high-profile feats of endurance and has set and broken several world records. His new special ""Ascension"" premieres on YouTube live on August 31. @David Blaine https://www.youtube.com/watch?v=QwzvNAAqH3g",4364,2:21:52,NY3Zg37nIHo,8512,False,False,"""Joe Rogan Experience"" JRE Joe Rogan podcast MMA comedy stand up funny Freak Party ""Joe Rogan"" ""David Blaine"" ""JRE #1527"" comedian magician Ascension",8512,149082,public,4.0,0.0,https://i.ytimg.com/vi/NY3Zg37nIHo/default.jpg,1597775491,,Joe Rogan Experience #1527 - David Blaine,zQUP1qoWDoEbmsQxvdjxgQ,6972948,1597775491000,2020,8,18,1527,6972948,141,David Blaine
14/08/2020,PowerfulJRE,22,False,10172,"Ali Macofsky is an actress, writer, and standup comedian. Checkout her podcast ""Resting Bitch"" available on Apple Podcasts. @Ali Macofsky",5195,2:32:30,7eRR7j1OCOs,9150,False,True,"""Joe Rogan Experience"" JRE Joe Rogan podcast MMA comedy stand up funny Freak Party ""Joe Rogan"" ""Ali Macofsky"" ""JRE #1526"" comedian ""Resting Bitch""",9150,26538,public,4.0,0.0,https://i.ytimg.com/vi/7eRR7j1OCOs/default.jpg,1597524944,,Joe Rogan Experience #1526 - Ali Macofsky,zQUP1qoWDoEbmsQxvdjxgQ,2520711,1597524944000,2020,8,15,1526,2520711,152,Ali Macofsky
13/08/2020,PowerfulJRE,22,False,17383,"Tim Dillon is a comedian, tour guide, and host. His podcast “The Tim Dillon Show” is available on YouTube & Apple Podcasts. @The Tim Dillon Show",4540,2:16:50,h9XzuUXj6Gc,8210,False,True,"""Joe Rogan Experience"" JRE Joe Rogan podcast MMA comedy stand up funny Freak Party",8210,65661,public,4.0,0.0,https://i.ytimg.com/vi/h9XzuUXj6Gc/default.jpg,1597431629,,Joe Rogan Experience #1525 - Tim Dillon,zQUP1qoWDoEbmsQxvdjxgQ,4281125,1597431629000,2020,8,14,1525,4281125,136,Tim Dillon
12/08/2020,PowerfulJRE,22,False,3848,"Ron Funches is a comedian, actor and writer. His podcast ""Gettin' Better"" is available on Apple Podcasts & Spotify. On September 5 , his live stand up event ""Awakening"" will be streaming on YouTube and tickets are now available here: eventbrite.com/e/ron-funches-awakening-tickets-113410704470 @Ron Funches",1468,2:12:34,PjLW5irADoM,7954,False,True,"""Joe Rogan Experience"" JRE Joe Rogan podcast MMA comedy stand up funny Freak Party ""Joe Rogan"" ""Ron Funches"" ""JRE #1524"" comedian Awakening",7954,17724,public,4.0,0.0,https://i.ytimg.com/vi/PjLW5irADoM/default.jpg,1597347013,,Joe Rogan Experience #1524 - Ron Funches,zQUP1qoWDoEbmsQxvdjxgQ,1446010,1597347013000,2020,8,13,1524,1446010,132,Ron Funches
12/08/2020,PowerfulJRE,22,False,18987,"Joey “CoCo” Diaz is a Cuban-American stand up comedian and actor.  Joey also hosts his own podcast called “The Church of What’s Happening Now.” @Joey Diaz 
Brian Redban is a comedian and the founder of the Deathsquad podcast network. Also look for him on “Kill Tony” available on Apple Podcasts & YouTube. @redban @Kill Tony",3920,3:31:50,INSy7D2LBfU,12710,False,True,"""Joe Rogan Experience"" JRE Joe Rogan podcast MMA comedy stand up funny Freak Party ""Joe Rogan"" ""Joey Diaz"" Redban ""JRE #1523"" comedian",12710,73256,public,4.0,0.0,https://i.ytimg.com/vi/INSy7D2LBfU/default.jpg,1597260263,,Joe Rogan Experience #1523 - Joey Diaz & Brian Redban,zQUP1qoWDoEbmsQxvdjxgQ,4965172,1597260263000,2020,8,12,1523,4965172,211,Joey Diaz & Brian Redban
06/08/2020,PowerfulJRE,22,False,14830,"Rob Lowe is an actor, producer, and director. His new podcast ""Literally! with Rob Lowe"" is now available on Apple Podcasts.",3286,2:52:11,pw8dkF-jotk,10331,False,False,"""Joe Rogan Experience"" JRE Joe Rogan podcast MMA comedy stand up funny Freak Party ""Joe Rogan"" ""Rob Lowe"" ""JRE #1522""",10331,58275,public,4.0,0.0,https://i.ytimg.com/vi/pw8dkF-jotk/default.jpg,1596813882,,Joe Rogan Experience #1522 - Rob Lowe,zQUP1qoWDoEbmsQxvdjxgQ,4171598,1596813882000,2020,8,7,1522,4171598,172,Rob Lowe
05/08/2020,PowerfulJRE,22,False,12611,"Josh Dubin is an Innocence Project Ambassador Advisor & 
President of Dubin Research and Consulting, Inc. He also hosts a podcast called ""Wrongful Conviction: Junk Science"" available on Apple Podcasts and Spotify. https://apple.co/2Q5EtHd

Jason Flom is an Innocence Project Board Member,
CEO of Lava Media, and host of the ""Wrongful Conviction with Jason Flom"" podcast available on Apple Podcasts and Spotify. https://apple.co/2EJxrF3

https://www.innocenceproject.org/

https://famm.org/

https://www.first72plus.org/",3070,2:54:27,Trh7YWo2Bmo,10467,False,True,"""Joe Rogan Experience"" JRE Joe Rogan podcast MMA comedy stand up funny Freak Party ""JRE #1521"" ""Josh Dubin"" ""Jason Flom"" ""Innocence Project"" ""Joe Rogan"" comedian",10467,41510,public,4.0,0.0,https://i.ytimg.com/vi/Trh7YWo2Bmo/default.jpg,1596740493,,Joe Rogan Experience #1521 - Josh Dubin & Jason Flom,zQUP1qoWDoEbmsQxvdjxgQ,2052613,1596740493000,2020,8,6,1521,2052613,174,Josh Dubin & Jason Flom
04/08/2020,PowerfulJRE,22,False,12030,"Dr. Debra Soh is a former sex researcher, neuroscientist, columnist, and podcast host. Her new book The End of Gender: Debunking the Myths about Sex and Identity in Our Society is now available.",3020,2:01:53,j9NeQTkJjIs,7313,False,True,"""Joe Rogan Experience"" JRE Joe Rogan podcast MMA comedy stand up funny Freak Party",7313,33178,public,4.0,0.0,https://i.ytimg.com/vi/j9NeQTkJjIs/default.jpg,1596654123,,Joe Rogan Experience #1520 - Dr. Debra Soh,zQUP1qoWDoEbmsQxvdjxgQ,1884953,1596654123000,2020,8,5,1520,1884953,121,Dr. Debra Soh
03/08/2020,PowerfulJRE,22,False,13832,"Mike Baker is a former CIA covert operations officer. Currently he is the president of Diligence LLC, a global intelligence and security firm. His new show ""Black Files Declassified"" is now available on the Science Channel.",5568,2:44:50,yR-GXnXw2wU,9890,False,True,"""Joe Rogan Experience"" JRE Joe Rogan podcast MMA comedy stand up funny Freak Party",9890,38599,public,4.0,0.0,https://i.ytimg.com/vi/yR-GXnXw2wU/default.jpg,1596569053,,Joe Rogan Experience #1519 - Mike Baker,zQUP1qoWDoEbmsQxvdjxgQ,3416291,1596569053000,2020,8,4,1519,3416291,164,Mike Baker
30/07/2020,PowerfulJRE,22,False,26435,"David Choe is an American painter, muralist, explorer, adventurer, podcaster, graffiti artist and graphic novelist from Los Angeles, CA.",4535,3:51:39,j7T6__UbhBI,13899,False,True,"""Joe Rogan Experience"" JRE Joe Rogan podcast MMA comedy stand up funny Freak Party",13899,110186,public,4.0,0.0,https://i.ytimg.com/vi/j7T6__UbhBI/default.jpg,1596222591,,Joe Rogan Experience #1518 - David Choe,zQUP1qoWDoEbmsQxvdjxgQ,4558679,1596222591000,2020,7,31,1518,4558679,231,David Choe
29/07/2020,PowerfulJRE,22,False,9054,"Nancy Panza, Ph.D, is a Professor of Psychology at Cal State Fullerton. She has also worked within county, state, and federal facilities providing clinical and forensic services for juvenile and adult offenders and has provided services for police departments in New York City, Alabama, and Southern California.",2654,1:54:53,6adKh-LYk3s,6893,False,True,"""Joe Rogan Experience"" JRE Joe Rogan podcast MMA comedy stand up funny Freak Party",6893,25286,public,4.0,0.0,https://i.ytimg.com/vi/6adKh-LYk3s/default.jpg,1596134533,,Joe Rogan Experience #1517 - Nancy Panza,zQUP1qoWDoEbmsQxvdjxgQ,2029098,1596134533000,2020,7,30,1517,2029098,114,Nancy Panza
28/07/2020,PowerfulJRE,22,False,44152,"Post Malone is a singer-songwriter, rapper and record producer.  @Post Malone",10441,3:49:39,G42RJ4mKj1k,13779,False,True,"""Joe Rogan Experience"" JRE Joe Rogan podcast MMA comedy stand up funny Freak Party ""JRE #1516"" ""Post Malone"" ""Joe Rogan"" comedian",13779,226129,public,4.0,0.0,https://i.ytimg.com/vi/G42RJ4mKj1k/default.jpg,1596048593,,Joe Rogan Experience #1516 - Post Malone,zQUP1qoWDoEbmsQxvdjxgQ,12631287,1596048593000,2020,7,29,1516,12631287,229,Post Malone
27/07/2020,PowerfulJRE,22,False,8225,"Dr. Bradley Garrett is an American social and cultural geographer at University College Dublin in Ireland and a writer for The Guardian newspaper in the United Kingdom. His new book ""Bunker: Building for the End Times"" is available August 4, 2020.",2644,2:42:31,_kDKAOncclU,9751,False,True,"""Joe Rogan Experience"" JRE Joe Rogan podcast MMA comedy stand up funny Freak Party ""Joe Rogan"" ""JRE #1515"" ""Dr. Bradley Garrett"" ""urban exploration"" preppers ""underground bunker"" comedian",9751,30094,public,4.0,0.0,https://i.ytimg.com/vi/_kDKAOncclU/default.jpg,1595968852,,Joe Rogan Experience #1515 - Dr. Bradley Garrett,zQUP1qoWDoEbmsQxvdjxgQ,2547960,1595968852000,2020,7,28,1515,2547960,162,Dr. Bradley Garrett
23/07/2020,PowerfulJRE,22,False,6901,"Joe De Sena is the CEO and founder of Spartan and the Death Race. He is also a NY Times best selling author of Spartan Up, Spartan Fit and The Spartan Way. @Spartan Race",3059,2:29:14,wCSDF0RNuXY,8954,False,True,"""Joe Rogan Experience"" JRE Joe Rogan podcast MMA comedy stand up funny Freak Party ""Joe Rogan"" ""Joe De Sena"" ""Spartan Race"" ""JRE #1514""",8954,27368,public,4.0,0.0,https://i.ytimg.com/vi/wCSDF0RNuXY/default.jpg,1595634950,,Joe Rogan Experience #1514 - Joe De Sena,zQUP1qoWDoEbmsQxvdjxgQ,2028575,1595634950000,2020,7,24,1514,2028575,149,Joe De Sena
22/07/2020,PowerfulJRE,22,False,8039,"Andrew Huberman is a neuroscientist and tenured professor in the Department of Neurobiology at the Stanford University School of Medicine. He has made numerous important contributions to the fields of brain development, brain plasticity, and neural regeneration and repair.",2529,2:44:46,gLJowTOkZVo,9886,False,False,"""Joe Rogan Experience"" JRE Joe Rogan podcast MMA comedy stand up funny Freak Party",9886,52736,public,4.0,0.0,https://i.ytimg.com/vi/gLJowTOkZVo/default.jpg,1595530923,,Joe Rogan Experience #1513 - Andrew Huberman,zQUP1qoWDoEbmsQxvdjxgQ,3596300,1595530923000,2020,7,23,1513,3596300,164,Andrew Huberman
21/07/2020,PowerfulJRE,22,False,50527,"Ben Shapiro is editor-in-chief of the Daily Wire, syndicated columnist, and host of “The Ben Shapiro Show” is available on SoundCloud and iTunes. His new book How to Destroy America in Three Easy Steps is available now everywhere. @Ben Shapiro",19810,1:43:31,hl0iNRXcUbE,6211,False,True,"""Joe Rogan Experience"" JRE Joe Rogan podcast MMA comedy stand up funny Freak Party ""JRE #1512"" ""Joe Rogan"" ""Ben Shapiro"" comedian",6211,183705,public,4.0,0.0,https://i.ytimg.com/vi/hl0iNRXcUbE/default.jpg,1595444591,,Joe Rogan Experience #1512 - Ben Shapiro,zQUP1qoWDoEbmsQxvdjxgQ,7412457,1595444591000,2020,7,22,1512,7412457,103,Ben Shapiro
21/07/2020,PowerfulJRE,22,False,12989,"Oliver Stone is an award-winning director, producer, screenwriter, and author. His memoir Chasing the Light is available on July 21, 2020. https://linktr.ee/OStone",2788,1:43:28,QOrOYUxzX3o,6208,False,True,"""Joe Rogan Experience"" JRE Joe Rogan podcast MMA comedy stand up funny Freak Party",6208,47799,public,4.0,0.0,https://i.ytimg.com/vi/QOrOYUxzX3o/default.jpg,1595357757,,Joe Rogan Experience #1511 - Oliver Stone,zQUP1qoWDoEbmsQxvdjxgQ,2808387,1595357757000,2020,7,21,1511,2808387,103,Oliver Stone
16/07/2020,PowerfulJRE,22,False,27147,"George Knapp is an author, speaker, and the chief investigative reporter at KLAS TV in Las Vegas, NV. Jeremy Corbell is a contemporary artist and documentary filmmaker.",3903,2:56:00,Hc6pbG4wICA,10560,False,False,"""Joe Rogan Experience"" JRE Joe Rogan podcast MMA comedy stand up funny Freak Party ""George Knapp"" ""Bob Lazar"" UFO ""Area 51"" ""Skinwalker Ranch"" ""Jeremy Corbell"" ""JRE #1510""",10560,74558,public,4.0,0.0,https://i.ytimg.com/vi/Hc6pbG4wICA/default.jpg,1595017673,,Joe Rogan Experience #1510 - George Knapp & Jeremy Corbell,zQUP1qoWDoEbmsQxvdjxgQ,4356154,1595017673000,2020,7,17,1510,4356154,176,George Knapp & Jeremy Corbell
15/07/2020,PowerfulJRE,22,False,11605,"Abigail Shrier is an author, journalist, and writer for the Wall Street Journal. Her new book ""Irreversible Damage: The Transgender Craze Seducing Our Daughters"" is available now. https://www.amazon.com/Irreversible-Damage-Transgender-Seducing-Daughters/dp/1684510317",2986,1:45:30,CtftWcgXjdg,6330,False,True,"""Joe Rogan Experience"" JRE Joe Rogan podcast MMA comedy stand up funny Freak Party",6330,40302,public,4.0,0.0,https://i.ytimg.com/vi/CtftWcgXjdg/default.jpg,1594925772,,Joe Rogan Experience #1509 - Abigail Shrier,zQUP1qoWDoEbmsQxvdjxgQ,2205586,1594925772000,2020,7,16,1509,2205586,105,Abigail Shrier
14/07/2020,PowerfulJRE,22,False,26709,"Peter Schiff is an American businessman, investment broker, author and financial commentator. Schiff is CEO and chief global strategist of Euro Pacific Capital Inc. He also hosts his own podcast called “The Peter Schiff Podcast” available on iTunes and at SchiffRadio.com @Peter Schiff",11715,3:04:18,OK2zgeJLVwU,11058,False,False,"""Joe Rogan Experience"" JRE Joe Rogan podcast MMA comedy stand up funny Freak Party ""JRE #1508"" 1508 ""Peter Schiff"" Bitcoin Gold Crypto",11058,35728,public,4.0,0.0,https://i.ytimg.com/vi/OK2zgeJLVwU/default.jpg,1594840308,,Joe Rogan Experience #1508 - Peter Schiff,zQUP1qoWDoEbmsQxvdjxgQ,2104729,1594840308000,2020,7,15,1508,2104729,184,Peter Schiff
13/07/2020,PowerfulJRE,22,False,12295,"Bob Saget is a stand-up comedian, actor, television host and director. His new podcast is ""Bob Saget's Here For You"" is available now on Apple Podcasts. @Bob Saget",5409,2:33:26,BY3CY36WAec,9206,False,True,"""Joe Rogan Experience"" JRE Joe Rogan podcast MMA comedy stand up funny Freak Party ""Joe Rogan"" ""Bob Saget"" ""JRE #1507"" comedian ""Full House""",9206,44919,public,4.0,0.0,https://i.ytimg.com/vi/BY3CY36WAec/default.jpg,1594753185,,Joe Rogan Experience #1507 - Bob Saget,zQUP1qoWDoEbmsQxvdjxgQ,4030248,1594753185000,2020,7,14,1507,4030248,153,Bob Saget
09/07/2020,PowerfulJRE,22,False,6568,"James Nestor is a journalist who has written for Outside magazine, Men's Journal, Scientific American, Dwell magazine, National Public Radio, The New York Times, The Atlantic, the San Francisco Chronicle magazine, and others. His new book Breath: The New Science of a Lost Art is available now: https://www.amazon.com/Breath-New-Science-Lost-Art/dp/0735213615",1617,1:46:39,U5o9b2RVC2E,6399,False,True,"""Joe Rogan Experience"" JRE Joe Rogan podcast MMA comedy stand up funny Freak Party ""Joe Rogan"" ""James Nestor"" ""JRE #1506""",6399,33069,public,4.0,0.0,https://i.ytimg.com/vi/U5o9b2RVC2E/default.jpg,1594417999,,Joe Rogan Experience #1506 - James Nestor,zQUP1qoWDoEbmsQxvdjxgQ,2231507,1594417999000,2020,7,10,1506,2231507,106,James Nestor
09/07/2020,PowerfulJRE,22,False,7558,"Hannibal Buress is a stand-up comedian, actor, television writer and host. Look for his new special ""Miami Nights"" available now on YouTube. https://youtu.be/kVc4-05Agf0 @Hannibal Buress",2769,2:34:35,amyaoTtZaRE,9275,False,True,"""Joe Rogan Experience"" JRE Joe Rogan podcast MMA comedy stand up funny Freak Party ""Joe Rogan"" ""Hannibal Buress"" ""JRE #1505"" comedian ""Miami Nights""",9275,40414,public,4.0,0.0,https://i.ytimg.com/vi/amyaoTtZaRE/default.jpg,1594320626,,Joe Rogan Experience #1505 - Hannibal Buress,zQUP1qoWDoEbmsQxvdjxgQ,3060262,1594320626000,2020,7,9,1505,3060262,154,Hannibal Buress
07/07/2020,PowerfulJRE,22,False,5316,"Dr. Alan Levinovitz is an author and Associate Professor of Religion at James Madison University. His latest book Natural: How Faith in Nature's Goodness Leads to Harmful Fads, Unjust Laws, and Flawed Science ﻿is available now: https://www.amazon.com/Natural-Natures-Goodness-Harmful-Science/dp/0807010871
Also look for his podcast SHIFT available at http://shiftpodcast.co/",2286,3:21:03,NpOxxzOhZyg,12063,False,True,"""Joe Rogan Experience"" JRE Joe Rogan podcast MMA comedy stand up funny Freak Party",12063,21853,public,4.0,0.0,https://i.ytimg.com/vi/NpOxxzOhZyg/default.jpg,1594234907,,Joe Rogan Experience #1504 - Alan Levinovitz,zQUP1qoWDoEbmsQxvdjxgQ,1961755,1594234907000,2020,7,8,1504,1961755,201,Alan Levinovitz
06/07/2020,PowerfulJRE,22,False,3972,Josh Barnett is a mixed martial artist and professional wrestler who competes in the Heavyweight division of Bellator. @Josh Barnett,1702,3:02:07,VAoo7oXtyy4,10927,False,False,"""Joe Rogan Experience"" JRE Joe Rogan podcast MMA comedy stand up funny Freak Party ""Joe Rogan"" ""Josh Barnett"" heavyweight ""JRE #1503"" comedian",10927,21929,public,4.0,0.0,https://i.ytimg.com/vi/VAoo7oXtyy4/default.jpg,1594147645,,Joe Rogan Experience #1503 - Josh Barnett,zQUP1qoWDoEbmsQxvdjxgQ,1950340,1594147645000,2020,7,7,1503,1950340,182,Josh Barnett
02/07/2020,PowerfulJRE,22,False,7739,"Russell Peters is an actor and stand up comedian. His latest stand up special ""Deported"" is now available on Amazon Prime. @Russell Peters",3400,2:28:48,MNvjRzcfcx0,8928,False,False,"""Joe Rogan Experience"" JRE Joe Rogan podcast MMA comedy stand up funny Freak Party ""Joe Rogan"" ""Russell Peters"" ""JRE #1502"" comedian",8928,35789,public,4.0,0.0,https://i.ytimg.com/vi/MNvjRzcfcx0/default.jpg,1593806477,,Joe Rogan Experience #1502 - Russell Peters,zQUP1qoWDoEbmsQxvdjxgQ,3735017,1593806477000,2020,7,3,1502,3735017,148,Russell Peters
01/07/2020,PowerfulJRE,22,False,10562,"James Lindsay is an author, mathematician, and political commentator. His latest book, co-authored with Helen Pluckrose, Cynical Theories: How Activist Scholarship Made Everything about Race, Gender, and Identity―and Why This Harms Everybody will be available on August 25, 2020.",2769,3:02:47,FtNW3I1FZ5o,10967,False,True,"""Joe Rogan Experience"" JRE Joe Rogan podcast MMA comedy stand up funny Freak Party ""Joe Rogan"" ""James Lindsay"" ""Cynical Thinking"" ""JRE #1501"" comedian",10967,44979,public,4.0,0.0,https://i.ytimg.com/vi/FtNW3I1FZ5o/default.jpg,1593718435,,Joe Rogan Experience #1501 - James Lindsay,zQUP1qoWDoEbmsQxvdjxgQ,2601475,1593718435000,2020,7,2,1501,2601475,182,James Lindsay
30/06/2020,PowerfulJRE,22,False,9027,"Barbara Freese is an author, environmental attorney and a former Minnesota assistant attorney general. Her latest book Industrial-Strength Denial is now available: https://www.ucpress.edu/book/9780520296282/industrial-strength-denial",6472,1:50:11,cP0D2_jhqPU,6611,False,True,"""Joe Rogan Experience"" JRE Joe Rogan podcast MMA comedy stand up funny Freak Party ""Joe Rogan"" ""Barbara Freese"" ""JRE #1500"" comedian ""climate denial"" ""climate change""",6611,20600,public,4.0,0.0,https://i.ytimg.com/vi/cP0D2_jhqPU/default.jpg,1593635908,,Joe Rogan Experience #1500 - Barbara Freese,zQUP1qoWDoEbmsQxvdjxgQ,1581583,1593635908000,2020,7,1,1500,1581583,110,Barbara Freese
11/12/2019,PowerfulJRE,22,False,6001,"Tony Hinchcliffe is a stand-up comedian, writer, and actor. Tony also hosts his own podcast called “Kill Tony” with Redban, and it’s available on iTunes and and YouTube at: https://www.youtube.com/channel/UCwzCMiicL-hBUzyjWiJaseg",2218,2:49:01,HKa6m9HpWUU,10141,False,True,"""Joe Rogan Experience"" JRE Joe Rogan podcast MMA comedy stand up funny Freak Party ""Joe Rogan"" ""Tony Hinchcliffe"" ""JRE #1400"" ""Kill Tony"" comedian",10141,19140,public,4.0,0.0,https://i.ytimg.com/vi/HKa6m9HpWUU/default.jpg,1576120835,,Joe Rogan Experience #1400 - Tony Hinchcliffe,zQUP1qoWDoEbmsQxvdjxgQ,2395017,1576120835000,2019,12,12,1400,2395017,169,Tony Hinchcliffe
11/12/2019,PowerfulJRE,22,False,5024,"Pavel Tsatsouline, is the Chairman of StrongFirst, Inc., a fitness instructor who has introduced SPETSNAZ training techniques from the former Soviet Union to US Navy SEALs, Marines and Army Special Forces, and shortly thereafter to the American public.",1249,1:45:49,Rm0GNWSKzYs,6349,False,True,"""Joe Rogan Experience"" JRE Joe Rogan podcast MMA comedy stand up funny Freak Party ""Joe Rogan"" ""Pavel Tsatsouline"" ""JRE #1399"" Kettlebells Health ""working out"" ""lifting weights"" bodyweight deadlift ""olympic lifting"" powerlifting crossfit",6349,32454,public,4.0,0.0,https://i.ytimg.com/vi/Rm0GNWSKzYs/default.jpg,1576022701,,Joe Rogan Experience #1399 - Pavel Tsatsouline,zQUP1qoWDoEbmsQxvdjxgQ,1926702,1576022701000,2019,12,11,1399,1926702,105,Pavel Tsatsouline
10/12/2019,PowerfulJRE,22,False,9604,Lil Duval is a stand-up comedian and recording artist.,2179,3:03:12,UYp5KoDc3mE,10992,False,True,"""Joe Rogan Experience"" JRE Joe Rogan podcast MMA comedy stand up funny Freak Party ""JRE #1398"" 1398 ""Lil Duval"" comedian ""Joe Rogan""",10992,34496,public,4.0,0.0,https://i.ytimg.com/vi/UYp5KoDc3mE/default.jpg,1575941486,,Joe Rogan Experience #1398 - Lil Duval,zQUP1qoWDoEbmsQxvdjxgQ,2418507,1575941486000,2019,12,10,1398,2418507,183,Lil Duval
09/12/2019,PowerfulJRE,22,False,5533,"S. C. Gwynne is an American nonfiction writer. He is the author of the prize-winning ""Empire of the Summer Moon"" and his latest book ""Hymns of the Republic"" is now available.",1131,1:18:01,Iq8Ss9yg6bo,4681,False,True,"""Joe Rogan Experience"" JRE Joe Rogan podcast MMA comedy stand up funny Freak Party ""Joe Rogan"" comedian ""JRE #1397"" ""SC Gwynne"" comanches ""Quannah Parker""",4681,25732,public,4.0,0.0,https://i.ytimg.com/vi/Iq8Ss9yg6bo/default.jpg,1575941040,,Joe Rogan Experience #1397 - S.C. Gwynne,zQUP1qoWDoEbmsQxvdjxgQ,1778122,1575941040000,2019,12,10,1397,1778122,78,S.C. Gwynne
09/12/2019,PowerfulJRE,22,False,11319,"Michelle Wolf is a comedian, writer, producer, and television host. Her new special ""Joke Show"" starts streaming on Netflix on December 10.",13218,2:37:53,zOT7UCaCJHY,9473,False,True,"""Joe Rogan Experience"" JRE Joe Rogan podcast MMA comedy stand up funny Freak Party ""Joe Rogan"" ""Michelle Wolf"" ""Joke Show"" Netflix ""JRE #1397"" 1397 comedian",9473,18542,public,3.0,0.0,https://i.ytimg.com/vi/zOT7UCaCJHY/default.jpg,1575674522,,Joe Rogan Experience #1396 - Michelle Wolf,zQUP1qoWDoEbmsQxvdjxgQ,1326601,1575674522000,2019,12,6,1396,1326601,157,Michelle Wolf
03/12/2019,PowerfulJRE,22,False,4218,Matt Farah is a car enthusiast and the host of “The Smoking Tire” seen on YouTube and also a podcast available on Apple Podcasts.,1460,3:08:50,Imi5ODmIckw,11330,False,True,"""Joe Rogan Experience"" JRE Joe Rogan podcast MMA comedy stand up funny Freak Party ""JRE #1394"" 1394 ""Matt Farah"" ""The Smoking Tire"" ""Joe Rogan"" comedian Porsche Taycan Tesla Roadster Cybertruck",11330,16986,public,4.0,0.0,https://i.ytimg.com/vi/Imi5ODmIckw/default.jpg,1575506314,,Joe Rogan Experience #1394 - Matt Farah,zQUP1qoWDoEbmsQxvdjxgQ,1430179,1575506314000,2019,12,5,1394,1430179,188,Matt Farah
04/12/2019,PowerfulJRE,22,False,11403,"Glenn Villeneuve is a hunter, fisherman and TV personality, best known for appearing in the show “Life Below Zero”, which showcases the life of the Alaskan hunters particularly during the harsh winters.",2021,3:12:47,PNocQzhPyac,11567,False,True,"""Joe Rogan Experience"" JRE Joe Rogan podcast MMA comedy stand up funny Freak Party ""Joe Rogan"" ""Glenn Villeneuve"" ""JRE #1395"" 1395 ""Life Below Zero"" comedian",11567,49133,public,4.0,0.0,https://i.ytimg.com/vi/PNocQzhPyac/default.jpg,1575433177,,Joe Rogan Experience #1395 - Glenn Villeneuve,zQUP1qoWDoEbmsQxvdjxgQ,3334894,1575433177000,2019,12,4,1395,3334894,192,Glenn Villeneuve
03/12/2019,PowerfulJRE,22,False,59432,"James Wilks is a retired mixed martial artist. He was the winner of Spike TV's The Ultimate Fighter: United States vs. United Kingdom. He is also a producer of the documentary ""The Game Changers"" on Netflix.  Chris Kresser, M.S., L.Ac is a globally recognized leader in the fields of ancestral health, Paleo nutrition, and functional and integrative medicine. Link to notes from this podcast by Chris Kresser: http://kresser.co/gamechangers",7305,3:42:19,s0zgNY_kqlI,13339,False,True,"""Joe Rogan Experience"" JRE Joe Rogan podcast MMA comedy stand up funny Freak Party ""JRE #1393"" ""The Gamechangers"" ""Joe Rogan"" ""James Wilks"" ""Chris Kresser"" Vegan Vegetarian Meat Beef Chicken ""Amino Acids"" Protein Diet Health",13339,40293,public,4.0,0.0,https://i.ytimg.com/vi/s0zgNY_kqlI/default.jpg,1575404037,,Joe Rogan Experience #1393 - James Wilks & Chris Kresser - The Game Changers Debate,zQUP1qoWDoEbmsQxvdjxgQ,2988693,1575404037000,2019,12,3,1393,2988693,222,James Wilks & Chris Kresser
19/11/2019,PowerfulJRE,22,False,8024,"Tim Dillon is a comedian, tour guide, and host. His podcast ""The Tim Dillon Show"" is available on YouTube & Apple Podcasts. https://www.youtube.com/channel/UC4woSp8ITBoYDmjkukhEhxg",2350,3:07:52,-0sKkbjQYqw,11272,False,True,"""Joe Rogan Experience"" JRE Joe Rogan podcast MMA comedy stand up funny Freak Party ""Joe Rogan"" ""Tim Dillon"" comedian ""The Tim Dillon Show""",11272,31570,public,4.0,0.0,https://i.ytimg.com/vi/-0sKkbjQYqw/default.jpg,1574801054,,Joe Rogan Experience #1390 - Tim Dillon,zQUP1qoWDoEbmsQxvdjxgQ,3255383,1574801054000,2019,11,26,1390,3255383,187,Tim Dillon
25/11/2019,PowerfulJRE,22,False,37861,"Tulsi Gabbard is a 2020 Presidential Candidate of the Democratic Party and is currently serving as the U.S. Representative for Hawaii’s 2nd congressional district since 2013. https://www.tulsi2020.com/ Jocko Willink is a decorated retired Navy SEAL officer, author of the book Extreme Ownership: How U.S. Navy SEALs Lead and Win, and co-founder of Echelon Front, where he is a leadership instructor, speaker, and executive coach. His new book ""Leadership Strategies and Tactics"" will be available in January 2020.",4977,2:37:10,PdYud9re7-Q,9430,False,True,"""Joe Rogan Experience"" JRE Joe Rogan podcast MMA comedy stand up funny Freak Party ""Joe Rogan"" ""Tulsi Gabbard"" ""Jocko WIllink"" ""Presidential Debates"" ""2020 President"" Congress Congresswoman",9430,99697,public,4.0,0.0,https://i.ytimg.com/vi/PdYud9re7-Q/default.jpg,1574801045,,Joe Rogan Experience #1391- Tulsi Gabbard & Jocko Willink,zQUP1qoWDoEbmsQxvdjxgQ,4617047,1574801045000,2019,11,26,1391,4617047,157,Tulsi Gabbard & Jocko Willink
02/12/2019,PowerfulJRE,22,False,2102,"Zach Bitter is an endurance athlete, ultramarathon runner and coach. He recently broke 2 world records in running: 100-mile (11:19:18) & the 12-Hour record (104.88 miles).",876,2:19:20,ofj3EHrK96U,8360,False,True,"""Joe Rogan Experience"" JRE Joe Rogan podcast MMA comedy stand up funny Freak Party ""JRE #1392"" 1392 ""Zach Bitter"" ""ultra marathon"" ""David Goggins"" comedian ""100 mile run"" ""long distance running""",8360,9766,public,4.0,0.0,https://i.ytimg.com/vi/ofj3EHrK96U/default.jpg,1574800898,,Joe Rogan Experience #1392 - Zach Bitter,zQUP1qoWDoEbmsQxvdjxgQ,1137382,1574800898000,2019,11,26,1392,1137382,139,Zach Bitter
20/11/2019,PowerfulJRE,22,False,12281,"Watch James Wilks from The Game Changers debate Chris Kresser on his critiques of the film here: https://www.youtube.com/watch?v=Dq4Apc2Xk7Q&

Chris Kresser, M.S., L.Ac is a globally recognized leader in the fields of ancestral health, Paleo nutrition, and functional and integrative medicine. Link to notes from this podcast by Chris Kresser: http://kresser.co/gamechangers",5311,2:51:03,Dq4Apc2Xk7Q,10263,False,True,"""Joe Rogan Experience"" JRE Joe Rogan podcast MMA comedy stand up funny Freak Party ""Joe Rogan"" ""Chris Kresser"" ""The Gamechangers"" vegan vegetarian meat carnivore diet nutrition health comedian",10263,27712,public,4.0,0.0,https://i.ytimg.com/vi/Dq4Apc2Xk7Q/default.jpg,1574132641,,"Joe Rogan Experience #1389 - Chris Kresser Debunks ""The Gamechangers"" Documentary",zQUP1qoWDoEbmsQxvdjxgQ,2405069,1574132641000,2019,11,19,1389,2405069,171,"Chris Kresser Debunks ""The Gamechangers"" Documentary"
18/11/2019,PowerfulJRE,22,False,3727,"Louis Psihoyos is a photographer and documentary film director known for his still photography and contributions to National Geographic. His film ""The Cove"" won the Academy Award for Best Documentary Feature in 2010.",962,2:10:38,xCSVI6gfjs8,7838,False,True,"""Joe Rogan Experience"" JRE Joe Rogan podcast MMA comedy stand up funny Freak Party ""Joe Rogan"" ""Louie Psihoyos"" ""The Cove"" ""JRE #1388""",7838,12428,public,4.0,0.0,https://i.ytimg.com/vi/xCSVI6gfjs8/default.jpg,1574130740,,Joe Rogan Experience #1388 - Louie Psihoyos,zQUP1qoWDoEbmsQxvdjxgQ,1201670,1574130740000,2019,11,19,1388,1201670,130,Louie Psihoyos
18/11/2019,PowerfulJRE,22,False,9366,"Josh Homme is a singer, songwriter, musician, record producer, and actor. He is the founder and primary songwriter of the rock band Queens of the Stone Age.",1444,2:17:50,XPf0swdYOxI,8270,False,True,"""Joe Rogan Experience"" JRE Joe Rogan podcast MMA comedy stand up funny Freak Party ""Joe Rogan"" ""Josh Homme"" ""JRE #1387"" ""Queens of the Stone Age"" ""Them Crooked Vultures"" comedian",8270,26199,public,4.0,0.0,https://i.ytimg.com/vi/XPf0swdYOxI/default.jpg,1573701597,,Joe Rogan Experience #1387 - Josh Homme,zQUP1qoWDoEbmsQxvdjxgQ,1993445,1573701597000,2019,11,14,1387,1993445,137,Josh Homme
13/11/2019,PowerfulJRE,22,False,9802,"Paul Stamets is a mycologist, author and advocate of bioremediation and medicinal fungi. Check out http://www.fungi.com/",1406,2:12:09,xJ6Ym719urg,7929,False,True,"""Joe Rogan Experience"" JRE Joe Rogan podcast MMA comedy stand up funny Freak Party ""JRE #1385"" ""Joe Rogan"" ""Paul Stamets"" mushrooms comedian",7929,50261,public,4.0,0.0,https://i.ytimg.com/vi/xJ6Ym719urg/default.jpg,1573698430,,Joe Rogan Experience #1385 - Paul Stamets,zQUP1qoWDoEbmsQxvdjxgQ,2675097,1573698430000,2019,11,14,1385,2675097,132,Paul Stamets
13/11/2019,PowerfulJRE,22,False,6906,Ari Shaffir is a stand-up comedian and also hosts the podcasts “Ari Shaffir’s Skeptic Tank” & “Punch Drunk Sports.”,4417,2:46:47,xaBHLCIBoEc,10007,False,True,"""Joe Rogan Experience"" JRE Joe Rogan podcast MMA comedy stand up funny Freak Party ""JRE #1384"" ""Joe Rogan"" ""Ari Shaffir"" comedian ""Skeptic Tank""",10007,21662,public,4.0,0.0,https://i.ytimg.com/vi/xaBHLCIBoEc/default.jpg,1573698413,,Joe Rogan Experience #1384 - Ari Shaffir,zQUP1qoWDoEbmsQxvdjxgQ,2350607,1573698413000,2019,11,14,1384,2350607,166,Ari Shaffir
12/11/2019,PowerfulJRE,22,False,6465,"Malcolm Gladwell is a journalist, author, and public speaker. He is the host of the popular podcast ""Revisionist History"" and his new book ""Talking to Strangers: What We Should Know about the People We Don't Know"" is available now.",2073,2:38:31,Okg2LH6XKzY,9511,False,True,"""Joe Rogan Experience"" JRE Joe Rogan podcast MMA comedy stand up funny Freak Party ""Joe Rogan"" ""Malcolm Gladwell"" comedian ""Talking to Strangers"" ""Revisionist History""",9511,24672,public,4.0,0.0,https://i.ytimg.com/vi/Okg2LH6XKzY/default.jpg,1573589334,,Joe Rogan Experience #1383 - Malcolm Gladwell,zQUP1qoWDoEbmsQxvdjxgQ,2239772,1573589334000,2019,11,12,1383,2239772,158,Malcolm Gladwell
12/11/2019,PowerfulJRE,22,False,11504,"RZA is a rapper, record producer, musician, actor, and director. He is the de facto leader of the Wu-Tang Clan. Donnell Rawlings is a stand up comedian, actor, and podcaster. He’s known best for his roles on Chappelle’s Show and The Wire.",1634,2:20:59,FDzDNcglUdo,8459,False,True,"""Joe Rogan Experience"" JRE Joe Rogan podcast MMA comedy stand up funny Freak Party ""JRE #1382"" RZA ""Wu Tang Clan"" Wu-Tang ""Donnell Rawlings"" ""Joe Rogan"" comedian",8459,26395,public,4.0,0.0,https://i.ytimg.com/vi/FDzDNcglUdo/default.jpg,1573529658,,Joe Rogan Experience #1382 - RZA & Donnell Rawlings,zQUP1qoWDoEbmsQxvdjxgQ,1675050,1573529658000,2019,11,12,1382,1675050,140,RZA & Donnell Rawlings
11/11/2019,PowerfulJRE,22,False,3755,"Donnell Rawlings is a stand up comedian, actor, and podcaster. He’s known best for his roles on Chappelle’s Show and The Wire. Look for his new podcast ""The Donnell Rawlings Show"" coming soon.",977,2:39:28,HaEDlGzrVIg,9568,False,True,"""Joe Rogan Experience"" JRE Joe Rogan podcast MMA comedy stand up funny Freak Party",9568,14828,public,4.0,0.0,https://i.ytimg.com/vi/HaEDlGzrVIg/default.jpg,1573008438,,Joe Rogan Experience #1381 - Donnell Rawlings,zQUP1qoWDoEbmsQxvdjxgQ,1175548,1573008438000,2019,11,6,1381,1175548,159,Donnell Rawlings
05/11/2019,PowerfulJRE,22,False,8260,"Pete Dominick is a stand up comic, speaker, news commentator, host, and moderator. Look for his podcast called ""StandUP! with Pete Dominick"" available on Apple Podcasts.",10285,3:03:31,f2aYNheer8I,11011,False,True,"""Joe Rogan Experience"" JRE Joe Rogan podcast MMA comedy stand up funny Freak Party ""JRE #1380"" 1380 ""Pete Dominick""",11011,6355,public,2.0,0.0,https://i.ytimg.com/vi/f2aYNheer8I/default.jpg,1572993631,,Joe Rogan Experience #1380 - Pete Dominick,zQUP1qoWDoEbmsQxvdjxgQ,909449,1572993631000,2019,11,5,1380,909449,183,Pete Dominick
05/11/2019,PowerfulJRE,22,False,5556,"Ben Westhoff is an award-winning investigative journalist who writes about culture, drugs, and poverty. His new book ""Fentanyl, Inc.: How Rogue Chemists Are Creating the Deadliest Wave of the Opioid Epidemic "" is available now on Amazon. https://www.amazon.com/Fentanyl-Inc-Chemists-Creating-Deadliest/dp/0802127436",1113,1:56:03,gxwgwaLS7KI,6963,False,True,"""Joe Rogan Experience"" JRE Joe Rogan podcast MMA comedy stand up funny Freak Party ""Joe Rogan"" comedian ""JRE #1379"" ""Ben Westhoff"" Fentanyl",6963,18488,public,4.0,0.0,https://i.ytimg.com/vi/gxwgwaLS7KI/default.jpg,1572981565,,Joe Rogan Experience #1379 - Ben Westhoff,zQUP1qoWDoEbmsQxvdjxgQ,1636545,1572981565000,2019,11,5,1379,1636545,116,Ben Westhoff
05/11/2019,PowerfulJRE,22,False,4235,Greg Fitzsimmons is a writer and stand-up comedian. He also hosts a podcast with Alison Rosen called “Childish” that is available now on iTunes & Stitcher.,1485,2:37:49,ZDni5sKbAII,9469,False,True,"""Joe Rogan Experience"" JRE Joe Rogan podcast MMA comedy stand up funny Freak Party ""JRE #1378"" ""Joe Rogan"" ""Greg Fitzsimmons"" comedian ""FitzDog Radio""",9469,13904,public,4.0,0.0,https://i.ytimg.com/vi/ZDni5sKbAII/default.jpg,1572906500,,Joe Rogan Experience #1378 - Greg Fitzsimmons,zQUP1qoWDoEbmsQxvdjxgQ,1611802,1572906500000,2019,11,4,1378,1611802,157,Greg Fitzsimmons
04/11/2019,PowerfulJRE,22,False,2813,"Rick Baker is a retired special make-up effects creator and actor, mostly known for his creature effects and designs. He won the Academy Award for Best Makeup seven times from a record of eleven nominations.",495,1:54:49,cRUy8E6ueeo,6889,False,True,"""Joe Rogan Experience"" JRE Joe Rogan podcast MMA comedy stand up funny Freak Party ""Rick Baker"" ""Joe Rogan"" ""JRE #1377"" comedian ""movie makeup"" ""special effects"" Wolfman Werewolf Frankenstein",6889,14041,public,4.0,0.0,https://i.ytimg.com/vi/cRUy8E6ueeo/default.jpg,1572896855,,Joe Rogan Experience #1377 - Rick Baker,zQUP1qoWDoEbmsQxvdjxgQ,966767,1572896855000,2019,11,4,1377,966767,114,Rick Baker
30/10/2019,PowerfulJRE,22,False,12774,"Edward Norton is an actor, writer, producer, director, and filmmaker. His new film ""Motherless Brooklyn"" opens in theaters on November 1 .",2471,1:25:51,wUn1TbCINpk,5151,False,True,"""Joe Rogan Experience"" JRE Joe Rogan podcast MMA comedy stand up funny Freak Party ""JRE #1375"" ""Joe Rogan"" ""Edward Norton"" ""Motherless Brooklyn"" ""Ed Norton""",5151,59308,public,4.0,0.0,https://i.ytimg.com/vi/wUn1TbCINpk/default.jpg,1572482581,,Joe Rogan Experience #1375 - Edward Norton,zQUP1qoWDoEbmsQxvdjxgQ,3938746,1572482581000,2019,10,31,1375,3938746,85,Edward Norton
04/11/2019,PowerfulJRE,22,False,13819,"Artie Lange is a stand-up comedian and actor, best known for his tenures on The Howard Stern Show and the sketch comedy series Mad TV.

Recorded at GaS Digital Studios in NYC",1855,1:35:00,UjMGOaDPav8,5700,False,True,"""Joe Rogan Experience"" JRE Joe Rogan podcast MMA comedy stand up funny Freak Party ""JRE #1376"" ""Joe Rogan"" ""Artie Lange"" comedian",5700,44887,public,4.0,0.0,https://i.ytimg.com/vi/UjMGOaDPav8/default.jpg,1572481852,,Joe Rogan Experience #1376 - Artie Lange,zQUP1qoWDoEbmsQxvdjxgQ,2982885,1572481852000,2019,10,31,1376,2982885,95,Artie Lange
28/08/2019,PowerfulJRE,22,False,9424,"John Carmack is a computer programmer, video game developer and engineer. He co-founded id Software and was the lead programmer of its video games Commander Keen, Wolfenstein 3D, Doom, Quake, Rage and their sequels. Currently he is the CTO at Oculus.",1417,2:36:47,udlMSe5-zP8,9407,False,True,"""Joe Rogan Experience"" JRE Joe Rogan podcast MMA comedy stand up funny Freak Party ""Joe Rogan"" ""John Carmack"" Oculus ""Oculus Rift"" VR Doom ""ID Software"" Quake ""Quake Champions"" ""Duke Nukem"" ""Unreal Tournament"" esports",9407,52255,public,4.0,0.0,https://i.ytimg.com/vi/udlMSe5-zP8/default.jpg,1572411458,,Joe Rogan Experience #1342 - John Carmack,zQUP1qoWDoEbmsQxvdjxgQ,2477183,1572411458000,2019,10,30,1342,2477183,156,John Carmack
06/08/2019,PowerfulJRE,22,False,2257,"Alonzo Bodden is a stand up comedian and winner of Last Comic Standing Season 3. His new comedy special ""Heavy Lightweight"" premieres on Amazon Prime on August 23.",1042,2:16:10,lJAx6M7RiwI,8170,False,True,"""Joe Rogan Experience"" JRE Joe Rogan podcast MMA comedy stand up funny Freak Party ""JRE #1331"" ""Joe Rogan"" ""Alonzo Bodden"" ""Ultimate Fighting Championship"" ""Heavy Lightweight"" ""Amazon Prime"" comedian jokes",8170,8782,public,4.0,0.0,https://i.ytimg.com/vi/lJAx6M7RiwI/default.jpg,1572411458,,Joe Rogan Experience #1331 - Alonzo Bodden,zQUP1qoWDoEbmsQxvdjxgQ,942752,1572411458000,2019,10,30,1331,942752,136,Alonzo Bodden
30/10/2019,PowerfulJRE,22,False,3026,Justin Wren is an American MMA fighter. Justin is currently fighting in the Heavyweight division of Bellator to help raise more awareness for helping the Pygmy people of the Democratic Republic of the Congo. Donate to Fight For The Forgotten at https://fightfortheforgotten.org/heroes,681,1:56:58,6qGhSAeFV0Y,7018,False,True,"""Joe Rogan Experience"" JRE Joe Rogan podcast MMA comedy stand up funny Freak Party ""JRE #1374"" 1374 ""Justin Wren"" ""Fight for the Forgotten"" ""Joe Rogan"" Congo",7018,12086,public,4.0,0.0,https://i.ytimg.com/vi/6qGhSAeFV0Y/default.jpg,1572410488,,Joe Rogan Experience #1374 - Justin Wren,zQUP1qoWDoEbmsQxvdjxgQ,940473,1572410488000,2019,10,30,1374,940473,116,Justin Wren
29/10/2019,PowerfulJRE,22,False,24196,"Kyle Kulinski is a political activist, progressive talk radio host, social democratic political commentator, and the co-founder of Justice Democrats. His show “Secular Talk” is available on YouTube: https://www.youtube.com/SecularTalk",7037,2:19:52,0HWh52wdUmY,8392,False,True,"""Joe Rogan Experience"" JRE Joe Rogan podcast MMA comedy stand up funny Freak Party ""Joe Rogan"" comedian ""JRE #1373"" ""Kyle Kulinski"" ""Secular Talk""",8392,51458,public,4.0,0.0,https://i.ytimg.com/vi/0HWh52wdUmY/default.jpg,1572394510,,Joe Rogan Experience #1373 - Kyle Kulinski,zQUP1qoWDoEbmsQxvdjxgQ,2930123,1572394510000,2019,10,30,1373,2930123,139,Kyle Kulinski
29/10/2019,PowerfulJRE,22,False,8655,"Kevin Smith is a filmmaker, actor, comedian, public speaker, comic book writer, author, and podcaster. Look for his movie ""Jay and Silent Bob Reboot"" on tour now with tickets available at https://rebootroadshow.com/",1882,1:59:46,9yji9vIxkwY,7186,False,True,"""Joe Rogan Experience"" JRE Joe Rogan podcast MMA comedy stand up funny Freak Party ""JRE #1372"" 1372 ""Kevin Smith"" ""Jay & Silent Bob"" Clerks Dogma Mallrats",7186,41017,public,4.0,0.0,https://i.ytimg.com/vi/9yji9vIxkwY/default.jpg,1572314055,,Joe Rogan Experience #1372 - Kevin Smith,zQUP1qoWDoEbmsQxvdjxgQ,2698705,1572314055000,2019,10,29,1372,2698705,119,Kevin Smith
28/10/2019,PowerfulJRE,22,False,3820,Andrew Santino is a stand up comedian and actor. Check out his podcast “Whiskey Ginger” available on Apple Podcasts & YouTube.,1072,2:00:06,HAxSo38-2Kg,7206,False,True,"""Joe Rogan Experience"" JRE Joe Rogan podcast MMA comedy stand up funny Freak Party ""Joe Rogan"" ""Andrew Santino"" ""JRE #1371"" comedian ""Whiskey Ginger""",7206,14343,public,4.0,0.0,https://i.ytimg.com/vi/HAxSo38-2Kg/default.jpg,1571880498,,Joe Rogan Experience #1371 - Andrew Santino,zQUP1qoWDoEbmsQxvdjxgQ,1338433,1571880498000,2019,10,24,1371,1338433,120,Andrew Santino
23/10/2019,PowerfulJRE,22,False,2639,"Brian Grazer is a film and television producer and screenwriter. He co-founded Imagine Entertainment in 1986, with Ron Howard. His new book ""Face to Face: The Art of Human Connection"" is now available: https://www.amazon.com/Eye-Contact-Power-Personal-Connection/dp/1501147722",747,2:03:50,6Zo_FTUNDBI,7430,False,True,"""Joe Rogan Experience"" JRE Joe Rogan podcast MMA comedy stand up funny Freak Party ""JRE #1370"" 1370 ""Joe Rogan"" ""Brian Grazer"" comedian",7430,10417,public,4.0,0.0,https://i.ytimg.com/vi/6Zo_FTUNDBI/default.jpg,1571877993,,Joe Rogan Experience #1370 - Brian Grazer,zQUP1qoWDoEbmsQxvdjxgQ,1018665,1571877993000,2019,10,24,1370,1018665,123,Brian Grazer
23/10/2019,PowerfulJRE,22,False,4326,"Christopher Ryan, PhD is a psychologist, speaker, and author of New York Times best seller “Sex At Dawn” and he also hosts a podcast called “Tangentially Speaking” available on Apple Podcasts & Stitcher. His latest book “Civilized To Death” is available now: https://www.amazon.com/Civilized-Death-What-Lost-Modernity/dp/1451659105",1266,2:17:50,ylQrshWAjuE,8270,False,True,"""Joe Rogan Experience"" JRE Joe Rogan podcast MMA comedy stand up funny Freak Party ""JRE #1369"" 1369 ""Joe Rogan"" ""Chris Ryan"" ""Christopher Ryan"" ""Sex at Dawn"" ""Civilized to Death"" author books comedian",8270,19123,public,4.0,0.0,https://i.ytimg.com/vi/ylQrshWAjuE/default.jpg,1571808829,,Joe Rogan Experience #1369 - Christopher Ryan,zQUP1qoWDoEbmsQxvdjxgQ,1744143,1571808829000,2019,10,23,1369,1744143,137,Christopher Ryan
22/10/2019,PowerfulJRE,22,False,77488,"Edward Snowden is an American whistleblower who copied and leaked highly classified information from the National Security Agency in 2013 when he was a Central Intelligence Agency employee and subcontractor. His new book ""Permanent Record"" is now available.",13130,2:49:32,efs3QRr8LWw,10172,False,True,"""Joe Rogan Experience"" JRE Joe Rogan podcast MMA comedy stand up funny Freak Party ""JRE #1368"" ""Edward Snowden""",10172,372294,public,4.0,0.0,https://i.ytimg.com/vi/efs3QRr8LWw/default.jpg,1571787087,,Joe Rogan Experience #1368 - Edward Snowden,zQUP1qoWDoEbmsQxvdjxgQ,15901299,1571787087000,2019,10,22,1368,15901299,169,Edward Snowden
22/10/2019,PowerfulJRE,22,False,3682,"Bridget Phetasy is a writer and comedian. Check out her show on YouTube called ""Dumpster Fire"" -- https://www.youtube.com/channel/UC5SQnm72FspDNUXK4cB2_xg & her podcast called ""Walk-Ins Welcome"" available on Apple Podcasts & Stitcher.",1239,2:28:52,0G64Hs7iZpU,8932,False,True,"""Joe Rogan Experience"" JRE Joe Rogan podcast MMA comedy stand up funny Freak Party ""JRE #1367"" 1367 ""Joe Rogan"" ""Bridget Phetasy"" Twitter outrage cancel ""Cancel Culture"" comedian",8932,13558,public,4.0,0.0,https://i.ytimg.com/vi/0G64Hs7iZpU/default.jpg,1571714562,,Joe Rogan Experience #1367 - Bridget Phetasy,zQUP1qoWDoEbmsQxvdjxgQ,989529,1571714562000,2019,10,22,1367,989529,148,Bridget Phetasy
21/10/2019,PowerfulJRE,22,False,22032,"Richard Dawkins, FRS FRSL is an English ethologist, evolutionary biologist, and author. He is an emeritus fellow of New College, Oxford, and was the University of Oxford's Professor for Public Understanding of Science from 1995 until 2008. His latest book ""Outgrowing God: A Beginner's Guide"" is available now.",5462,1:01:39,_bN4spt3744,3699,False,True,"""Joe Rogan Experience"" JRE Joe Rogan podcast MMA comedy stand up funny Freak Party ""JRE #1366"" ""Richard Dawkins""",3699,48834,public,4.0,0.0,https://i.ytimg.com/vi/_bN4spt3744/default.jpg,1570765683,,Joe Rogan Experience #1366 - Richard Dawkins,zQUP1qoWDoEbmsQxvdjxgQ,2355642,1570765683000,2019,10,11,1366,2355642,61,Richard Dawkins
09/10/2019,PowerfulJRE,22,False,4396,"Cameron Hanes is a bowhunting athlete, “training intensively each and every day to become the Ultimate Predator” and he also has a podcast available on Apple Podcasts called ""Keep Hammering with Cameron Hanes.""",1742,2:30:07,qEcWyjJ20k0,9007,False,True,"""Joe Rogan Experience"" JRE Joe Rogan podcast MMA comedy stand up funny Freak Party ""JRE #1365"" 1365 Hunting ""Bow Hunting"" Archery ""ultra marathon"" ""Cam Hanes"" ""Cameron Hanes"" ""Keep Hammering"" ""David Goggins"" ""Joe Rogan"" comedian",9007,17469,public,4.0,0.0,https://i.ytimg.com/vi/qEcWyjJ20k0/default.jpg,1570656778,,Joe Rogan Experience #1365 - Cameron Hanes,zQUP1qoWDoEbmsQxvdjxgQ,1910786,1570656778000,2019,10,9,1365,1910786,150,Cameron Hanes
09/10/2019,PowerfulJRE,22,False,7124,Brian Redban is a comedian and the founder of the Deathsquad podcast network. Also look for him on “Kill Tony” available on Apple Podcasts & YouTube: https://www.youtube.com/channel/UCwzCMiicL-hBUzyjWiJaseg,1471,2:08:05,h2fUl0Ldxgg,7685,False,True,"""Joe Rogan Experience"" JRE Joe Rogan podcast MMA comedy stand up funny Freak Party ""JRE #1364"" ""Joe Rogan"" ""Brian Redban"" Redban Deathsquad",7685,21021,public,4.0,0.0,https://i.ytimg.com/vi/h2fUl0Ldxgg/default.jpg,1570570485,,Joe Rogan Experience #1364 - Brian Redban,zQUP1qoWDoEbmsQxvdjxgQ,2103510,1570570485000,2019,10,8,1364,2103510,128,Brian Redban
08/10/2019,PowerfulJRE,22,False,9091,"Dakota Meyer is a United States Marine. A veteran of the War in Afghanistan, he was awarded the Medal of Honor for his actions during the Battle of Ganjgal on 8 September 2009, in Kunar Province, Afghanistan.

https://www.youtube.com/channel/UCvGC46FcB8QTaYLWm9bAyMg?view_as=subscriber",3366,2:08:28,PlDUYhZvU9s,7708,False,True,"""Joe Rogan Experience"" JRE Joe Rogan podcast MMA comedy stand up funny Freak Party ""Joe Rogan"" ""Dakota Meyer"" ""JRE #1363""",7708,23296,public,4.0,0.0,https://i.ytimg.com/vi/PlDUYhZvU9s/default.jpg,1570484165,,Joe Rogan Experience #1363 - Dakota Meyer,zQUP1qoWDoEbmsQxvdjxgQ,1744734,1570484165000,2019,10,7,1363,1744734,128,Dakota Meyer
07/10/2019,PowerfulJRE,22,False,2053,Lenny Clarke is a legendary Boston comic and actor.,679,1:51:14,dTuSEyiqzzk,6674,False,True,"""Joe Rogan Experience"" JRE Joe Rogan podcast MMA comedy stand up funny Freak Party ""Lenny Clarke"" ""Joe Rogan"" comedian ""Boston Comedy"" ""Fenway Park"" ""JRE #1362""",6674,10757,public,4.0,0.0,https://i.ytimg.com/vi/dTuSEyiqzzk/default.jpg,1570304412,,Joe Rogan Experience #1362 - Lenny Clarke,zQUP1qoWDoEbmsQxvdjxgQ,995070,1570304412000,2019,10,5,1362,995070,111,Lenny Clarke
05/10/2019,PowerfulJRE,22,False,27256,"Commander David Fravor is a retired US Navy pilot, who has a close encounter in 2004 with the so-called Tic Tac UFO, and Jeremy Corbell is a contemporary artist and documentary filmmaker.",2714,1:54:26,Eco2s3-0zsQ,6866,False,True,"""Joe Rogan Experience"" JRE Joe Rogan podcast MMA comedy stand up funny Freak Party",6866,85514,public,4.0,0.0,https://i.ytimg.com/vi/Eco2s3-0zsQ/default.jpg,1570142863,,Joe Rogan Experience #1361 - Cmdr. David Fravor & Jeremy Corbell,zQUP1qoWDoEbmsQxvdjxgQ,4961470,1570142863000,2019,10,3,1361,4961470,114,Cmdr. David Fravor & Jeremy Corbell
03/10/2019,PowerfulJRE,22,False,6400,"Nikki Glaser is a stand-up comedian, podcast host, and television host. Her new stand-up special ""Bangin"" is now streaming on Netflix.",2326,2:39:54,TqUAIrhzDP8,9594,False,True,"""Joe Rogan Experience"" JRE Joe Rogan podcast MMA comedy stand up funny Freak Party ""Joe Rogan"" ""Nikki Glaser"" ""JRE #1360"" 1360 comedian Bangin Netflix",9594,21386,public,4.0,0.0,https://i.ytimg.com/vi/TqUAIrhzDP8/default.jpg,1570053291,,Joe Rogan Experience #1360 - Nikki Glaser,zQUP1qoWDoEbmsQxvdjxgQ,1873258,1570053291000,2019,10,2,1360,1873258,159,Nikki Glaser
02/10/2019,PowerfulJRE,22,False,18181,"Roseanne Barr is a comedian, actress, writer, television producer, director.",3831,2:07:26,R0ufbsXbsEM,7646,False,True,"""Joe Rogan Experience"" JRE Joe Rogan podcast MMA comedy stand up funny Freak Party ""Joe Rogan"" ""Roseanne Barr"" Roseanne ""JRE #1359"" 1359 comedian",7646,34222,public,4.0,0.0,https://i.ytimg.com/vi/R0ufbsXbsEM/default.jpg,1569978493,,Joe Rogan Experience #1359 - Roseanne Barr,zQUP1qoWDoEbmsQxvdjxgQ,2251578,1569978493000,2019,10,2,1359,2251578,127,Roseanne Barr
01/10/2019,PowerfulJRE,22,False,13530,"Joe is joined by Ari Shaffir, Bert Kreischer & Tom Segura to discuss their 3rd annual Sober October challenge.",2588,2:42:49,EnFAfg4gQDQ,9769,False,True,"""Joe Rogan Experience"" JRE Joe Rogan podcast MMA comedy stand up funny Freak Party ""Joe Rogan"" ""Ari Shaffir"" ""Tom Segura"" ""Bert Kreischer"" ""JRE #1358"" ""Sober October""",9769,32430,public,4.0,0.0,https://i.ytimg.com/vi/EnFAfg4gQDQ/default.jpg,1569978162,,Joe Rogan Experience #1358 - Sober October 3,zQUP1qoWDoEbmsQxvdjxgQ,2608816,1569978162000,2019,10,2,1358,2608816,162,Sober October 3
01/10/2019,PowerfulJRE,22,False,3738,"Ari Shaffir is a stand-up comedian and also hosts the podcasts ""Ari Shaffir’s Skeptic Tank"" & ""Punch Drunk Sports.""",1847,1:41:09,x5hNJ0GR_Wk,6069,False,True,"""Joe Rogan Experience"" JRE Joe Rogan podcast MMA comedy stand up funny Freak Party ""JRE #1357"" ""Joe Rogan"" ""Ari Shaffir"" ""Skeptic Tank""",6069,16642,public,4.0,0.0,https://i.ytimg.com/vi/x5hNJ0GR_Wk/default.jpg,1569895481,,Joe Rogan Experience #1357 - Ari Shaffir,zQUP1qoWDoEbmsQxvdjxgQ,1427962,1569895481000,2019,10,1,1357,1427962,101,Ari Shaffir
30/09/2019,PowerfulJRE,22,False,3255,"Sturgill Simpson is a Grammy Award-winning country music and roots rock singer-songwriter. His new album ""Sound & Fury"" is available now on streaming services everywhere, and the anime visual album ""Sturgill Simpson presents Sound & Fury"" is now streaming on Netflix. He is joined by his band members Miles Miller, Chuck Bartels, Bobby Emmett and by Green Beret Medic Justin Laseck.

http://www.sturgillsimpson.com/

https://www.specialforcesfoundation.org/",751,2:37:34,8OW6fYFCxAg,9454,False,True,"""Joe Rogan Experience"" JRE Joe Rogan podcast MMA comedy stand up funny Freak Party ""Joe Rogan"" ""Sturgill Simpson"" ""Sound & Fury"" anime Netflix ""rock n roll""",9454,12393,public,4.0,0.0,https://i.ytimg.com/vi/8OW6fYFCxAg/default.jpg,1569021896,,Joe Rogan Experience #1356 - Sturgill Simpson & His Band,zQUP1qoWDoEbmsQxvdjxgQ,1018256,1569021896000,2019,9,20,1356,1018256,157,Sturgill Simpson & His Band
20/09/2019,PowerfulJRE,22,False,8492,"Mark Normand is a stand-up comedian and actor. Check out his podcast ""Tuesdays with Stories!"" with co-host Joe List available on Apple Podcasts.",2430,3:21:46,EWU5mt0DFDc,12106,False,True,"""Joe Rogan Experience"" JRE Joe Rogan podcast MMA comedy stand up funny Freak Party ""Joe Rogan"" ""Mark Normand"" ""JRE #1355"" comedian jokes",12106,22843,public,4.0,0.0,https://i.ytimg.com/vi/EWU5mt0DFDc/default.jpg,1568935280,,Joe Rogan Experience #1355 - Mark Normand,zQUP1qoWDoEbmsQxvdjxgQ,2052814,1568935280000,2019,9,19,1355,2052814,201,Mark Normand
19/09/2019,PowerfulJRE,22,False,7236,"The Black Keys is a rock band formed in Akron, Ohio, in 2001. The group consists of Dan Auerbach and Patrick Carney. Their latest album ""Let's Rock"" is available now everywhere.",1467,3:13:48,izjGX8XJZ4g,11628,False,True,"""Joe Rogan Experience"" JRE Joe Rogan podcast MMA comedy stand up funny Freak Party ""Joe Rogan"" ""The Black Keys"" ""Patrick Carney"" ""Dan Auerbach"" ""JRE #1354"" ""Lonely Boy""",11628,31471,public,4.0,0.0,https://i.ytimg.com/vi/izjGX8XJZ4g/default.jpg,1568667956,,Joe Rogan Experience #1354 - The Black Keys,zQUP1qoWDoEbmsQxvdjxgQ,2347963,1568667956000,2019,9,16,1354,2347963,193,The Black Keys
16/09/2019,PowerfulJRE,22,False,13484,"Rob Zombie is a musician and filmmaker. His new film ""3 From Hell"" is available in select theaters this week and everywhere in October.",2605,2:06:02,KDLeJ5Rasuo,7562,False,True,"""Joe Rogan Experience"" JRE Joe Rogan podcast MMA comedy stand up funny Freak Party ""Rob Zombie"" ""Joe Rogan"" ""3 From Hell"" ""JRE #1353""",7562,71584,public,4.0,0.0,https://i.ytimg.com/vi/KDLeJ5Rasuo/default.jpg,1568656484,,Joe Rogan Experience #1353 - Rob Zombie,zQUP1qoWDoEbmsQxvdjxgQ,4817595,1568656484000,2019,9,16,1353,4817595,126,Rob Zombie
16/09/2019,PowerfulJRE,22,False,6028,"Sean Carroll is a cosmologist and physics professor specializing in dark energy and general relativity. He is a research professor in the Department of Physics at the California Institute of Technology.His new book ""Something Deeply Hidden"" is now available and also look for “Sean Carroll’s Mindscape Podcast” on Apple Podcasts.",1405,1:30:56,TP5W2MG8Jjs,5456,False,True,"""Joe Rogan Experience"" JRE Joe Rogan podcast MMA comedy stand up funny Freak Party ""JRE #1352"" ""Joe Rogan"" ""Sean Carroll"" Physics ""Quantum Physics"" ""Quantum Computing"" ""Quantum Mechanics"" ""Quantum Computers""",5456,28587,public,4.0,0.0,https://i.ytimg.com/vi/TP5W2MG8Jjs/default.jpg,1568327082,,Joe Rogan Experience #1352 - Sean Carroll,zQUP1qoWDoEbmsQxvdjxgQ,2085653,1568327082000,2019,9,12,1352,2085653,90,Sean Carroll
12/09/2019,PowerfulJRE,22,False,28934,"Dan Aykroyd, CM OOnt is a Canadian-American actor, producer, comedian, musician and filmmaker who was an original member of the ""Not Ready for Prime Time Players"" on Saturday Night Live.",4900,2:20:04,4LIsLD3j0oQ,8404,False,True,"""Joe Rogan Experience"" JRE Joe Rogan podcast MMA comedy stand up funny Freak Party ""JRE #1351"" ""Joe Rogan"" ""Dan Akroyd"" ""Crystal Skull"" vodka UFOs",8404,66199,public,4.0,0.0,https://i.ytimg.com/vi/4LIsLD3j0oQ/default.jpg,1568239994,,Joe Rogan Experience #1351 - Dan Aykroyd,zQUP1qoWDoEbmsQxvdjxgQ,5615295,1568239994000,2019,9,11,1351,5615295,140,Dan Aykroyd
11/09/2019,PowerfulJRE,22,False,11188,"Nick Bostrom is a Swedish philosopher at the University of Oxford known for his work on existential risk, the anthropic principle, human enhancement ethics, superintelligence risks, and the reversal test.",2049,2:32:59,5c4cv7rVlE8,9179,False,True,"""Joe Rogan Experience"" JRE Joe Rogan podcast MMA comedy stand up funny Freak Party ""Joe Rogan"" ""JRE #1350"" ""Nick Bostrom"" ""Simulation Theory"" AGI ""Artificial Intelligence""",9179,19252,public,4.0,0.0,https://i.ytimg.com/vi/5c4cv7rVlE8/default.jpg,1568154319,,Joe Rogan Experience #1350 - Nick Bostrom,zQUP1qoWDoEbmsQxvdjxgQ,1879974,1568154319000,2019,9,10,1350,1879974,152,Nick Bostrom
10/09/2019,PowerfulJRE,22,False,5494,"David Sinclair, Ph.D., A.O. is a Professor in the Department of Genetics and co-Director of the Paul F. Glenn Center for the Biology of Aging at Harvard Medical School. His new book ""Lifespan: Why We Age And Why We Don't Have To"" is now available.",1297,2:19:26,ZGLL77wYxe8,8366,False,True,"""Joe Rogan Experience"" JRE Joe Rogan podcast MMA comedy stand up funny Freak Party ""Joe Rogan"" ""David Sinclair"" ""JRE #1349"" ""Life Extension"" NAD+ Harvard comedian",8366,23130,public,4.0,0.0,https://i.ytimg.com/vi/ZGLL77wYxe8/default.jpg,1568074920,,Joe Rogan Experience #1349 - David Sinclair,zQUP1qoWDoEbmsQxvdjxgQ,1882079,1568074920000,2019,9,10,1349,1882079,139,David Sinclair
09/09/2019,PowerfulJRE,22,False,10185,"Bill Burr is a standup comedian and also hosts his own podcast called “The Monday Morning Podcast”. His new special ""Paper Tiger"" is now streaming on Netflix.",2601,2:25:51,--SCDa1zsYI,8751,False,True,"""Joe Rogan Experience"" JRE Joe Rogan podcast MMA comedy stand up funny Freak Party ""Joe Rogan"" ""Bill Burr"" ""The MMP"" ""Monday Morning Podcast"" ""Paper Tiger"" ""JRE #1348"" comedian Netflix",8751,70463,public,4.0,0.0,https://i.ytimg.com/vi/--SCDa1zsYI/default.jpg,1567733335,,Joe Rogan Experience #1348 - Bill Burr,zQUP1qoWDoEbmsQxvdjxgQ,5048301,1567733335000,2019,9,6,1348,5048301,145,Bill Burr
05/09/2019,PowerfulJRE,22,False,38942,"Neil deGrasse Tyson is an astrophysicist, cosmologist, author, and science communicator.",14914,2:20:43,0pmviUS1Zac,8443,False,True,"""Joe Rogan Experience"" JRE Joe Rogan podcast MMA comedy stand up funny Freak Party ""JRE #1347"" ""Joe Rogan"" ""Neil deGrasse Tyson"" 1347",8443,98222,public,4.0,0.0,https://i.ytimg.com/vi/0pmviUS1Zac/default.jpg,1567722031,,Joe Rogan Experience #1347 - Neil deGrasse Tyson,zQUP1qoWDoEbmsQxvdjxgQ,7047423,1567722031000,2019,9,5,1347,7047423,140,Neil deGrasse Tyson
05/09/2019,PowerfulJRE,22,False,3066,"Zuby is an independent rapper, creative entrepreneur, speaker and podcast host. Check out his podcast called ""Real Talk with Zuby"" available on Apple Podcasts.",911,2:10:55,ffwbNfjNRTw,7855,False,True,"""Joe Rogan Experience"" JRE Joe Rogan podcast MMA comedy stand up funny Freak Party ""Joe Rogan"" Zuby ""Zuby Music"" ""JRE #1346"" 1346 comedian Twitter ""outrage culture"" ""cancel culture""",7855,13291,public,4.0,0.0,https://i.ytimg.com/vi/ffwbNfjNRTw/default.jpg,1567646691,,Joe Rogan Experience #1346 - Zuby,zQUP1qoWDoEbmsQxvdjxgQ,872725,1567646691000,2019,9,5,1346,872725,130,Zuby
04/09/2019,PowerfulJRE,22,False,3954,"Steve Aoki is a musician, author, DJ, record producer and music executive. His new book called ""Blue: The Color of Noise""  is available now.",1569,2:48:03,OfEUrEUS9Qk,10083,False,True,"""Joe Rogan Experience"" JRE Joe Rogan podcast MMA comedy stand up funny Freak Party ""Joe Rogan"" ""JRE #1345"" ""Steve Aoki"" EDM ""Cake Face"" 1345",10083,15227,public,4.0,0.0,https://i.ytimg.com/vi/OfEUrEUS9Qk/default.jpg,1567646514,,Joe Rogan Experience #1345 - Steve Aoki,zQUP1qoWDoEbmsQxvdjxgQ,1381201,1567646514000,2019,9,5,1345,1381201,168,Steve Aoki
04/09/2019,PowerfulJRE,22,False,3047,"Joseph Ledoux is a neuroscientist whose research is primarily focused on survival circuits, including their impacts on emotions such as fear and anxiety. His latest book ""The Deep History of Ourselves: The Four-Billion-Year Story of How We Got Conscious Brains"" is now available.",1394,1:47:17,Tnr4EyTegcs,6437,False,True,"""Joe Rogan Experience"" JRE Joe Rogan podcast MMA comedy stand up funny Freak Party ""JRE #1344"" ""Joe Rogan"" ""Jospeh LeDoux"" comedian brain ""split brain"" amygdala neuroscience",6437,16321,public,4.0,0.0,https://i.ytimg.com/vi/Tnr4EyTegcs/default.jpg,1567116787,,Joe Rogan Experience #1344 - Joseph LeDoux,zQUP1qoWDoEbmsQxvdjxgQ,1512699,1567116787000,2019,8,29,1344,1512699,107,Joseph LeDoux
29/08/2019,PowerfulJRE,22,False,11432,"Penn Jillette is a magician, actor, musician, inventor, television personality, and best-selling author best known for his work with fellow magician Teller as half of the team Penn & Teller. Check out his podcast called ""Penn's Sunday School"" available on Apple Podcasts and other platforms.",3688,1:48:06,1OnBVqeW5JA,6486,False,True,"""Joe Rogan Experience"" JRE Joe Rogan podcast MMA comedy stand up funny Freak Party ""JRE #1343"" ""Joe Rogan"" ""Penn Jillette"" ""Penn & Teller"" ""The Apprentice""",6486,45376,public,4.0,0.0,https://i.ytimg.com/vi/1OnBVqeW5JA/default.jpg,1567033980,,Joe Rogan Experience #1343 - Penn Jillette,zQUP1qoWDoEbmsQxvdjxgQ,3422045,1567033980000,2019,8,28,1343,3422045,108,Penn Jillette
26/08/2019,PowerfulJRE,22,False,4086,"Steven Rinella is an outdoorsman, author, and television host. He currently hosts “MeatEater” on the Sportsman Channel & Netflix, and a podcast also called “MeatEater” available on iTunes & Stitcher.",1728,2:16:58,1UsBOOwgq28,8218,False,True,"""Joe Rogan Experience"" JRE Joe Rogan podcast MMA comedy stand up funny Freak Party ""JRE #1341"" ""Joe Rogan"" ""Steve Rinella"" ""Steven Rinella"" ""Meat Eater""",8218,23237,public,4.0,0.0,https://i.ytimg.com/vi/1UsBOOwgq28/default.jpg,1566854753,,Joe Rogan Experience #1341 - Steven Rinella,zQUP1qoWDoEbmsQxvdjxgQ,2198185,1566854753000,2019,8,26,1341,2198185,136,Steven Rinella
26/08/2019,PowerfulJRE,22,False,3768,"John Nores has served as a game warden with the California Dept. of Fish and Wildlife. There he co-developed the Marijuana Enforcement Team (MET) and Delta Team, the CDFW's first comprehensive wilderness spec ops tactical and sniper unit, aimed at combatting the marijuana cartel's decimation of California's wildlife resources.",1248,2:04:11,avZpWVEpiV8,7451,False,True,"""Joe Rogan Experience"" JRE Joe Rogan podcast MMA comedy stand up funny Freak Party ""JRE #1340"" 1340 ""Joe Rogan"" ""John Nores"" ""Hidden War"" ""Game Warden"" ""Grow Op"" California ""National Parks""",7451,17363,public,4.0,0.0,https://i.ytimg.com/vi/avZpWVEpiV8/default.jpg,1566447416,,Joe Rogan Experience #1340 - John Nores,zQUP1qoWDoEbmsQxvdjxgQ,1374611,1566447416000,2019,8,22,1340,1374611,124,John Nores
21/08/2019,PowerfulJRE,22,False,5303,"Everlast is a Grammy Award-winning American rapper, singer, and songwriter. His new project “Everlast presents Whitey Ford’s House of Pain” is available now on streaming services and for purchase here: https://fanlink.to/wfhop",1680,3:13:25,p6Dp0KJzMPI,11605,False,True,"""Joe Rogan Experience"" JRE Joe Rogan podcast MMA comedy stand up funny Freak Party ""Joe Rogan"" Everlast ""Whitey Ford"" ""House of Pain"" ""Jump Around"" ""JRE #1339""",11605,15713,public,4.0,0.0,https://i.ytimg.com/vi/p6Dp0KJzMPI/default.jpg,1566445102,,Joe Rogan Experience #1339 - Everlast,zQUP1qoWDoEbmsQxvdjxgQ,1559696,1566445102000,2019,8,22,1339,1559696,193,Everlast
21/08/2019,PowerfulJRE,22,False,2260,"Roy Wood Jr. is a comedian, writer, and actor. He has served as a correspondent for The Daily Show on Comedy Central since 2015.",803,2:50:20,Iaf5g9oT0mA,10220,False,True,"""Joe Rogan Experience"" JRE Joe Rogan podcast MMA comedy stand up funny Freak Party ""JRE #1338"" 1338",10220,11147,public,4.0,0.0,https://i.ytimg.com/vi/Iaf5g9oT0mA/default.jpg,1566341450,,Joe Rogan Experience #1338 - Roy Wood Jr,zQUP1qoWDoEbmsQxvdjxgQ,914568,1566341450000,2019,8,20,1338,914568,170,Roy Wood Jr
20/08/2019,PowerfulJRE,22,False,27894,Dan Crenshaw is a politician and former United States Navy SEAL officer serving as the U.S. Representative for Texas's 2nd congressional district since 2019.,10141,2:36:11,MIWrmgPNUqQ,9371,False,True,"""Joe Rogan Experience"" JRE Joe Rogan podcast MMA comedy stand up funny Freak Party ""Joe Rogan"" ""Rep. Dan Crenshaw"" ""Dan Crenshaw"" ""Navy SEAL"" comedian ""JRE #1337"" 1337",9371,64995,public,4.0,0.0,https://i.ytimg.com/vi/MIWrmgPNUqQ/default.jpg,1566262019,,Joe Rogan Experience #1337 - Dan Crenshaw,zQUP1qoWDoEbmsQxvdjxgQ,3902205,1566262019000,2019,8,20,1337,3902205,156,Dan Crenshaw
19/08/2019,PowerfulJRE,22,False,4840,"Legion Of Skanks has been called “the most offensive podcast on Earth” and the hosts and creators are stand up comedians - Big Jay Oakerson, Luis J. Gomez, and Dave Smith. https://gasdigitalnetwork.com/gdn-show-channels/legion-of-skanks/",1856,2:49:46,7q44OJasErI,10186,False,True,"""Joe Rogan Experience"" JRE Joe Rogan podcast MMA comedy stand up funny Freak Party ""Joe Rogan"" ""JRE #1336"" ""Legion of Skanks"" ""Big Jay Oakerson"" ""Dave Smith"" ""Luis J Gomez"" comedian Skankfest",10186,20062,public,4.0,0.0,https://i.ytimg.com/vi/7q44OJasErI/default.jpg,1565818017,,Joe Rogan Experience #1336 - Legion of Skanks,zQUP1qoWDoEbmsQxvdjxgQ,2031666,1565818017000,2019,8,14,1336,2031666,169,Legion of Skanks
14/08/2019,PowerfulJRE,22,False,5763,"Jim Gaffigan is an actor and stand up comedian. His new stand up special ""Quality Time"" will premiere August 16th on Amazon Prime.",2276,1:43:58,yx7EjrIrOng,6238,False,True,"""Joe Rogan Experience"" JRE Joe Rogan podcast MMA comedy stand up funny Freak Party ""JRE #1335"" 1335 ""Joe Rogan"" ""Jim Gaffigan"" ""Amazon Prime"" ""Quality Time"" comedian",6238,26137,public,4.0,0.0,https://i.ytimg.com/vi/yx7EjrIrOng/default.jpg,1565767674,,Joe Rogan Experience #1335 - Jim Gaffigan,zQUP1qoWDoEbmsQxvdjxgQ,2362605,1565767674000,2019,8,14,1335,2362605,103,Jim Gaffigan
14/08/2019,PowerfulJRE,22,False,2318,"Fahim Anwar is an actor and stand up comedian. Check out his special on Amazon called ""Fahim Anwar: There's No Business Like Show Business"".


**Recording Note: The recording/encoding of this file was corrupted and slight sync/speed issues exist. (Audio Fixed - Reupload)**",991,2:43:14,nV3miitxG08,9794,False,True,"""Joe Rogan Experience"" JRE Joe Rogan podcast MMA comedy stand up funny Freak Party ""Joe Rogan"" ""JRE #1334"" ""Fahim Anwar"" Goatface",9794,7747,public,4.0,0.0,https://i.ytimg.com/vi/nV3miitxG08/default.jpg,1565657455,,Joe Rogan Experience #1334 - Fahim Anwar,zQUP1qoWDoEbmsQxvdjxgQ,877385,1565657455000,2019,8,13,1334,877385,163,Fahim Anwar
12/08/2019,PowerfulJRE,22,False,4366,"Tom Papa is a comedian, actor, writer and television/radio host. Check out his new show with Fortune Feimster called ""What A Joke"" available on SiriusXM.",1877,3:22:48,ck5dsmTs3K4,12168,False,True,"""Joe Rogan Experience"" JRE Joe Rogan podcast MMA comedy stand up funny Freak Party ""Tom Papa"" ""Joe Rogan"" ""JRE #1333"" 1333 comedian jokes ""stand up""",12168,13860,public,4.0,0.0,https://i.ytimg.com/vi/ck5dsmTs3K4/default.jpg,1565224305,,Joe Rogan Experience #1333 - Tom Papa,zQUP1qoWDoEbmsQxvdjxgQ,1617657,1565224305000,2019,8,8,1333,1617657,202,Tom Papa
07/08/2019,PowerfulJRE,22,False,6424,"Annie Lederman is a stand up comedian. She is also the host of ""MEANSPIRATION"" podcast on All Things Comedy.",3436,1:59:38,xyE_w00AYXw,7178,False,True,"""Joe Rogan Experience"" JRE Joe Rogan podcast MMA comedy stand up funny Freak Party ""Annie Lederman"" ""Joe Rogan"" ""JRE #1332"" MEANSPIRATION ""All Things Comedy"" comedian jokes",7178,19020,public,4.0,0.0,https://i.ytimg.com/vi/xyE_w00AYXw/default.jpg,1565128058,,Joe Rogan Experience #1332 - Annie Lederman,zQUP1qoWDoEbmsQxvdjxgQ,1961566,1565128058000,2019,8,6,1332,1961566,119,Annie Lederman
06/08/2019,PowerfulJRE,22,False,199508,Bernie Sanders is a 2020 Presidential Candidate of the Democratic Party and is currently serving as the U.S. Senator of Vermont. https://berniesanders.com/,47073,1:07:42,2O-iLk1G_ng,4062,False,True,"""Joe Rogan Experience"" JRE Joe Rogan podcast MMA comedy stand up funny Freak Party ""JRE #1330"" 1330 ""Bernie Sanders"" ""Presidential Election 2020"" ""Joe Rogan""",4062,425368,public,4.0,0.0,https://i.ytimg.com/vi/2O-iLk1G_ng/default.jpg,1564702874,,Joe Rogan Experience #1330 - Bernie Sanders,zQUP1qoWDoEbmsQxvdjxgQ,13085595,1564702874000,2019,8,1,1330,13085595,67,Bernie Sanders
01/08/2019,PowerfulJRE,22,False,3690,"Brian Moses is a stand up comedian, writer, producer, and host. He is the host of ""Roast Battle"" which can be seen on Comedy Central and every Tuesday night at The Comedy Store in Los Angeles.",1261,3:13:16,-VZEcwBCNwM,11596,False,True,"""Joe Rogan Experience"" JRE Joe Rogan podcast MMA comedy stand up funny Freak Party ""JRE #1329"" 1329 ""Brian Moses"" ""Joe Rogan"" ""Roast Battle"" ""The Comedy Store"" ""Ultimate Fighting Championship""",11596,10907,public,4.0,0.0,https://i.ytimg.com/vi/-VZEcwBCNwM/default.jpg,1564536577,,Joe Rogan Experience #1329 - Brian Moses,zQUP1qoWDoEbmsQxvdjxgQ,1173184,1564536577000,2019,7,31,1329,1173184,193,Brian Moses
30/07/2019,PowerfulJRE,22,False,5586,"Whitney Cummings is a stand up comedian, actress, writer, and producer. Check out her new stand up special ""Can I Touch It?"" that is now streaming on Netflix.",4572,2:13:12,9hhc90mpKNc,7992,False,True,"""Joe Rogan Experience"" JRE Joe Rogan podcast MMA comedy stand up funny Freak Party #1328 ""Whitney Cummings"" ""Joe Rogan"" ""JRE #1328""",7992,19338,public,4.0,0.0,https://i.ytimg.com/vi/9hhc90mpKNc/default.jpg,1564536120,,Joe Rogan Experience #1328 - Whitney Cummings,zQUP1qoWDoEbmsQxvdjxgQ,1437796,1564536120000,2019,7,31,1328,1437796,133,Whitney Cummings
30/07/2019,PowerfulJRE,22,False,6490,"Mike Baker is a former CIA covert operations officer. Currently he is the president of Diligence LLC, a global intelligence and security firm.",2970,2:14:35,nhBePYuPZ9E,8075,False,True,"""Joe Rogan Experience"" JRE Joe Rogan podcast MMA comedy stand up funny Freak Party ""JRE #1327"" ""Mike Baker"" ""Joe Rogan""",8075,21880,public,4.0,0.0,https://i.ytimg.com/vi/nhBePYuPZ9E/default.jpg,1564442711,,Joe Rogan Experience #1327 - Mike Baker,zQUP1qoWDoEbmsQxvdjxgQ,2089794,1564442711000,2019,7,29,1327,2089794,134,Mike Baker
29/07/2019,PowerfulJRE,22,False,10571,"Maynard James Keenan is a singer, songwriter, producer, winemaker, and actor, best known as the vocalist for Grammy Award-winning rock band Tool, Puscifer, and A Perfect Circle. Look for TOOL's catalog coming to streaming services on August 2 and their new album ""FEAR INOCULUM"" releases on August 30.",2433,1:42:39,9-w-LFBw8Co,6159,False,True,"""Joe Rogan Experience"" JRE Joe Rogan podcast MMA comedy stand up funny Freak Party ""Joe Rogan"" TOOL ""Fear Inoculum"" ""Maynard James Keenan"" ""A Perfect Circle"" wine Arizona UFC ""Ultimate Fighting CHampionship"" ""JRE #1326"" 1326",6159,46619,public,4.0,0.0,https://i.ytimg.com/vi/9-w-LFBw8Co/default.jpg,1563992424,,Joe Rogan Experience #1326 - Maynard James Keenan,zQUP1qoWDoEbmsQxvdjxgQ,2758813,1563992424000,2019,7,24,1326,2758813,102,Maynard James Keenan
18/06/2019,PowerfulJRE,22,False,16581,"Duncan Trussell is a stand-up comedian, and host of his own podcast “The Duncan Trussell Family Hour”.",3235,2:54:53,RD-9Ghvt480,10493,False,True,"""Joe Rogan Experience"" JRE Joe Rogan podcast MMA comedy stand up funny Freak Party ""JRE #1313"" 1313 ""Joe Rogan"" ""Duncan Trussell"" comedian ""Ultimate Fighting Championship""",10493,55996,public,4.0,0.0,https://i.ytimg.com/vi/RD-9Ghvt480/default.jpg,1562913855,,Joe Rogan Experience #1313 - Duncan Trussell,zQUP1qoWDoEbmsQxvdjxgQ,3640771,1562913855000,2019,7,12,1313,3640771,174,Duncan Trussell
24/07/2019,PowerfulJRE,22,False,21818,"Dr. Cornel West is a philosopher, political activist, social critic, author, and public intellectual. He is Professor of the Practice of Public Philosophy at Harvard University and holds the title of Professor Emeritus at Princeton University. He has also taught at Union Theological Seminary, Yale, Harvard, and the University of Paris.",6556,1:58:21,ViWvAnvT17c,7101,False,True,"""Joe Rogan Experience"" JRE Joe Rogan podcast MMA comedy stand up funny Freak Party ""Joe Rogan"" ""JRE #1325"" ""Dr. Cornel West"" ""Cornel West""",7101,74292,public,4.0,0.0,https://i.ytimg.com/vi/ViWvAnvT17c/default.jpg,1562894846,,Joe Rogan Experience #1325 - Dr. Cornel West,zQUP1qoWDoEbmsQxvdjxgQ,3078902,1562894846000,2019,7,12,1325,3078902,118,Dr. Cornel West
11/07/2019,PowerfulJRE,22,False,3627,"Ian Edwards is a stand up comedian and also hosts his own podcast called “Soccer Comic Rant” on iTunes/Stitcher. His new special ""Bill Burr presents Ian Talk: Ideas Not Worth Spreading"" premieres July 12 on Comedy Central.",1028,2:30:31,6g5UqgSdA9o,9031,False,True,"""Joe Rogan Experience"" JRE Joe Rogan podcast MMA comedy stand up funny Freak Party ""Joe Rogan"" ""Ian Edwards"" ""Ian Talk"" ""Bill Burr presents"" ""JRE #1324"" 1324 comedian ""Comedy Central"" ""Ultimate Fighting Championship""",9031,10888,public,4.0,0.0,https://i.ytimg.com/vi/6g5UqgSdA9o/default.jpg,1562794025,,Joe Rogan Experience #1324 - Ian Edwards,zQUP1qoWDoEbmsQxvdjxgQ,1308527,1562794025000,2019,7,10,1324,1308527,150,Ian Edwards
10/07/2019,PowerfulJRE,22,False,23039,"Andy Ngo is a political journalist best known for covering street protests in Portland, Oregon. He has written columns in The Wall Street Journal, the New York Post and National Review, amongst others, and is an editor for Quillette.",5326,1:19:46,cI2EHMy1lgs,4786,False,True,"""Joe Rogan Experience"" JRE Joe Rogan podcast MMA comedy stand up funny Freak Party ""Joe Rogan"" ""Andy Ngo"" ""JRE #1323"" 1323 Portland Antifa Protest",4786,44470,public,4.0,0.0,https://i.ytimg.com/vi/cI2EHMy1lgs/default.jpg,1562714331,,Joe Rogan Experience #1323 - Andy Ngo,zQUP1qoWDoEbmsQxvdjxgQ,2183142,1562714331000,2019,7,9,1323,2183142,79,Andy Ngo
09/07/2019,PowerfulJRE,22,False,5138,"Reggie Watts is a musician, singer, beatboxer, actor, and comedian. His improvised musical sets are created using only his voice, a keyboard, and a looping machine. He is also currently the announcer and band leader on The Late Late Show with James Corden.",1356,2:24:13,GW2si8__T7c,8653,False,True,"""Joe Rogan Experience"" JRE Joe Rogan podcast MMA comedy stand up funny Freak Party ""Joe Rogan"" UFC ""Ultimate FIghting Championship"" comedian jokes ""Reggie Watts""",8653,16476,public,4.0,0.0,https://i.ytimg.com/vi/GW2si8__T7c/default.jpg,1562625923,,Joe Rogan Experience #1322 - Reggie Watts,zQUP1qoWDoEbmsQxvdjxgQ,1374813,1562625923000,2019,7,8,1322,1374813,144,Reggie Watts
08/07/2019,PowerfulJRE,22,False,8306,"Robert Oberst is a professional strongman who competes yearly in The World's Strongest Man competition. He's can also be seen on the History Channel's ""The Strongest Man In History"" premiering July 10 at 10pm ET.",2390,2:55:44,pTZm0Y_G78M,10544,False,True,"""Joe Rogan Experience"" JRE Joe Rogan podcast MMA comedy stand up funny Freak Party ""Joe Rogan"" ""Robert Oberst"" ""The Stongest Man In History"" ""World's Strongest Man"" Thor ""The Mountain"" UFC ""Ultimate Fighting Championship"" ""JRE #1321""",10544,40548,public,4.0,0.0,https://i.ytimg.com/vi/pTZm0Y_G78M/default.jpg,1562192995,,Joe Rogan Experience #1321 - Robert Oberst,zQUP1qoWDoEbmsQxvdjxgQ,2802770,1562192995000,2019,7,3,1321,2802770,175,Robert Oberst
03/07/2019,PowerfulJRE,22,False,13209,"Eric Weinstein is a mathematician and economist, and he is also the managing director at Thiel Capital. His new podcast  ""The Portal"" is available now on Apple Podcasts & Spotify. https://podcasts.apple.com/us/podcast/the-portal/id1469999563",4766,3:28:12,_EWCN3CPhTI,12492,False,True,"""Joe Rogan Experience"" JRE Joe Rogan podcast MMA comedy stand up funny Freak Party ""JRE #1320"" ""Joe Rogan"" ""Eric Weinstein"" ""Ultimate Fighting Championship""",12492,45004,public,4.0,0.0,https://i.ytimg.com/vi/_EWCN3CPhTI/default.jpg,1562018570,,Joe Rogan Experience #1320 - Eric Weinstein,zQUP1qoWDoEbmsQxvdjxgQ,4011339,1562018570000,2019,7,1,1320,4011339,208,Eric Weinstein
01/07/2019,PowerfulJRE,22,False,11068,Joey “CoCo” Diaz is a Cuban-American stand up comedian and actor.  Joey also hosts his own podcast called “The Church of What’s Happening Now”. https://www.youtube.com/channel/UCv695o3i-JmkUB7tPbtwXDA,3582,2:57:41,J1H8vYEi128,10661,False,True,"""Joe Rogan Experience"" JRE Joe Rogan podcast MMA comedy stand up funny Freak Party ""Joe Rogan"" ""Joey Diaz"" ""JRE #1319"" ""Ultimate Fighting Championship"" 1319 comedian",10661,53258,public,4.0,0.0,https://i.ytimg.com/vi/J1H8vYEi128/default.jpg,1561588972,,Joe Rogan Experience #1319 - Joey Diaz,zQUP1qoWDoEbmsQxvdjxgQ,4231488,1561588972000,2019,6,26,1319,4231488,177,Joey Diaz
26/06/2019,PowerfulJRE,22,False,11811,"Hotep Jesus is a tech investor, marketer and author. His book ""Dominate Twitter"" is available on http://bryansharpe.co",6921,2:32:15,cdP3L73yySM,9135,False,True,"""Joe Rogan Experience"" JRE Joe Rogan podcast MMA comedy stand up funny Freak Party ""Hotep Jesus"" ""Joe Rogan"" ""JRE #1318""",9135,21922,public,4.0,0.0,https://i.ytimg.com/vi/cdP3L73yySM/default.jpg,1561517076,,Joe Rogan Experience #1318 - Hotep Jesus,zQUP1qoWDoEbmsQxvdjxgQ,1626379,1561517076000,2019,6,26,1318,1626379,152,Hotep Jesus
25/06/2019,PowerfulJRE,22,False,21575,"Abby Martin is a journalist and host of the “The Empire Files”  — http://theempirefiles.tv The Empire Files documentary ""Gaza Fight For Freedom"" will be available soon. https://www.youtube.com/channel/UCG29FnXZm4F5U8xpqs1cs1Q",13810,2:16:41,O51yryBeNuY,8201,False,True,"""Joe Rogan Experience"" JRE Joe Rogan podcast MMA comedy stand up funny Freak Party",8201,28417,public,3.0,0.0,https://i.ytimg.com/vi/O51yryBeNuY/default.jpg,1561079168,,Joe Rogan Experience #1316 - Abby Martin,zQUP1qoWDoEbmsQxvdjxgQ,2074370,1561079168000,2019,6,21,1316,2074370,136,Abby Martin
20/06/2019,PowerfulJRE,22,False,89196,"Bob Lazar is a physicist who worked at Los Alamos National Laboratory in New Mexico, and also on reverse engineering extraterrestrial technology at a site called S-4 near the Area 51 Groom Lake operating location. Jeremy Corbell is a contemporary artist and documentary filmmaker. Watch the documentary ""Bob Lazar: Area 51 & Flying Saucers"" now streaming on Netflix.",10916,2:14:45,BEWz4SXfyCQ,8085,False,True,"""Joe Rogan Experience"" JRE Joe Rogan podcast MMA comedy stand up funny Freak Party ""Bob Lazar"" ""Area 51"" ""Joe Rogan"" UFOs Disclosure",8085,247993,public,4.0,0.0,https://i.ytimg.com/vi/BEWz4SXfyCQ/default.jpg,1560986639,,Joe Rogan Experience #1315 - Bob Lazar & Jeremy Corbell,zQUP1qoWDoEbmsQxvdjxgQ,12740624,1560986639000,2019,6,19,1315,12740624,134,Bob Lazar & Jeremy Corbell
19/06/2019,PowerfulJRE,22,False,16243,"Charlamagne tha God is a radio presenter, television personality, and author.  Andrew Schulz is a stand up comedian known for his work on Guy Code. Check out their podcast called ""The Brilliant Idiots"" available on Apple Podcasts & YouTube.
https://www.youtube.com/channel/UCLZc32yrTEMxH1ZO-6fKOzA",5213,3:01:47,tiOFmHOjXH0,10907,False,True,"""Joe Rogan Experience"" JRE Joe Rogan podcast MMA comedy stand up funny Freak Party ""JRE #1314"" 1314 ""Joe Rogan"" ""Charlamagne tha God"" ""Andrew Schulz"" ""The Brilliant Idiots"" ""The Breakfast Club""",10907,82139,public,4.0,0.0,https://i.ytimg.com/vi/tiOFmHOjXH0/default.jpg,1560908920,,Joe Rogan Experience #1314 - Charlamagne tha God & Andrew Schulz,zQUP1qoWDoEbmsQxvdjxgQ,5535202,1560908920000,2019,6,19,1314,5535202,181,Charlamagne tha God & Andrew Schulz
11/07/2019,PowerfulJRE,22,False,5589,"Ms. Pat is a comedian, actress, and author. Her new podcast ""The Patdown"" is available now on Apple Podcasts and Google Podcasts. https://www.youtube.com/channel/UCtNp0kiH1jlsfIRF-yDv3gg",1662,1:39:29,IVI5i55NfN4,5969,False,True,"""Joe Rogan Experience"" JRE Joe Rogan podcast MMA comedy stand up funny Freak Party ""Joe Rogan"" ""Ms. Pat"" ""JRE #1312""",5969,38386,public,4.0,0.0,https://i.ytimg.com/vi/IVI5i55NfN4/default.jpg,1559781625,,Joe Rogan Experience #1312 - Ms Pat,zQUP1qoWDoEbmsQxvdjxgQ,1538615,1559781625000,2019,6,6,1312,1538615,99,Ms Pat
05/06/2019,PowerfulJRE,22,False,25021,"David Pakman is a television & radio host, political commentator, and YouTube personality. He is the host of the internationally syndicated political television and talk radio program The David Pakman Show. https://www.youtube.com/channel/UCvixJtaXuNdMPUGdOPcY8Ag",8989,2:05:23,VIlI-Se-pk8,7523,False,True,"""Joe Rogan Experience"" JRE Joe Rogan podcast MMA comedy stand up funny Freak Party ""JRE #1311"" ""David Pakman"" ""David Pakman Show""",7523,37252,public,4.0,0.0,https://i.ytimg.com/vi/VIlI-Se-pk8/default.jpg,1559702445,,Joe Rogan Experience #1311- David Pakman,zQUP1qoWDoEbmsQxvdjxgQ,2343624,1559702445000,2019,6,5,1311,2343624,125,David Pakman
04/06/2019,PowerfulJRE,22,False,9087,"Joe is joined by Ari Shaffir, Tom Segura & Bert Kreischer to discuss this year's Sober October challenge.",2039,3:01:05,-oexK5maDVY,10865,False,True,"""Joe Rogan Experience"" JRE Joe Rogan podcast MMA comedy stand up funny Freak Party ""Joe Rogan"" ""Sober October"" ""Ari Shaffir"" ""Tom Segura"" ""JRE #1310"" 1310",10865,30741,public,4.0,0.0,https://i.ytimg.com/vi/-oexK5maDVY/default.jpg,1559684637,,Joe Rogan Experience #1310 - Sober October 2019 Preview,zQUP1qoWDoEbmsQxvdjxgQ,2799581,1559684637000,2019,6,4,1310,2799581,181,Sober October 2019 Preview
04/06/2019,PowerfulJRE,22,False,9707,"Naval Ravikant is an entrepreneur and angel investor, a co-author of Venture Hacks, and a co-maintainer of AngelList.",2601,2:11:57,3qHkcs3kG44,7917,False,True,"""Joe Rogan Experience"" JRE Joe Rogan podcast MMA comedy stand up funny Freak Party ""Joe Rogan"" ""JRE #1309"" 1309 Naval ""Naval Ravikant"" meditation ""venture capital"" ""Silicon Valley""",7917,90043,public,4.0,0.0,https://i.ytimg.com/vi/3qHkcs3kG44/default.jpg,1559633783,,Joe Rogan Experience #1309 - Naval Ravikant,zQUP1qoWDoEbmsQxvdjxgQ,3991696,1559633783000,2019,6,4,1309,3991696,131,Naval Ravikant
03/06/2019,PowerfulJRE,22,False,18759,"Eddie Bravo is an American Jiu-Jitsu instructor, musician, former UFC analyst, and is the founder of 10th Planet Jiu-Jitsu.",4811,2:59:44,5PxPOz_SZC8,10784,False,True,"""Joe Rogan Experience"" JRE Joe Rogan podcast MMA comedy stand up funny Freak Party ""Joe Rogan"" ""Eddie Bravo"" ""JRE #1308"" 1308",10784,41593,public,4.0,0.0,https://i.ytimg.com/vi/5PxPOz_SZC8/default.jpg,1559341351,,Joe Rogan Experience #1308 - Eddie Bravo,zQUP1qoWDoEbmsQxvdjxgQ,3498223,1559341351000,2019,5,31,1308,3498223,179,Eddie Bravo
31/05/2019,PowerfulJRE,22,False,4042,Greg Fitzsimmons is a writer and stand-up comedian. He also hosts a podcast with Alison Rosen called “Childish” that is available now on iTunes & Stitcher.,1968,2:33:48,IL0ufqBeoBA,9228,False,True,"""Joe Rogan Experience"" JRE Joe Rogan podcast MMA comedy stand up funny Freak Party ""Joe Rogan"" ""Greg Fitzsimmons"" ""JRE #1307"" ""FItzDog Radio"" ""Childish podcast"" ""Ultimate Fighting Championship"" ""JRE Clips""",9228,12376,public,4.0,0.0,https://i.ytimg.com/vi/IL0ufqBeoBA/default.jpg,1559255123,,Joe Rogan Experience #1307 - Greg Fitzsimmons,zQUP1qoWDoEbmsQxvdjxgQ,1298674,1559255123000,2019,5,30,1307,1298674,153,Greg Fitzsimmons
30/05/2019,PowerfulJRE,22,False,19988,"Wiz Khalifa is a rapper, singer, songwriter and actor. His new documentary ""Wiz Khalifa: Behind the Cam"" is available now on Apple Music. https://itunes.apple.com/us/show/wiz-khalifa-behind-the-cam/1451759246",4530,2:03:35,fTAPaHcLAhw,7415,False,True,"""Joe Rogan Experience"" JRE Joe Rogan podcast MMA comedy stand up funny Freak Party ""Joe Rogan"" ""Wiz Khalifa"" ""JRE #1306"" ""Taylor Gang"" ""Ultimate Fighting Championship""",7415,110464,public,4.0,0.0,https://i.ytimg.com/vi/fTAPaHcLAhw/default.jpg,1559170109,,Joe Rogan Experience #1306 - Wiz Khalifa,zQUP1qoWDoEbmsQxvdjxgQ,6373082,1559170109000,2019,5,29,1306,6373082,123,Wiz Khalifa
29/05/2019,PowerfulJRE,22,False,5356,"John Witherspoon is a comedian and actor. JD Witherspoon, John's son, is also a comedian and actor. You can see John on his YouTube cooking show ""Cookin' For Poor People"" (https://www.youtube.com/channel/UCJF-73OaZ-Cr0k9_-lpcaXQ). Also check out JD's channel ""runJDrun""  (https://www.youtube.com/runJDrun).",1015,1:44:54,3AzPmYxJwdY,6294,False,True,"""Joe Rogan Experience"" JRE Joe Rogan podcast MMA comedy stand up funny Freak Party ""Joe Rogan"" ""John Witherspoon"" ""JD Witherspoon"" runJDrun ""JRE #1305""",6294,29318,public,4.0,0.0,https://i.ytimg.com/vi/3AzPmYxJwdY/default.jpg,1558654040,,Joe Rogan Experience #1305 - JD & John Witherspoon,zQUP1qoWDoEbmsQxvdjxgQ,1561514,1558654040000,2019,5,23,1305,1561514,104,JD & John Witherspoon
23/05/2019,PowerfulJRE,22,False,8116,"Brendan Schaub is a mixed martial artist, former pro football player, and comedian. He hosts a podcast with Bryan Callen called “The Fighter & The Kid” and ""The King & The Sting"" with Theo Von both available on iTunes. His comedy special ""You'd Be Surprised"" is available now on Showtime.",2860,2:32:17,01Uj1eNnZ8o,9137,False,True,"""Joe Rogan Experience"" JRE Joe Rogan podcast MMA comedy stand up funny Freak Party ""Joe Rogan"" ""Brendan Schaub"" ""JRE #1304"" 1304 ""Ultimate Fighting Championship"" ""stand up"" comedian ""You'd Be Surprised"" ""FIghter & The Kid"" ""The King & The Sting""",9137,24690,public,4.0,0.0,https://i.ytimg.com/vi/01Uj1eNnZ8o/default.jpg,1558591150,,Joe Rogan Experience #1304 - Brendan Schaub,zQUP1qoWDoEbmsQxvdjxgQ,2696029,1558591150000,2019,5,23,1304,2696029,152,Brendan Schaub
22/05/2019,PowerfulJRE,22,False,13179,"Tommy Chong is a Canadian-American actor, writer, director, musician, activist for cannabis-rights and comedian.",7067,1:42:22,4rHLLmQPqLY,6142,False,True,"""Joe Rogan Experience"" JRE Joe Rogan podcast MMA comedy stand up funny Freak Party ""Joe Rogan"" ""Tommy Chong"" ""JRE #1303"" 1303 ""Chong's Choice"" comedian ""Cheech & Chong"" ""Ultimate Fighting Championship""",6142,29109,public,4.0,0.0,https://i.ytimg.com/vi/4rHLLmQPqLY/default.jpg,1558574506,,Joe Rogan Experience #1303 - Tommy Chong,zQUP1qoWDoEbmsQxvdjxgQ,2257002,1558574506000,2019,5,23,1303,2257002,102,Tommy Chong
22/05/2019,PowerfulJRE,22,False,8325,Ed Calderon is a security specialist and combatives instructor with over 10 years experience in public safety along the northern border area of Mexico. Follow him online @EdsManifesto http://edsmanifesto.com,2044,1:43:22,llhb2ymtsw8,6202,False,True,"""Joe Rogan Experience"" JRE Joe Rogan podcast MMA comedy stand up funny Freak Party ""Joe Rogan"" ""Ed Manifesto"" ""Mexico Border"" ""Border Wall"" ""drug trafficking"" ""JRE #1302"" 1302 ""Ultimate Fighting Championship"" ""Ed Calderon""",6202,52605,public,4.0,0.0,https://i.ytimg.com/vi/llhb2ymtsw8/default.jpg,1558478630,,Joe Rogan Experience #1302 - Ed Calderon,zQUP1qoWDoEbmsQxvdjxgQ,3073259,1558478630000,2019,5,21,1302,3073259,103,Ed Calderon
21/05/2019,PowerfulJRE,22,False,4983,"Laird Hamilton is a big-wave surfer, co-inventor of tow-in surfing, and co-founder, with his wife Gabrielle Reece, of XPT Training (Extreme Performance Training).",1305,2:19:15,FYsvhzhAK2g,8355,False,True,"""Joe Rogan Experience"" JRE Joe Rogan podcast MMA comedy stand up funny Freak Party ""Joe Rogan"" ""Laird Hamilton"" ""XPT training"" surfing ""water sports"" ""breath work"" breathing Tummo ""JRE #1301"" ""Ultimate Fighting Championship""",8355,20913,public,4.0,0.0,https://i.ytimg.com/vi/FYsvhzhAK2g/default.jpg,1558394021,,Joe Rogan Experience #1301-  Laird Hamilton,zQUP1qoWDoEbmsQxvdjxgQ,1818754,1558394021000,2019,5,20,1301,1818754,139,Laird Hamilton
20/05/2019,PowerfulJRE,22,False,5100,"Michael Malice is an author and also hosts a podcast called “Your Welcome with Michael Malice” available on the GaS Digital Network. His new book called  ""The New Right"" is available now. http://michaelmalice.com/",1613,3:01:47,PY5PgLBTkbk,10907,False,True,"""Joe Rogan Experience"" JRE Joe Rogan podcast MMA comedy stand up funny Freak Party ""Joe Rogan"" ""Michael Malice"" ""JRE #1300"" 1300 ""Ultimate Fighting Championship"" comedian ""The Far Right""",10907,17155,public,4.0,0.0,https://i.ytimg.com/vi/PY5PgLBTkbk/default.jpg,1558054145,,Joe Rogan Experience #1300 - Michael Malice,zQUP1qoWDoEbmsQxvdjxgQ,1353187,1558054145000,2019,5,17,1300,1353187,181,Michael Malice
16/05/2019,PowerfulJRE,22,False,16184,"Annie Jacobsen is an American investigative journalist, author and 2016 Pulitzer Prize finalist in history. Her latest book ""Surprise, Kill, Vanish: The Secret History of CIA Paramilitary Armies, Operators, and Assassins"" is available now.",7107,2:37:33,5VoVIpIzj_c,9453,False,True,"""Joe Rogan Experience"" JRE Joe Rogan podcast MMA comedy stand up funny Freak Party ""Joe Rogan"" ""Annie Jacobsen"" ""JRE #1299"" 1299 ""Area 51"" DARPA Aliens UFO ""Edgar Mitchell"" Moon AI",9453,38909,public,4.0,0.0,https://i.ytimg.com/vi/5VoVIpIzj_c/default.jpg,1557971119,,Joe Rogan Experience #1299 - Annie Jacobsen,zQUP1qoWDoEbmsQxvdjxgQ,2729877,1557971119000,2019,5,16,1299,2729877,157,Annie Jacobsen
15/05/2019,PowerfulJRE,22,False,4596,"Neal Brennan is a stand-up comedian, actor, writer, director and producer. He is known for co-creating and co-writing “Chappelle’s Show” with Dave Chappelle. Check out his podcast ""How Neal Feel"" available on Apple Podcasts & Stitcher.",2286,2:21:12,oOpQnnGyDfQ,8472,False,True,"""Joe Rogan Experience"" JRE Joe Rogan podcast MMA comedy stand up funny Freak Party ""JRE #1298"" 1298 ""Joe Rogan"" ""Neal Brennan"" ""How Neal Feel"" ""3 Mics"" ""Chappelle Show"" ""Ultimate Fighting Championship""",8472,15677,public,4.0,0.0,https://i.ytimg.com/vi/oOpQnnGyDfQ/default.jpg,1557957182,,Joe Rogan Experience #1298 - Neal Brennan,zQUP1qoWDoEbmsQxvdjxgQ,1856353,1557957182000,2019,5,15,1298,1856353,141,Neal Brennan
15/05/2019,PowerfulJRE,22,False,2343,Phil Demers is a former professional marine mammal trainer and employee at Marineland in Canada. http://savesmooshi.com,797,1:34:57,QmfFbwZcVx4,5697,False,True,"""Joe Rogan Experience"" JRE Joe Rogan podcast MMA comedy stand up funny Freak Party Smooshi ""Smooshi the Walrus"" ""Walrus Whisperer"" ""Phil Demers"" Marineland ""JRE #1297"" 1297 ""Joe Rogan"" ""Ultimate Fighting Championship""",5697,10968,public,4.0,0.0,https://i.ytimg.com/vi/QmfFbwZcVx4/default.jpg,1557897696,,Joe Rogan Experience #1297 - Phil Demers,zQUP1qoWDoEbmsQxvdjxgQ,768721,1557897696000,2019,5,15,1297,768721,94,Phil Demers
14/05/2019,PowerfulJRE,22,False,2455,"Joe List is a stand up comedian. He co-hosts a podcast called ""Tuesdays w/Stories"" with Mark Normand. You can also see him on ""The Standups"" Season 2 now streaming on Netflix.",765,2:25:55,uRjOsCftRJ0,8755,False,True,"""Joe Rogan Experience"" JRE Joe Rogan podcast MMA comedy stand up funny Freak Party",8755,8246,public,4.0,0.0,https://i.ytimg.com/vi/uRjOsCftRJ0/default.jpg,1557865948,,Joe Rogan Experience #1296 - Joe List,zQUP1qoWDoEbmsQxvdjxgQ,866185,1557865948000,2019,5,14,1296,866185,145,Joe List
13/05/2019,PowerfulJRE,22,False,32234,Tulsi Gabbard is a 2020 Presidential Candidate of the Democratic Party and is currently serving as the U.S. Representative for Hawaii’s 2nd congressional district since 2013. https://www.tulsi2020.com/,6395,2:34:48,kR8UcnwLH24,9288,False,True,"""Joe Rogan Experience"" JRE Joe Rogan podcast MMA comedy stand up funny Freak Party ""JRE #1295"" 1295 ""Tulsi Gabbard""",9288,65588,public,4.0,0.0,https://i.ytimg.com/vi/kR8UcnwLH24/default.jpg,1557787871,,Joe Rogan Experience #1295 - Tulsi Gabbard,zQUP1qoWDoEbmsQxvdjxgQ,2903888,1557787871000,2019,5,13,1295,2903888,154,Tulsi Gabbard
09/05/2019,PowerfulJRE,22,False,6356,"Jamie Metzl is a technology futurist and geopolitical expert, novelist, entrepreneur, media commentator, and Senior Fellow of the Atlantic Council. His new book ""Hacking Darwin"" is available now at Barnes & Noble and Amazon. https://hackingdarwin.com/",2072,2:29:11,VBPnjte2UV8,8951,False,True,"""Joe Rogan Experience"" JRE Joe Rogan podcast MMA comedy stand up funny Freak Party ""Joe Rogan"" ""JRE #1294"" ""Jamie Metzl"" ""Hacking Darwin"" evolution science technology ""gene editing"" CRISPR comedian jokes ""Ultimate FIghting Championship""",8951,18016,public,4.0,0.0,https://i.ytimg.com/vi/VBPnjte2UV8/default.jpg,1557442460,,Joe Rogan Experience #1294 - Jamie Metzl,zQUP1qoWDoEbmsQxvdjxgQ,1764098,1557442460000,2019,5,9,1294,1764098,149,Jamie Metzl
08/05/2019,PowerfulJRE,22,False,3861,"Andrew Santino is a stand up comedian and actor. Check out his podcast ""Whiskey Ginger"" available on Apple Podcasts & YouTube.",1282,3:05:56,3Dp4RrpbWqo,11156,False,True,"""Joe Rogan Experience"" JRE Joe Rogan podcast MMA comedy stand up funny Freak Party ""JRE #1293"" 1293 comedian jokes ""Ultimate Fighting Championship"" UFC",11156,14891,public,4.0,0.0,https://i.ytimg.com/vi/3Dp4RrpbWqo/default.jpg,1557361212,,Joe Rogan Experience #1293 - Andrew Santino,zQUP1qoWDoEbmsQxvdjxgQ,1656697,1557361212000,2019,5,9,1293,1656697,185,Andrew Santino
07/05/2019,PowerfulJRE,22,False,7169,Lex Fridman is a research scientist at MIT working on human-centered artificial intelligence and autonomous vehicles.,1844,3:00:16,ikMmkHzlTpk,10816,False,True,"""Joe Rogan Experience"" JRE Joe Rogan podcast MMA comedy stand up funny Freak Party ""Lex Fridman"" ""Joe Rogan"" ""computer learning"" ""machine learning"" AI Tesla cars ""auto pilot"" ""JRE #1292"" 1292",10816,23264,public,4.0,0.0,https://i.ytimg.com/vi/ikMmkHzlTpk/default.jpg,1557270146,,Joe Rogan Experience #1292 - Lex Fridman,zQUP1qoWDoEbmsQxvdjxgQ,2031111,1557270146000,2019,5,7,1292,2031111,180,Lex Fridman
06/05/2019,PowerfulJRE,22,False,5477,"C.T. Fletcher is an ex-powerlifter, actor, video-blogger, and owner of Iron Addict Gym. He is a 3-Time World Bench Press Champion and 3-Time World Strict Curl Champion. http://ctfletcher.com",1170,2:43:42,Q7ctD2TBcmg,9822,False,True,"""Joe Rogan Experience"" JRE Joe Rogan podcast MMA comedy stand up funny Freak Party ""CT Fletcher"" ""Joe Rogan"" ""Iron Addicts Gym"" ISYMFS ""Heart Transplant"" ""heart surgery"" comedian jokes ""stand up"" ""Ultimate Fighting Championship"" ""JRE #1291"" 1291",9822,33286,public,4.0,0.0,https://i.ytimg.com/vi/Q7ctD2TBcmg/default.jpg,1557182169,,Joe Rogan Experience #1291 - C.T. Fletcher,zQUP1qoWDoEbmsQxvdjxgQ,2004123,1557182169000,2019,5,6,1291,2004123,163,C.T. Fletcher
03/05/2019,PowerfulJRE,22,False,6145,"Bryan Callen is an actor and stand-up comedian, and together with Brendan Schaub he also hosts “The Fighter & The Kid” podcast. His new stand up special “Complicated Apes” is now available to download on iTunes, Amazon, and various other platforms.",2160,1:44:34,hgdJnpVccWg,6274,False,True,"""Joe Rogan Experience"" JRE Joe Rogan podcast MMA comedy stand up funny Freak Party ""Joe Rogan"" ""Bryan Callen"" ""JRE #1290"" 1290 TFATK ""FIghter & The Kid""",6274,21011,public,4.0,0.0,https://i.ytimg.com/vi/hgdJnpVccWg/default.jpg,1556920831,,Joe Rogan Experience #1290 - Bryan Callen,zQUP1qoWDoEbmsQxvdjxgQ,2059322,1556920831000,2019,5,3,1290,2059322,104,Bryan Callen
02/05/2019,PowerfulJRE,22,False,10137,"Eddie Izzard is a British stand-up comedian, actor, writer and political activist. He's currently on a world tour with his show ""WUNDERBAR"" and can be seen in the US this summer.",5510,2:56:59,3KngXMPhxzg,10619,False,True,"""Joe Rogan Experience"" JRE Joe Rogan podcast MMA comedy stand up funny Freak Party ""Joe Rogan"" ""Eddie Izzard"" ""JRE #1289"" 1289 comedian jokes WUNDERBAR marathons running",10619,29068,public,4.0,0.0,https://i.ytimg.com/vi/3KngXMPhxzg/default.jpg,1556838501,,Joe Rogan Experience #1289 - Eddie Izzard,zQUP1qoWDoEbmsQxvdjxgQ,2202249,1556838501000,2019,5,2,1289,2202249,176,Eddie Izzard
01/05/2019,PowerfulJRE,22,False,2707,"Jon Reep is an American stand-up comedian and actor. Check out his podcast ""Fried with Jon Reep"" available on Apple Podcasts and Soundcloud.",908,2:03:43,UYU-Jdmypmc,7423,False,True,"""Joe Rogan Experience"" JRE Joe Rogan podcast MMA comedy stand up funny Freak Party ""Joe Rogan"" ""Jon Reep"" hemi comedian ""stand up"" UFC ""Ultimate FIghting Chapionship"" ""JRE #1288"" 1288",7423,7868,public,4.0,0.0,https://i.ytimg.com/vi/UYU-Jdmypmc/default.jpg,1556749859,,Joe Rogan Experience #1288 - Jon Reep,zQUP1qoWDoEbmsQxvdjxgQ,906671,1556749859000,2019,5,1,1288,906671,123,Jon Reep
30/04/2019,PowerfulJRE,22,False,6130,Rich Benoit is a car enthusiast who salvages Tesla vehicles typically by combining several cars which have been totaled. Check out his YouTube channel Rich Rebuilds: https://www.youtube.com/channel/UCfV0_wbjG8KJADuZT2ct4SA,1380,2:51:56,qAfWYD7HK9M,10316,False,True,"""Joe Rogan Experience"" JRE Joe Rogan podcast MMA comedy stand up funny Freak Party Tesla repair ""Rich Benoit"" ""Rich Rebuilds"" ""Joe Rogan"" ""JRE #1287"" 1287 comedian cars tech technology ""new tech""",10316,33979,public,4.0,0.0,https://i.ytimg.com/vi/qAfWYD7HK9M/default.jpg,1556668336,,Joe Rogan Experience #1287 - Rich Benoit,zQUP1qoWDoEbmsQxvdjxgQ,2047933,1556668336000,2019,4,30,1287,2047933,171,Rich Benoit
29/04/2019,PowerfulJRE,22,False,6385,"Anthony Jeselnik is a comedian, writer, actor, and producer. His new special ""Anthony Jeselnik: Fire in the Maternity Ward"" will be available streaming on Netflix on April 30.",2182,2:11:22,OU6E31jA1Cc,7882,False,True,"""Joe Rogan Experience"" JRE Joe Rogan podcast MMA comedy stand up funny Freak Party ""Anthony Jeselnik"" ""Joe Rogan"" ""Fire in the Maternity Ward"" Netflix comedian UFC ""Ultimate Fighting Championship""",7882,25972,public,4.0,0.0,https://i.ytimg.com/vi/OU6E31jA1Cc/default.jpg,1556576419,,Joe Rogan Experience #1286 - Anthony Jeselnik,zQUP1qoWDoEbmsQxvdjxgQ,2707991,1556576419000,2019,4,29,1286,2707991,131,Anthony Jeselnik
23/04/2019,PowerfulJRE,22,False,5383,"B-Real is a rapper and actor. He is the lead rapper in the hip hop group Cypress Hill and one of two rappers in the rap rock supergroup Prophets of Rage. Also check out his show ""The Smoke Box"" on BReal.tv & YouTube. http://breal.tv/",1338,2:18:01,Jo61b3Ex6Ag,8281,False,True,"""Joe Rogan Experience"" JRE Joe Rogan podcast MMA comedy stand up funny Freak Party ""Joe Rogan"" ""Cypress Hill"" B-Real ""Insane In The Brain"" UFC comedian ""Ultimate Fighting Championship""",8281,22390,public,4.0,0.0,https://i.ytimg.com/vi/Jo61b3Ex6Ag/default.jpg,1556058036,,Joe Rogan Experience #1285 - B-Real,zQUP1qoWDoEbmsQxvdjxgQ,1736440,1556058036000,2019,4,23,1285,1736440,138,B
22/04/2019,PowerfulJRE,22,False,25159,"Graham Hancock is an English author and journalist, well known for books such as “Fingerprints Of The Gods” & “Magicians of the Gods”. His new book ""America Before"" comes on out April 23. http://grahamhancock.com/",6312,2:45:29,Rxmw9eizOAo,9929,False,True,"""Joe Rogan Experience"" JRE Joe Rogan podcast MMA comedy stand up funny Freak Party ""JRE #1284"" 1284 ""Graham Hancock"" ""Joe Rogan"" UFC ""Ultimate Fighting Championship"" ""America Before"" ""Lost Civilizations"" ""Fingerprints of the Gods""",9929,140146,public,4.0,0.0,https://i.ytimg.com/vi/Rxmw9eizOAo/default.jpg,1555977454,,Joe Rogan Experience #1284 - Graham Hancock,zQUP1qoWDoEbmsQxvdjxgQ,9301053,1555977454000,2019,4,22,1284,9301053,165,Graham Hancock
19/04/2019,PowerfulJRE,22,False,17371,"Russell Brand is an English comedian, actor, radio host, author, and activist. His new book “Mentors” is available now, and his podcast called “Under The Skin” is available on Luminary.
https://www.russellbrand.com/",5625,3:20:03,rY5jCvRHEFk,12003,False,True,"""Joe Rogan Experience"" JRE Joe Rogan podcast MMA comedy stand up funny Freak Party ""Joe Rogan"" ""Russell Brand"" Mentors Luminary",12003,99544,public,4.0,0.0,https://i.ytimg.com/vi/rY5jCvRHEFk/default.jpg,1555715785,,Joe Rogan Experience #1283 - Russell Brand,zQUP1qoWDoEbmsQxvdjxgQ,7873848,1555715785000,2019,4,19,1283,7873848,200,Russell Brand
16/04/2019,PowerfulJRE,22,False,30599,"Adam Conover is a stand up comedian, writer, and television host. He is the creator and host of the show ""Adam Ruins Everything"" on truTV.",31637,2:47:13,JHmktXPdOrQ,10033,False,True,"""Joe Rogan Experience"" JRE Joe Rogan podcast MMA comedy stand up funny Freak Party ""Adam Ruins Everything"" ""Adam Conover"" ""Joe Rogan"" UFC ""Ultimate Fighting Championship"" comedians jokes",10033,23865,public,2.0,0.0,https://i.ytimg.com/vi/JHmktXPdOrQ/default.jpg,1555476146,,Joe Rogan Experience #1282 - Adam Conover,zQUP1qoWDoEbmsQxvdjxgQ,1893484,1555476146000,2019,4,17,1282,1893484,167,Adam Conover
10/04/2019,PowerfulJRE,22,False,1752,"Tom Papa is a comedian, actor, writer and television/radio host. His podcast “Come To Papa” is available through All Things Comedy on iTunes.",1025,2:31:28,mgLAhLzw2s8,9088,False,True,"""Joe Rogan Experience"" podcast JRE ""Joe Rogan"" ""JRE #1281"" ""Tom Papa"" comedy comedian jokes ""stand up"" funny mma UFC ""Ultimate Fighting Championship""",9088,10826,public,4.0,0.0,https://i.ytimg.com/vi/mgLAhLzw2s8/default.jpg,1555378487,,Joe Rogan Experience #1281 - Tom Papa,zQUP1qoWDoEbmsQxvdjxgQ,1066351,1555378487000,2019,4,16,1281,1066351,151,Tom Papa
08/04/2019,PowerfulJRE,22,False,2593,"Michael Yo is a stand up comedian. His new stand up special ""Blasian"" is available now on Amazon Prime.",1320,3:00:31,aFlAD18qltw,10831,False,True,"""Joe Rogan Experience"" podcast ""Joe Rogan"" JRE ""JRE #1280"" 1280 ""Michael Yo"" comedy comedian jokes ""stand up"" funny laugh mma UFC ""Ultimate Fighting Championship""",10831,13323,public,4.0,0.0,https://i.ytimg.com/vi/aFlAD18qltw/default.jpg,1554848473,,Joe Rogan Experience #1280 - Michael Yo,zQUP1qoWDoEbmsQxvdjxgQ,1287700,1554848473000,2019,4,9,1280,1287700,180,Michael Yo
06/04/2019,PowerfulJRE,22,False,4283,"Jessimae Peluso is a stand-up comedian and television personality. Checkout her podcast called ""Sharp Tongue"" available on iTunes & Stitcher.",3531,2:27:41,JM-GwDh73Wc,8861,False,True,"""Joe Rogan Experience"" podcast ""JRE #1279"" 1279 ""Joe Rogan"" ""Jessimae Peluso"" ""GIrl Code"" comedy comedian ""stand up"" funny jokes laugh mma UFC ""Ultimate Fighting Championship""",8861,14290,public,4.0,0.0,https://i.ytimg.com/vi/JM-GwDh73Wc/default.jpg,1554751836,,Joe Rogan Experience #1279 - Jessimae Peluso,zQUP1qoWDoEbmsQxvdjxgQ,1494576,1554751836000,2019,4,8,1279,1494576,147,Jessimae Peluso
06/04/2019,PowerfulJRE,22,False,15635,"Kevin Hart is a comedian, actor and producer. His new stand up special ""Kevin Hart: Irresponsible"" is now streaming on Netflix.",6921,2:04:52,XW_KhFq4LQo,7492,False,True,"""Joe Rogan Experience"" podcast ""JRE #1278"" 1278 ""Kevin Hart"" ""Joe Rogan"" comedy comedian jokes ""stand up"" funny mma UFC ""Ultimate Fighting Championship"" Irresponsible Netflix",7492,191650,public,4.0,0.0,https://i.ytimg.com/vi/XW_KhFq4LQo/default.jpg,1554589849,,Joe Rogan Experience #1278 - Kevin Hart,zQUP1qoWDoEbmsQxvdjxgQ,11011671,1554589849000,2019,4,6,1278,11011671,124,Kevin Hart
03/04/2019,PowerfulJRE,22,False,2755,"Gabrielle Reece is a world-renowned athlete, TV personality, New York Times bestselling author, and model. Together with her husband Laird, they launched a new all-encompassing fitness program called XPT. http://www.xptlife.com",1087,2:29:01,zTHahHrdaZw,8941,False,True,"""Joe Rogan Experience"" ""Joe Rogan"" ""JRE #1277"" 1277 ""Gabby Reece"" ""Gabrielle Reece"" podcast comedy comedian jokes ""stand up"" funny mma UFC ""Ultimate Fighting Championship"" Hawaii ""living in hawaii"" Lanai Maui islands ""Laird Hamilton"" surfing",8941,18968,public,4.0,0.0,https://i.ytimg.com/vi/zTHahHrdaZw/default.jpg,1554333071,,Joe Rogan Experience #1277 - Gabrielle Reece,zQUP1qoWDoEbmsQxvdjxgQ,1399733,1554333071000,2019,4,3,1277,1399733,149,Gabrielle Reece
02/04/2019,PowerfulJRE,22,False,26050,"Ben Shapiro is editor-in-chief of the Daily Wire, syndicated columnist, and host of “The Ben Shapiro Show” is available on SoundCloud and iTunes. His new book ""The Right Side Of History"" is available now everywhere.",11563,2:34:20,sCD9zjf_YRU,9260,False,True,"""Joe Rogan Experience"" podcast ""Joe Rogan"" ""JRE #1277"" 1277 ""Ben Shapiro"" comedy comedian jokes ""stand up"" funny mma UFC ""Ultimate Fighting Championship""",9260,143498,public,4.0,0.0,https://i.ytimg.com/vi/sCD9zjf_YRU/default.jpg,1554330711,,Joe Rogan Experience #1276 - Ben Shapiro,zQUP1qoWDoEbmsQxvdjxgQ,9633322,1554330711000,2019,4,3,1276,9633322,154,Ben Shapiro
28/03/2019,PowerfulJRE,22,False,1824,"Luis J. Gomez is a stand up comedian and producer. He's part of the Legion of Skanks and also co-hosts ""Believe You Me"" podcast with Michael Bisping. His new special ""Luis J. Gomez Presents Luis J. Gomez"" is now available for download. https://www.luisjgomezpresentsluisjgomez.com/",1186,2:56:04,x2j5JH8Lcuo,10564,False,True,"""Joe Rogan Experience"" podcast ""Joe Rogan"" ""JRE #1275"" 1275 ""Luis J. Gomez"" ""Legion of Skanks"" BYM ""Believe You Me"" comedian comedy jokes ""stand up"" funny mma UFC ""Ultimate Fighting Championship""",10564,11134,public,4.0,0.0,https://i.ytimg.com/vi/x2j5JH8Lcuo/default.jpg,1554254313,,Joe Rogan Experience #1275 - Luis J. Gomez,zQUP1qoWDoEbmsQxvdjxgQ,980846,1554254313000,2019,4,3,1275,980846,176,Luis J. Gomez
26/03/2019,PowerfulJRE,22,False,1709,"Ron Funches is a comedian, actor and writer. His new special ""Giggle Fit"" is available now to download via Comedy Central, Amazon, and iTunes.",914,2:16:29,YBS0tQn15cM,8189,False,True,"""Joe Rogan Experience"" podcast ""JRE #1273"" 1273 ""Joe Rogan"" ""Ron Funches"" ""Giggle Fit"" comedy comedian jokes ""stand up"" funny mma UFC ""ultimate Fighting Championship""",8189,9915,public,4.0,0.0,https://i.ytimg.com/vi/YBS0tQn15cM/default.jpg,1553653474,,Joe Rogan Experience #1273 - Ron Funches,zQUP1qoWDoEbmsQxvdjxgQ,970130,1553653474000,2019,3,27,1273,970130,136,Ron Funches
25/03/2019,PowerfulJRE,22,False,3718,"Dr. Lindsey Fitzharris is an author and medical historian. She is the creator of the popular blog, The Chirurgeon's Apprentice and the host of the YouTube video series Under the Knife. Her book ""The Butchering Art: Joseph Lister's Quest to Transform the Grisly World of Victorian Medicine"" is available now via Amazon.

https://www.youtube.com/user/UnderTheKnifeShow",1086,1:48:36,uT48whuAaCw,6516,False,True,"""Joe Rogan Experience"" podcast ""JRE #1272"" 1272 ""Joe Rogan"" ""Lindsey Fitzharris"" surgery ""18th century medicine"" comedy comedian jokes funny ""stand up"" mma UFC ""Ultimate Fighting Championship"" ""medical history""",6516,25070,public,4.0,0.0,https://i.ytimg.com/vi/uT48whuAaCw/default.jpg,1553649900,,Joe Rogan Experience #1272 - Lindsey Fitzharris,zQUP1qoWDoEbmsQxvdjxgQ,1544381,1553649900000,2019,3,27,1272,1544381,108,Lindsey Fitzharris
25/03/2019,PowerfulJRE,22,False,2175,"Billy Corben is a documentary producer and director, best known for his films “Cocaine Cowboys ” & “Cocaine Cowboys 2″ and also “Broke” & “The U” for ESPN’s 30 for 30 series. His latest film ""Screwball"" releases in theaters on March 29, and VOD will be available on April 5.",1801,2:08:50,mDm5YXIal48,7730,False,True,"""Joe Rogan Experience"" podcast ""JRE #1271"" 1271 ""Joe Rogan"" ""Billy Corben"" Screwball Documentary ""Alex Rodriguez"" MLB steroids Biogenesis comedy comedian jokes ""stand up"" funny MMA UFC ""Ultimate Fighting Championship""",7730,9576,public,4.0,0.0,https://i.ytimg.com/vi/mDm5YXIal48/default.jpg,1553563296,,Joe Rogan Experience #1271 - Billy Corben,zQUP1qoWDoEbmsQxvdjxgQ,1167232,1553563296000,2019,3,26,1271,1167232,128,Billy Corben
20/03/2019,PowerfulJRE,22,False,840,Lenny Clarke is a legendary Boston comic and actor.,493,2:09:54,YDQxXKwOA7Q,7794,False,True,"""Joe Rogan Experience"" podcast ""JRE #1270"" 1270 ""Joe Rogan"" ""Lenny CLarke"" JRE comedy comedian jokes ""stand up"" funny MMA UFC ""Ultimate Fighting Championship""",7794,8051,public,4.0,0.0,https://i.ytimg.com/vi/YDQxXKwOA7Q/default.jpg,1553560757,,Joe Rogan Experience #1270 - Lenny Clarke,zQUP1qoWDoEbmsQxvdjxgQ,772176,1553560757000,2019,3,26,1270,772176,129,Lenny Clarke
19/03/2019,PowerfulJRE,22,False,4798,"Bryan Callen is an actor and stand-up comedian, and together with Brendan Schaub he also hosts “The Fighter & The Kid” podcast. His new stand up special ""Complicated Apes"" is now available to download on iTunes, Amazon, and various other platforms.",2175,2:48:11,DAkV6EwDXN4,10091,False,True,"""Joe Rogan Experience"" podcast ""JRE #1269"" 1269 ""Bryan Callen"" ""Joe Rogan"" comedy comedian jokes ""stand up"" funny Deathsquad ""Freak Party"" ""Complicated Apes"" ""Fighter & The Kid"" mma UFC ""Ultimate Fighting Championship""",10091,25692,public,4.0,0.0,https://i.ytimg.com/vi/DAkV6EwDXN4/default.jpg,1553133823,,Joe Rogan Experience #1269 - Bryan Callen,zQUP1qoWDoEbmsQxvdjxgQ,2462106,1553133823000,2019,3,21,1269,2462106,168,Bryan Callen
19/03/2019,PowerfulJRE,22,False,4047,"Ron White is a stand up comedian and actor, best known as a charter member of the Blue Collar Comedy Tour. His new special ""If You Quit Listening, I'll Shut Up"" is now streaming on Netflix.",1819,2:48:59,1K1KYIU6Eoc,10139,False,True,"""Joe Rogan xperience"" podcast ""JRE #1268"" 1268 JRE ""Joe Rogan"" ""Ron White"" comedy comedian ""stand up"" funny jokes ""Blue Collar Comedy"" mma UFC ""Ultimate Fighting Championship""",10139,27927,public,4.0,0.0,https://i.ytimg.com/vi/1K1KYIU6Eoc/default.jpg,1553048940,,Joe Rogan Experience #1268 - Ron White,zQUP1qoWDoEbmsQxvdjxgQ,2556265,1553048940000,2019,3,20,1268,2556265,168,Ron White
18/03/2019,PowerfulJRE,22,False,8469,"Gary Taubes is a journalist, writer and low-carbohydrate diet advocate. Stephan Guyenet, PhD, is a neuroscientist and is also the founder and director of Red Pen Reviews.",4733,2:37:42,vA3QavPp1Ho,9462,False,True,"""Joe Rogan Experience"" podcast ""JRE #1267"" 1267 ""Joe Rogan"" ""Stephan Guyenet"" ""Gary Taubes"" sugar ""low carb diet"" fat ""fat loss"" calories mma UFC ""Ultimate Fighting Championship"" comedy comedian jokes ""stand up"" funny",9462,8073,public,3.0,0.0,https://i.ytimg.com/vi/vA3QavPp1Ho/default.jpg,1553048634,,Joe Rogan Experience #1267 - Gary Taubes & Stephan Guyenet,zQUP1qoWDoEbmsQxvdjxgQ,870042,1553048634000,2019,3,20,1267,870042,157,Gary Taubes & Stephan Guyenet
14/03/2019,PowerfulJRE,22,False,3569,"Ben Anderson is a journalist, television reporter, writer and recipient of the Foreign Press Award.",1871,2:18:36,KOilZ69NwIc,8316,False,True,"""Joe Rogan Experience"" ""Joe Rogan"" ""Ben Anderson"" VICE ""Vice news"" ""JRE #1266"" 1266 JRE comedy comedian jokes ""stand up"" funny mma UFC ""Ultimate Fighting Championship"" war reporter Taliban Iran Iraq Afghanistan",8316,19935,public,4.0,0.0,https://i.ytimg.com/vi/KOilZ69NwIc/default.jpg,1552959736,,Joe Rogan Experience #1266 - Ben Anderson,zQUP1qoWDoEbmsQxvdjxgQ,1577874,1552959736000,2019,3,19,1266,1577874,138,Ben Anderson
13/03/2019,PowerfulJRE,22,False,7495,"Andrew Schulz is a stand up comedian known for his work on Guy Code, The Brilliant Idiots podcast and the Amazon original series ""Sneaky Pete."" https://www.youtube.com/theandrewschulz",2610,3:11:33,8m_RhpT6xCg,11493,False,True,"""Joe Rogan Experience"" podcast ""JRE #1265"" 1265 ""Joe Rogan"" ""Andrew Schulz"" comedy comedian jokes ""stand up"" funny mma UFC ""Ultimate Fighting Championship""",11493,48120,public,4.0,0.0,https://i.ytimg.com/vi/8m_RhpT6xCg/default.jpg,1552604897,,Joe Rogan Experience #1265 - Andrew Schulz,zQUP1qoWDoEbmsQxvdjxgQ,2960819,1552604897000,2019,3,14,1265,2960819,191,Andrew Schulz
12/03/2019,PowerfulJRE,22,False,3421,"Timothy Denevi is a professor in the MFA program at George Mason University and he is the author of ""Freak Kingdom: Hunter S. Thompson's Manic Ten-Year Crusade Against American Fascism.""",4960,1:28:14,wfJUdYp-TPg,5294,False,True,"""Joe Rogan Experience"" pdocast ""Joe Rogan"" ""Hunter S. Thompson"" Gonzo ""Timothy Denevi"" ""JRE #1264"" 1264 comedy comedian jokes ""stand up"" funny mma UFC ""Ultimate Fighitng Championship""",5294,5954,public,3.0,0.0,https://i.ytimg.com/vi/wfJUdYp-TPg/default.jpg,1552512929,,Joe Rogan Experience #1264 - Timothy Denevi,zQUP1qoWDoEbmsQxvdjxgQ,840620,1552512929000,2019,3,13,1264,840620,88,Timothy Denevi
12/03/2019,PowerfulJRE,22,False,7058,"Renée DiResta is the Director of Research at New Knowledge and a Mozilla Fellow in Media, Misinformation, and Trust.",11242,2:07:55,UAGZcGi1OP8,7675,False,True,"""Joe Rogan Experience"" podcast ""JRE #1263"" 1263 JRE ""Joe Rogan"" ""Renee DiResta"" ""New Knowledge"" comedy comedian jokes ""stand up"" funny mma UFC ""Ultimate Fighting Championship""",7675,10508,public,2.0,0.0,https://i.ytimg.com/vi/UAGZcGi1OP8/default.jpg,1552440938,,Joe Rogan Experience #1263 - Renée DiResta,zQUP1qoWDoEbmsQxvdjxgQ,1014210,1552440938000,2019,3,13,1263,1014210,127,Renée DiResta
11/03/2019,PowerfulJRE,22,False,3373,Pat McNamara spent 22 years in the United States Army in many special operations units. He is currently training people in tactical marksmanship and combat strength.,943,1:42:12,RMw8u0VrELs,6132,False,True,"""Joe Rogan Experience"" podcast ""JRE #1262"" 1262 ""Joe Rogan"" ""Pat McNamara"" TMACS comedy comedian jokes ""stand up"" funny mma UFC ""Ultimate Fighting Championship""",6132,24630,public,4.0,0.0,https://i.ytimg.com/vi/RMw8u0VrELs/default.jpg,1552436961,,Joe Rogan Experience #1262 - Pat McNamara,zQUP1qoWDoEbmsQxvdjxgQ,1626970,1552436961000,2019,3,13,1262,1626970,102,Pat McNamara
07/03/2019,PowerfulJRE,22,False,11901,"Peter Hotez, M.D., Ph.D. is Dean of the National School of Tropical Medicine and Professor of Pediatrics and Molecular Virology & Microbiology at Baylor College of Medicine where he is also the Director of the Texas Children’s Center for Vaccine Development (CVD) and Texas Children’s Hospital Endowed Chair of Tropical Pediatrics.",3602,1:51:10,dodsGp37M50,6670,False,True,"""Joe Rogan Experience"" podcast ""JRE #1261"" 1261 ""Peter Hotez"" ""Joe Rogan"" JRE vaccines autism ""Tropical Disease"" virus bacteria worms tapeworm comedy comedian jokes funny ""stand up"" mma UFC ""Ultimate Fighting Championship""",6670,15628,public,4.0,0.0,https://i.ytimg.com/vi/dodsGp37M50/default.jpg,1552356319,,Joe Rogan Experience #1261 - Peter Hotez,zQUP1qoWDoEbmsQxvdjxgQ,1296734,1552356319000,2019,3,12,1261,1296734,111,Peter Hotez
06/03/2019,PowerfulJRE,22,False,4492,"Lennox Lewis is a three-time world heavyweight champion, a two-time lineal champion, and remains the last heavyweight to hold the undisputed title. Russell Peters is an actor and standup comedian, currently touring internationally all over the world.",1337,2:24:29,qdKgBatTe_E,8669,False,True,"""Joe Rogan Experience"" podcast ""JRE #1260"" ""Joe Rogan"" ""Lennox Lewis"" ""Russell Peters"" boxing ""Heavyweight Champion"" ""Mike Tyson"" ""Evander Holyfield"" UFC ""Ultimate Fighting Championship"" comedy comedian ""stand up"" funny jokes",8669,28628,public,4.0,0.0,https://i.ytimg.com/vi/qdKgBatTe_E/default.jpg,1552005849,,Joe Rogan Experience #1260 - Lennox Lewis & Russell Peters,zQUP1qoWDoEbmsQxvdjxgQ,2261966,1552005849000,2019,3,8,1260,2261966,144,Lennox Lewis & Russell Peters
05/03/2019,PowerfulJRE,22,False,9291,"David Wallace-Wells is Deputy editor and climate columnist for New York magazine.  His book ""The Uninhabitable Earth: Life After Warming"" is available now.",9906,1:53:35,RoWXvMQ3xqg,6815,False,True,"""Joe Rogan Experience"" ""JRE #1259"" 1259 podcast ""Joe Rogan"" ""David Wallace-Wells"" Climate ""climate change"" ""The Uninhabitable Earth"" comedy comedian jokes ""stand up"" funny mma UFC ""ultimate Fighting Championship""",6815,15688,public,3.0,0.0,https://i.ytimg.com/vi/RoWXvMQ3xqg/default.jpg,1551920277,,Joe Rogan Experience #1259 - David Wallace-Wells,zQUP1qoWDoEbmsQxvdjxgQ,1272378,1551920277000,2019,3,7,1259,1272378,113,David Wallace
04/03/2019,PowerfulJRE,22,False,65545,"Jack Dorsey is a computer programmer and Internet entrepreneur who is co-founder and CEO of Twitter, and founder and CEO of Square, a mobile payments company. Vijaya Gadde serves as the global lead for legal, policy, and trust and safety at Twitter. Tim Pool is an independent journalist. His work can currently be found  at http://timcast.com",8514,3:25:11,DZCBRHOg3PQ,12311,False,True,"""Joe Rogan Experience"" podcast ""JRE #1258"" 1258 ""Joe Rogan"" ""Jack Dorsey"" ""Tim Pool"" ""Vijaya Gadde"" Twitter censorship banned comedy comedian jokes ""stand up"" funny mma UFC ""Ultimate Fighting Championship""",12311,99888,public,4.0,0.0,https://i.ytimg.com/vi/DZCBRHOg3PQ/default.jpg,1551835905,,"Joe Rogan Experience #1258 - Jack Dorsey, Vijaya Gadde & Tim Pool",zQUP1qoWDoEbmsQxvdjxgQ,4609505,1551835905000,2019,3,6,1258,4609505,205,"Jack Dorsey, Vijaya Gadde & Tim Pool"
28/02/2019,PowerfulJRE,22,False,836,"Steve Sweeney is a comedian, writer, and actor. His movie ""Sweeney Killing Sweeney"" will be available everywhere this month at : https://sweeneykillingsweeney.com/",596,1:31:34,qZHzO_x_bYY,5494,False,True,"""Joe Rogan Experience"" ""Joe Rogan"" podcast ""Steve Sweeney"" JRE ""JRE #1257"" 1257 UFC ""Ultimate Fighting Championship"" mma comedy comedian jokes ""stand up"" funny Boston",5494,6937,public,4.0,0.0,https://i.ytimg.com/vi/qZHzO_x_bYY/default.jpg,1551751501,,Joe Rogan Experience #1257 - Steve Sweeney,zQUP1qoWDoEbmsQxvdjxgQ,673750,1551751501000,2019,3,5,1257,673750,91,Steve Sweeney
27/02/2019,PowerfulJRE,22,False,10764,"David Lee Roth is the lead singer of multi-platnium hard rock band from Southern California, Van Halen. https://inktheoriginal.com/",2011,2:55:35,Y5ZFKYtHdsM,10535,False,True,"""Joe Rogan Experience"" podcast ""JRE #1256"" 1256 ""Joe Rogan"" ""David Lee Roth"" JRE Ink tattoo ""Van Halen"" ""80s rock"" ""rock music"" comedy comedian jokes ""stand up"" funny ma UFC ""Ultimate Fighting Championship""",10535,32104,public,4.0,0.0,https://i.ytimg.com/vi/Y5ZFKYtHdsM/default.jpg,1551398701,,Joe Rogan Experience #1256 - David Lee Roth,zQUP1qoWDoEbmsQxvdjxgQ,2514051,1551398701000,2019,3,1,1256,2514051,175,David Lee Roth
26/02/2019,PowerfulJRE,22,False,153334,"Alex Jones is a radio show host, filmmaker, and writer. Eddie Bravo is a jiujitsu black belt, music producer, and author.",18878,4:40:28,-5yh2HcIlkU,16828,False,True,"""Joe Rogan Experience"" podcast ""JRE #1255"" 1255 ""Joe Rogan"" ""Alex Jones"" ""Eddie Bravo"" comedy comedian jokes ""stand up"" funny mma UFC ""Ultimate Fighting Championship""",16828,464507,public,4.0,0.0,https://i.ytimg.com/vi/-5yh2HcIlkU/default.jpg,1551317732,,Joe Rogan Experience #1255 - Alex Jones Returns!,zQUP1qoWDoEbmsQxvdjxgQ,23150369,1551317732000,2019,2,28,1255,23150369,280,Alex Jones Returns!
26/02/2019,PowerfulJRE,22,False,14150,"Dr. Phil McGraw is an author, psychologist, and the host of the television show ""Dr. Phil.""",4694,1:36:30,65epASHLblo,5790,False,True,"""Joe Rogan Experience"" podcast ""JRE #1254"" 1254 ""Joe Rogan"" ""Dr. Phil"" comedy comedian jokes ""stand up"" funny UFC mma ""Ultimate Fighting Championship""",5790,118410,public,4.0,0.0,https://i.ytimg.com/vi/65epASHLblo/default.jpg,1551234290,,Joe Rogan Experience #1254 - Dr. Phil,zQUP1qoWDoEbmsQxvdjxgQ,7292862,1551234290000,2019,2,27,1254,7292862,96,Dr. Phil
25/02/2019,PowerfulJRE,22,False,6145,"Ioan Grillo is journalist who has spent the last 18 years reporting on the drug war in Mexico. His books ""El Narco: Inside Mexico's Criminal Insurgency"" and ""Gangster Warlords"" are available now.",2124,2:06:29,edZR_nPp1l8,7589,False,True,"""Joe Rogan Experience"" podcast ""JRE #1253"" 1253 ""Ioan Grillo"" ""Joe Rogan"" ""El Chapo"" ""drug war"" mexico Narcos mma UFC ""Ultimate Fighting Championship"" comedy comedian jokes ""stand up"" funny",7589,31151,public,4.0,0.0,https://i.ytimg.com/vi/edZR_nPp1l8/default.jpg,1551231061,,Joe Rogan Experience #1253 - Ioan Grillo,zQUP1qoWDoEbmsQxvdjxgQ,2529165,1551231061000,2019,2,27,1253,2529165,126,Ioan Grillo
21/02/2019,PowerfulJRE,22,False,3609,"David Foley is an actor, stand-up comedian, director, producer and writer. Paul Greenberg is an actor, comedian and voice actor. Together they host ""Don't Say.. with Paul & Dave"" available on iTunes.",1473,2:53:26,KmkEZKgeQQg,10406,False,True,"""Joe Rogan Experience"" podcast ""JRE #1252"" 1252 ""Joe Rogan"" ""Dave Foley"" ""Paul Greenberg"" comedy ""stand up"" funny Newsradio comedian jokes UFC mma ""Ultimate FIghting Championship""",10406,14132,public,4.0,0.0,https://i.ytimg.com/vi/KmkEZKgeQQg/default.jpg,1551138488,,Joe Rogan Experience #1252 - Dave Foley & Paul Greenberg,zQUP1qoWDoEbmsQxvdjxgQ,1569771,1551138488000,2019,2,25,1252,1569771,173,Dave Foley & Paul Greenberg
20/02/2019,PowerfulJRE,22,False,4486,"Tim Dillon is a comedian, tour guide, and host. His podcast ""Tim Dillon Is Going To Hell"" is available on the GaS Digital Network.",1982,2:09:17,WNlqsuTJu2Q,7757,False,True,"""Joe Rogan Experience"" podcast JRE ""Joe Rogan"" ""Tim Dillon"" ""JRE #1251"" 1251 ""stand up"" funny comedy comedian jokes mma UFC ""Ultimate Fighting Championship""",7757,22141,public,4.0,0.0,https://i.ytimg.com/vi/WNlqsuTJu2Q/default.jpg,1550799620,,Joe Rogan Experience #1251 - Tim Dillon,zQUP1qoWDoEbmsQxvdjxgQ,1945869,1550799620000,2019,2,22,1251,1945869,129,Tim Dillon
19/02/2019,PowerfulJRE,22,False,8695,Johann Hari is a writer and journalist. His new book “Lost Connections” is available now.,2784,2:59:15,CDpjvFn4wgM,10755,False,True,"""Joe Rogan Experience"" podcast ""JRE #12501250"" ""Jeo Rogan"" ""Johann Hari"" comedy comedian jokes ""stand up"" funny depression opiods ""war on drugs"" mma UFC ""Ultimate Fighting Championship""",10755,54177,public,4.0,0.0,https://i.ytimg.com/vi/CDpjvFn4wgM/default.jpg,1550706866,,Joe Rogan Experience #1250 - Johann Hari,zQUP1qoWDoEbmsQxvdjxgQ,3177814,1550706866000,2019,2,20,1250,3177814,179,Johann Hari
19/02/2019,PowerfulJRE,22,False,3057,"Donnell Rawlings is a stand up comedian, actor, and podcaster. He's known best for his roles on Chappelle's Show and The Wire.",1206,2:44:06,E4dcvItSGPc,9846,False,True,"""Joe Rogan Experience"" podcast ""JRE #1249"" 1249 ""Joe Rogan"" ""Donnell Rawlings"" comedy comedian jokes ""stand up"" funny UFC mma ""Ultimate Fighting Championship"" ""Chappelle's Show"" ""The Wire"" ""Ashy Larry""",9846,18508,public,4.0,0.0,https://i.ytimg.com/vi/E4dcvItSGPc/default.jpg,1550631735,,Joe Rogan Experience #1249 - Donnell Rawlings,zQUP1qoWDoEbmsQxvdjxgQ,1360126,1550631735000,2019,2,20,1249,1360126,164,Donnell Rawlings
18/02/2019,PowerfulJRE,22,False,2044,"Bill Ottman is an Internet entrepreneur and freedom of information activist based, and is also the CEO and co-founder of Minds.
http://www.minds.com",1211,2:27:24,mJowz_-pj4U,8844,False,True,"""Joe Rogan Experience"" podcast JRE ""JRE #1248"" 1248 ""Joe Rogan"" ""Bill Ottman"" Minds crypto bitcoin comedy comedian jokes ""stand up"" funny ""social media"" Twitter Facebook Minds.com",8844,8949,public,4.0,0.0,https://i.ytimg.com/vi/mJowz_-pj4U/default.jpg,1550629213,,Joe Rogan Experience #1248 - Bill Ottman,zQUP1qoWDoEbmsQxvdjxgQ,812137,1550629213000,2019,2,20,1248,812137,147,Bill Ottman
17/02/2019,PowerfulJRE,22,False,4094,Andy Stumpf is a retired Navy SEAL and is also currently a wingsuit world record holder. He hosts his own podcast called “Cleared Hot” that can be found on iTunes & Stitcher.,1662,2:51:01,bz1Masw5QDs,10261,False,True,"""Joe Rogan"" ""Joe Rogan Experience"" ""Andy Stumpf"" ""JRE #1247"" JRE 1247 comedy comedian jokes ""stand up"" funny mma ""Navy SEALs"" ""wing suit"" skydive UFC ""Ultimate Fighting Championship""",10261,26938,public,4.0,0.0,https://i.ytimg.com/vi/bz1Masw5QDs/default.jpg,1550542542,,Joe Rogan Experience #1247 - Andy Stumpf,zQUP1qoWDoEbmsQxvdjxgQ,2418752,1550542542000,2019,2,19,1247,2418752,171,Andy Stumpf
12/02/2019,PowerfulJRE,22,False,23053,"Alex Berenson is a former reporter for The New York Times and the author of several thriller novels and a book on corporate financial filings. His new book ""Tell Your Children: The Truth About Marijuana, Mental Illness, and Violence"" is available now via Amazon. Dr. Michael Hart is the founder and medical director of Readytogo clinic, a medical cannabis clinic in London, Ontario, Canada.",4048,2:48:31,YHwSmwEwmV4,10111,False,True,"""Joe Rogan Experience"" ""Joe Rogan"" ""JRE #1246"" 1246 ""medical marijuana"" THC CBD weed pot marijuana debate ""Alex Berenson"" ""Dr. Mike Hart"" ""Dr. Michael Hart"" mma UFC ""Ultimate Fighting Championship"" comedy comedian jokes ""stand up"" funny",10111,40891,public,4.0,0.0,https://i.ytimg.com/vi/YHwSmwEwmV4/default.jpg,1550094740,,Joe Rogan Experience #1246 - Pot Debate - Alex Berenson & Dr. Michael Hart,zQUP1qoWDoEbmsQxvdjxgQ,3396202,1550094740000,2019,2,13,1246,3396202,168,Pot Debate
11/02/2019,PowerfulJRE,22,False,55816,"Andrew Yang is an American entrepreneur, the founder of Venture for America, and a 2020 Democratic presidential candidate.",8565,1:52:03,cTsEzmFamZ8,6723,False,True,"""Joe Rogan Experience"" ""Joe Rogan"" ""JRE #1245"" 1245 ""Andrew Yang"" ""2020 Election"" UBI ""universal basic income"" comedy comedian jokes ""stand up"" mma UFC ""Ultimate Fighting Championship""",6723,159228,public,4.0,0.0,https://i.ytimg.com/vi/cTsEzmFamZ8/default.jpg,1550014464,,Joe Rogan Experience #1245 - Andrew Yang,zQUP1qoWDoEbmsQxvdjxgQ,5572882,1550014464000,2019,2,12,1245,5572882,112,Andrew Yang
11/02/2019,PowerfulJRE,22,False,3368,"Colin O'Brady is a professional endurance athlete, motivational speaker and adventurer. He is a three-time world record holder, and just became the first person in the world to travel across Antarctica unassisted. In 2016 he set the Explorers Grand Slam and Seven Summits speed records.",1842,2:03:34,1Gtrg6R7b3w,7414,False,True,"""Joe Rogan Experience"" podcast ""JRE #1244"" 1244 ""Joe Rogan"" ""Colin O'Brady"" Antarctica ""World Record"" Guiness ""Guiness World Record"" comedy comedian jokes ""stand up"" funny mma UFC ""Ultimate Fighting Championship""",7414,15671,public,4.0,0.0,https://i.ytimg.com/vi/1Gtrg6R7b3w/default.jpg,1549940477,,Joe Rogan Experience #1244 - Colin O'Brady,zQUP1qoWDoEbmsQxvdjxgQ,1149137,1549940477000,2019,2,12,1244,1149137,123,Colin O'Brady
08/02/2019,PowerfulJRE,22,False,4259,"Rafinha Bastos is a Brazilian comedian, actor, journalist and television personality.",1817,2:07:13,jqrBuzHy5vY,7633,False,True,"""Joe Rogan Experience"" podcast ""JRE #1243"" 1243 ""Joe Rogan"" ""Rafinha Bastos"" comedy comedian jokes ""stand up"" funny mma UFC ""Ultimate Fighting Championship"" Brazil",7633,48204,public,4.0,0.0,https://i.ytimg.com/vi/jqrBuzHy5vY/default.jpg,1549935184,,Joe Rogan Experience #1243 - Rafinha Bastos,zQUP1qoWDoEbmsQxvdjxgQ,1268806,1549935184000,2019,2,12,1243,1268806,127,Rafinha Bastos
07/02/2019,PowerfulJRE,22,False,25049,Tim Pool is an independent journalist. His work can currently be found  at http://timcast.com and on his YouTube channel: https://www.youtube.com/channel/UCG749Dj4V2fKa143f8sE60Q,6431,2:52:06,02ux1dKNPXo,10326,False,True,"""Joe Rogan Experience"" podcast ""JRE #1242"" 1242 ""Tim Pool"" ""Joe Rogan"" news journalism Twitter ""Jack Dorsey"" ""Alex Jones"" comedy comedian jokes funny ""sand up"" mma UFC ""Ultimate Fighting Championship""",10326,72512,public,4.0,0.0,https://i.ytimg.com/vi/02ux1dKNPXo/default.jpg,1549673681,,Joe Rogan Experience #1242 - Tim Pool,zQUP1qoWDoEbmsQxvdjxgQ,4446871,1549673681000,2019,2,9,1242,4446871,172,Tim Pool
06/02/2019,PowerfulJRE,22,False,13636,"Sam Harris is a neuroscientist and author of the New York Times bestsellers, The End of Faith, Letter to a Christian Nation, and The Moral Landscape. His podcast called “Making Sense” is available on iTunes & Stitcher.",8191,2:43:01,ZA106wrMUe4,9781,False,True,"""Joe Rogan Experience"" podcast ""JRE #1241"" ""Joe Rogan"" 1241 JRE ""Sam Harris"" ""Jack Dorsey"" twitter comedy comedian jokes ""stand up"" funny mma UFC ""Ultimate Fighting Championship""",9781,47523,public,4.0,0.0,https://i.ytimg.com/vi/ZA106wrMUe4/default.jpg,1549586185,,Joe Rogan Experience #1241 - Sam Harris,zQUP1qoWDoEbmsQxvdjxgQ,3854162,1549586185000,2019,2,8,1241,3854162,163,Sam Harris
05/02/2019,PowerfulJRE,22,False,7247,"Forrest Galante is an international wildlife adventurer and conservationist. He's also the host of ""Extinct of Alive"" on The Animal Planet. https://www.instagram.com/forrest.galante",3585,2:09:58,OT0ZIq-yWEM,7798,False,True,"""Joe Rogan Experience"" podcast ""JRE #1240"" 1240 ""Joe Rogan"" ""Forrest Galante"" ""Extinct or Alive"" animals comedy comedian jokes ""stand up"" funny mma UFC ""Ultimate Fighitng Championship""",7798,47513,public,4.0,0.0,https://i.ytimg.com/vi/OT0ZIq-yWEM/default.jpg,1549497199,,Joe Rogan Experience #1240 - Forrest Galante,zQUP1qoWDoEbmsQxvdjxgQ,3535697,1549497199000,2019,2,6,1240,3535697,129,Forrest Galante
05/02/2019,PowerfulJRE,22,False,8452,"Travis Barker is a musician, songwriter, and record producer, best known as the drummer for the rock band Blink-182.",3457,2:02:12,Hf8aG4sK4XE,7332,False,True,"""Joe Rogan Experience"" JRE Joe Rogan podcast MMA comedy stand up funny Freak Party ""JRE #1239"" 1239 ""Travis Barker"" ""Joe Rogan"" drums drummer ""Blink 182"" tattoos comedian jokes ""stand up"" mma UFC ""Ultimate Fighting Championship""",7332,43150,public,4.0,0.0,https://i.ytimg.com/vi/Hf8aG4sK4XE/default.jpg,1549412630,,Joe Rogan Experience #1239 - Travis Barker,zQUP1qoWDoEbmsQxvdjxgQ,3355285,1549412630000,2019,2,6,1239,3355285,122,Travis Barker
04/02/2019,PowerfulJRE,22,False,7075,"Brian Redban is a comedian and the founder of the Deathsquad podcast network. Also look for him only ""Kill Tony"" available on iTunes & YouTube: https://www.youtube.com/channel/UCwzCMiicL-hBUzyjWiJaseg",7272,2:02:56,O00gaA5u6BI,7376,False,True,"""Joe Rogan Experience"" podcast ""JRE #1238"" 1238 ""Brian Redban"" Redban DeathsquaD ""Kill Tony"" mma UFC ""Ultimate Fighting Championship"" comedy comedian jokes ""stand up"" funny",7376,16676,public,3.0,0.0,https://i.ytimg.com/vi/O00gaA5u6BI/default.jpg,1549334561,,Joe Rogan Experience #1238 - Brian Redban,zQUP1qoWDoEbmsQxvdjxgQ,1243088,1549334561000,2019,2,5,1238,1243088,122,Brian Redban
01/02/2019,PowerfulJRE,22,False,2530,"Sebastian Maniscalco is a stand up comedian and he also hosts his own podcast with Pete Correale called “The Pete and Sebastian Show” available on iTunes. His new special ""Stay Hungry"" is now streaming on Netflix.",4557,1:57:08,uBkFF_inHgE,7028,False,True,"""Joe Rogan Experience"" podcast ""JRE #1237"" 1237 ""Joe Rogan"" ""Sebastian Maniscalco"" Sebastian comedy comedian jokes ""stand up"" funny mma UFC ""Ultimate Fighting Championship""",7028,18594,public,4.0,0.0,https://i.ytimg.com/vi/uBkFF_inHgE/default.jpg,1549333084,,Joe Rogan Experience #1237 - Sebastian Maniscalco,zQUP1qoWDoEbmsQxvdjxgQ,1426765,1549333084000,2019,2,5,1237,1426765,117,Sebastian Maniscalco
01/02/2019,PowerfulJRE,22,False,38103,"Jack Dorsey is a computer programmer and Internet entrepreneur who is co-founder and CEO of Twitter, and founder and CEO of Square, a mobile payments company.",88631,1:55:08,_mP9OmOFxc4,6908,False,True,"""Joe Rogan Experience"" JRE Joe Rogan podcast MMA comedy stand up funny Freak Party ""Jack Dorsey"" @jack ""Joe Rogan"" ""JRE #1236"" 1236 Twitter EO Square ""Cash App""",6908,15318,public,1.0,0.0,https://i.ytimg.com/vi/_mP9OmOFxc4/default.jpg,1549079915,,Joe Rogan Experience #1236 - Jack Dorsey,zQUP1qoWDoEbmsQxvdjxgQ,1747371,1549079915000,2019,2,2,1236,1747371,115,Jack Dorsey
29/01/2019,PowerfulJRE,22,False,2763,"Ben Greenfield is a Coach, Author, Speaker, ex-Bodybuilder and Ironman Triathlete. In 2008 he was voted as the Personal Trainer of the Year by the National Strength and Conditioning Association (NSCA) and recognized as the top 100 Most Influential People in Health in 2013.",2335,2:22:53,8ylL8YIs7C0,8573,False,True,"""Joe Rogan Experience"" ""JRE #1235"" JRE ""Joe Rogan"" ""Ben Greenfield"" Fitness Health Supplements Workout podcast comedy comedian jokes ""stand up"" funny mma UFC ""Ultimate Fighting Championship""",8573,11343,public,4.0,0.0,https://i.ytimg.com/vi/8ylL8YIs7C0/default.jpg,1548889841,,Joe Rogan Experience #1235 - Ben Greenfield,zQUP1qoWDoEbmsQxvdjxgQ,1187490,1548889841000,2019,1,30,1235,1187490,142,Ben Greenfield
28/01/2019,PowerfulJRE,22,False,5895,"David Sinclair, Ph.D., A.O. is a Professor in the Department of Genetics and co-Director of the Paul F. Glenn Center for the Biology of Aging at Harvard Medical School. He is best known for his work on understanding why we age and how to slow its effects.
https://genetics.med.harvard.edu/sinclair/people/sinclair.php",1598,2:21:05,HOTS0HS7aq4,8465,False,True,"""Joe Rogan Experience"" podcast ""JRE #1234"" 1234 ""Joe Rogan"" ""David Sinclair"" comedy comedian jokes ""stand up"" funny aging anti-aging longevity mma UFC ""Ultimate Fighting Championship""",8465,31431,public,4.0,0.0,https://i.ytimg.com/vi/HOTS0HS7aq4/default.jpg,1548801940,,Joe Rogan Experience #1234 - David Sinclair,zQUP1qoWDoEbmsQxvdjxgQ,1946972,1548801940000,2019,1,29,1234,1946972,141,David Sinclair
26/01/2019,PowerfulJRE,22,False,17637,"Professor Brian Cox is an English physicist and Professor of Particle Physics in the School of Physics and Astronomy at the University of Manchester in the UK. 

Tickets for Brian Cox Universal Adventures In Space & Time available at:
US & CANADA: https://profbriancoxlive.com  
Rest of World: https://briancoxlive.co.uk",4297,2:34:54,wieRZoJSVtw,9294,False,True,"""Joe Rogan Experience"" podcast JRE ""JRE #1233"" ""Joe Rogan"" ""Brian Cox"" physics Professor space CERN higgs-boson quark gluon ""quark gluon plasma"" comedy comedian jokes ""stand up"" funny mma UFC ""Ultimate Fighting Championship""",9294,100263,public,4.0,0.0,https://i.ytimg.com/vi/wieRZoJSVtw/default.jpg,1548714567,,Joe Rogan Experience #1233 - Brian Cox,zQUP1qoWDoEbmsQxvdjxgQ,6815887,1548714567000,2019,1,28,1233,6815887,154,Brian Cox
24/01/2019,PowerfulJRE,22,False,8124,"Nick Di Paolo is a writer and stand up comedian. Check out ""The Nick Di Paolo Show"" at http://nickdip.com and on YouTube - https://www.youtube.com/channel/UCghHWRYUpbsUdcsG7PrTgzQ",2630,2:01:55,q_CeQlkMC_g,7315,False,True,"""Joe Rogan Experience"" podcast ""JRE #1232"" 1232 ""Joe Rogan"" JRE ""Nick Di Paolo"" comedy comedian jokes ""stand up"" funny mma UFC ""Ultimate Fighting Championship"" ""The Nick Di Paolo Show""",7315,14266,public,4.0,0.0,https://i.ytimg.com/vi/q_CeQlkMC_g/default.jpg,1548457595,,Joe Rogan Experience #1232 - Nick Di Paolo,zQUP1qoWDoEbmsQxvdjxgQ,1125410,1548457595000,2019,1,25,1232,1125410,121,Nick Di Paolo
22/01/2019,PowerfulJRE,22,False,9201,"Killer Mike is a rapper, actor, and activist. He is one half of the group Run The Jewels and has a new show on Netflix called ""Trigger Warning"" available now.",3591,3:05:21,w7HMOsRUFS8,11121,False,True,"""Joe Rogan Experience"" JRE ""Joe Rogan"" ""Killer Mike"" ""JRE #1230"" 1230 rap rapper ""Run the Jewels"" ""El P"" ""Trigger Warning"" Netflix comedy comedian jokes ""stand up"" funny mma UFC ""Ultimate Fighting Championship""",11121,55515,public,4.0,0.0,https://i.ytimg.com/vi/w7HMOsRUFS8/default.jpg,1548300586,,Joe Rogan Experience #1230 - Killer Mike,zQUP1qoWDoEbmsQxvdjxgQ,3602287,1548300586000,2019,1,24,1230,3602287,185,Killer Mike
21/01/2019,PowerfulJRE,22,False,4536,"Richard Rawlings is the owner of Gas Monkey Garage. He can be seen on ""Garage Rehab"" & ""Fast N Loud"" on the Discovery Channel.",1754,2:58:26,QA9DbqEvnPg,10706,False,True,"""Joe Rogan Experience"" podcast ""JRE #1229"" 1229 ""Joe Rogan"" ""Richard Rawlings"" ""Gas Monkey Garage"" ""Fast N Loud"" ""Garage Rehab"" mma UFC ""Ultimate Fighting Championship"" comedy comedian jokes ""stand up"" funny",10706,26482,public,4.0,0.0,https://i.ytimg.com/vi/QA9DbqEvnPg/default.jpg,1548202554,,Joe Rogan Experience #1229 - Richard Rawlings,zQUP1qoWDoEbmsQxvdjxgQ,2006275,1548202554000,2019,1,23,1229,2006275,178,Richard Rawlings
21/01/2019,PowerfulJRE,22,False,21189,"Bari Weiss is an American opinion writer and editor. In 2017, Weiss joined The New York Times as a staff editor in the opinion section.",35014,2:52:19,T77uFdw9HJA,10339,False,True,"""Joe Rogan Experience"" JRE Joe Rogan podcast MMA comedy stand up funny Freak Party ""Bari Weiss"" NYT ""Joe Rogan"" ""JRE #1228"" 1228",10339,14882,public,2.0,0.0,https://i.ytimg.com/vi/T77uFdw9HJA/default.jpg,1548126788,,Joe Rogan Experience #1228 - Bari Weiss,zQUP1qoWDoEbmsQxvdjxgQ,1378990,1548126788000,2019,1,22,1228,1378990,172,Bari Weiss
16/01/2019,PowerfulJRE,22,False,32011,"Mike Tyson is the former undisputed heavyweight boxing champion of the world. Check out his new podcast called ""Hotboxin' with Mike Tyson"" on YouTube: https://www.youtube.com/channel/UCdtNjOwfQpgVK0FyOeLyzrg",6482,1:27:17,7MNv4_rTkfU,5237,False,True,"""Joe Rogan Experience"" podcast ""JRE #1227"" 1227 ""Joe Rogan"" ""Mike Tyson"" boxing mma UFC ""Ultimate Fighting Championship"" comedy comedian jokes ""stand up"" funny ""Tom Segura""",5237,247437,public,4.0,0.0,https://i.ytimg.com/vi/7MNv4_rTkfU/default.jpg,1547764137,,Joe Rogan Experience #1227 - Mike Tyson,zQUP1qoWDoEbmsQxvdjxgQ,15418015,1547764137000,2019,1,17,1227,15418015,87,Mike Tyson
16/01/2019,PowerfulJRE,22,False,4842,"Mike Baker is a former CIA covert operations officer. Currently he is the president of Diligence LLC, a global intelligence and security firm.",3152,2:21:53,bce29LIRKiU,8513,False,True,"""Joe Rogan Experience"" podcast ""JRE #1226"" 1226 ""Mike Baker"" ""Joe Rogan"" CIA government comedy comedian jokes ""stand up"" funny MMA UFC ""Ultimate Fighting Championship""",8513,17531,public,4.0,0.0,https://i.ytimg.com/vi/bce29LIRKiU/default.jpg,1547685622,,Joe Rogan Experience #1226 - Mike Baker,zQUP1qoWDoEbmsQxvdjxgQ,1723389,1547685622000,2019,1,17,1226,1723389,141,Mike Baker
14/01/2019,PowerfulJRE,22,False,13583,"Theo Von is a stand-up comedian, television personality, host, and actor. Check out his podcast called “This Past Weekend”& ""The King & The Sting"" with Brendan Schaub both available on iTunes & YouTube.",3419,3:07:17,qwogNykaAH8,11237,False,True,"""Joe Rogan EXperience"" podcast ""JRE #1225"" JRE 1225 ""Theo Von"" ""Joe Rogan"" comedy comedian jokes ""stand up"" funny mma UFC ""Ultimate Fighting Championship""",11237,53433,public,4.0,0.0,https://i.ytimg.com/vi/qwogNykaAH8/default.jpg,1547599364,,Joe Rogan Experience #1225 - Theo Von,zQUP1qoWDoEbmsQxvdjxgQ,5086786,1547599364000,2019,1,16,1225,5086786,187,Theo Von
11/01/2019,PowerfulJRE,22,False,2667,Adam Greentree is a bowhunter and photographer from Australia. He also hosts his own podcast called “Bowhunter’s Life” available for download via iTunes.,1406,2:28:01,YgzGWS28I2k,8881,False,True,"""Joe Rogan Experience"" podcast JRE ""JRE #1224"" ""Joe Rogan"" ""Adam Greentree"" Bowhunting ""bow arrow"" hunting mma UFC ""Ultimate Fighting Championship"" comedy comedian jokes ""stand up"" funny",8881,19098,public,4.0,0.0,https://i.ytimg.com/vi/YgzGWS28I2k/default.jpg,1547512309,,Joe Rogan Experience #1224 - Adam Greentree,zQUP1qoWDoEbmsQxvdjxgQ,1609702,1547512309000,2019,1,15,1224,1609702,148,Adam Greentree
10/01/2019,PowerfulJRE,22,False,2426,"Greg Fitzsimmons is a writer and stand-up comedian. He also hosts a podcast with Alison Rosen called ""Childish"" that is available now on iTunes & Stitcher.",1251,3:19:08,XBJu_cri2f4,11948,False,True,"""Joe Rogan Experience"" podcast ""JRE #1223"" 1223 ""Joe Rogan"" ""Greg Fitzsimmons"" ""FitzDog Radio"" FitzDog Childish JRE comedy comedian comedians jokes ""stand up"" funny mma UFC ""Ultimate Fighting Championship""",11948,12271,public,4.0,0.0,https://i.ytimg.com/vi/XBJu_cri2f4/default.jpg,1547252110,,Joe Rogan Experience #1223 - Greg Fitzsimmons,zQUP1qoWDoEbmsQxvdjxgQ,1274159,1547252110000,2019,1,12,1223,1274159,199,Greg Fitzsimmons
09/01/2019,PowerfulJRE,22,False,4862,"Michael Shermer is a science writer, historian of science, founder of The Skeptics Society, and Editor in Chief of its magazine Skeptic, which is largely devoted to investigating pseudoscientific and supernatural claims.",3495,2:48:55,-p5D-pN8tQw,10135,False,True,"""Joe Rogan Experience"" podcast ""JRE #1222"" JRE ""Michael Shermer"" ""Skeptic Magazine"" Skeptic comedy comedian jokes funny mma UFC ""Ultimate Fighting Championship"" Deathsquad ""Freak Party""",10135,16155,public,4.0,0.0,https://i.ytimg.com/vi/-p5D-pN8tQw/default.jpg,1547165199,,Joe Rogan Experience #1222 - Michael Shermer,zQUP1qoWDoEbmsQxvdjxgQ,1764504,1547165199000,2019,1,11,1222,1764504,168,Michael Shermer
27/12/2018,PowerfulJRE,22,False,6960,"Jonathan Haidt is a social psychologist and Professor of Ethical Leadership at New York University's Stern School of Business. He's also the author of books such as ""The Happiness Hypothesis"" and ""The Coddling of the American Mind"".",2187,2:05:11,FG6HbWw2RF4,7511,False,True,"""Joe Rogan Experience"" JRE ""Joe Rogan"" ""JRE #1221"" ""Jonathan Haidt"" ""Happiness Hypothesis"" comedy comedian jokes ""stand up"" funny MMA UFC ""Ultimate Fighting Championship""",7511,40826,public,4.0,0.0,https://i.ytimg.com/vi/FG6HbWw2RF4/default.jpg,1546895919,,Joe Rogan Experience #1221 - Jonathan Haidt,zQUP1qoWDoEbmsQxvdjxgQ,2446280,1546895919000,2019,1,7,1221,2446280,125,Jonathan Haidt
20/12/2018,PowerfulJRE,22,False,7534,Joey “CoCo” Diaz is a Cuban-American stand up comedian and actor.  Joey also hosts his own podcast called “The Church of What’s Happening Now”. https://www.youtube.com/channel/UCv695o3i-JmkUB7tPbtwXDA,3555,2:56:58,ll4E3-kP_54,10618,False,True,"""Joe Rogan Experience"" podcast ""JRE #1220"" 1220 ""Joe Rogan"" ""Joey Diaz"" mma UFC ""Jon Jones"" ""UFC 232"" ""Cyborg Nunes"" Gustaffson comedy comedian jokes funy ""stand up"" ""The Church of What's Happening Now""",10618,55687,public,4.0,0.0,https://i.ytimg.com/vi/ll4E3-kP_54/default.jpg,1545692346,,Joe Rogan Experience #1220 - Joey Diaz,zQUP1qoWDoEbmsQxvdjxgQ,5561926,1545692346000,2018,12,24,1220,5561926,176,Joey Diaz
19/12/2018,PowerfulJRE,22,False,12991,Bill Burr is a standup comedian and also hosts his own podcast called “The Monday Morning Podcast”. Season 3 of his show “F Is For Family” is available now on Netflix.,3923,2:13:49,cS1KWv0das8,8029,False,True,"""Joe Rogan Experience"" podcast JRE ""JRE #1219"" ""Joe Rogan"" ""Bill Burr"" MMP comedy comedian jokes ""stand up"" funny mma UFC ""Ultimate Fighting Championship""",8029,80671,public,4.0,0.0,https://i.ytimg.com/vi/cS1KWv0das8/default.jpg,1545349211,,Joe Rogan Experience #1219 - Bill Burr,zQUP1qoWDoEbmsQxvdjxgQ,6532582,1545349211000,2018,12,20,1219,6532582,133,Bill Burr
18/12/2018,PowerfulJRE,22,False,2112,"Nimesh Patel is a stand up comedian and writer. In 2017, he became the first Indian American writer on SNL.",1542,1:55:06,1cZYXScrJyU,6906,False,True,"""Joe Rogan Experience"" podcast ""JRE #1217"" 1217 ""Nimesh Patel SNL"" Columbia ""Nimesh Patel"" SNL writer comedy comedian jokes ""stand up"" funny",6906,11444,public,4.0,0.0,https://i.ytimg.com/vi/1cZYXScrJyU/default.jpg,1545265888,,Joe Rogan Experience #1217 - Nimesh Patel,zQUP1qoWDoEbmsQxvdjxgQ,905938,1545265888000,2018,12,20,1217,905938,115,Nimesh Patel
19/12/2018,PowerfulJRE,22,False,5081,Gad Saad is Professor of Marketing & Concordia University Research Chair in Evolutionary Behavioral Sciences and Darwinian Consumption and author of “The Evolutionary Bases of Consumption” and “The Consuming Instinct”. Also check out Gad on Youtube: https://www.youtube.com/channel/UCLH7qUqM0PLieCVaHA7RegA,1612,2:47:00,NAalq9lrjQA,10020,False,True,"""Joe Rogan Experience"" JRE ""JRE #1218"" 1218 ""Gad Saad"" ""The Saad Truth"" comedy comedian jokes ""stand up"" funny ""Joe Rogan"" UFC ""Ultimate Fighting Championship"" mma",10020,27198,public,4.0,0.0,https://i.ytimg.com/vi/NAalq9lrjQA/default.jpg,1545265746,,Joe Rogan Experience #1218 - Gad Saad,zQUP1qoWDoEbmsQxvdjxgQ,1975255,1545265746000,2018,12,20,1218,1975255,167,Gad Saad
17/12/2018,PowerfulJRE,22,False,6222,"Sir Roger Penrose OM FRS is an English mathematical physicist, mathematician and philosopher of science. He is Emeritus Rouse Ball Professor of Mathematics in the University of Oxford and Emeritus Fellow of Wadham College, Oxford.",1408,1:36:53,GEw0ePZUMHA,5813,False,True,"""Joe Rogan Experience"" podcast ""JRE #1216"" JRE ""Joe Rogan"" ""Sir Roger Penrose"" ""black holes"" space science quantum mathematics physics comedy comedian jokes ""stand up"" funny",5813,39811,public,4.0,0.0,https://i.ytimg.com/vi/GEw0ePZUMHA/default.jpg,1545175900,,Joe Rogan Experience #1216 - Sir Roger Penrose,zQUP1qoWDoEbmsQxvdjxgQ,2391020,1545175900000,2018,12,18,1216,2391020,96,Sir Roger Penrose
13/12/2018,PowerfulJRE,22,False,1187,"Ben O’Brien is a writer, editor, host of The Hunting Collective podcast, a member of the Backcountry Hunters and Anglers Board of Directors and MeatEater’s Editorial Director.",813,2:55:26,tAithqQBFdQ,10526,False,True,"""Joe Rogan Experience"" podcast ""JRE #1215"" 1215 ""Joe Rogan"" comedy comedian jokes ""stand up"" funny JRE ""Ben O'Brien"" hunting MeatEater",10526,7390,public,4.0,0.0,https://i.ytimg.com/vi/tAithqQBFdQ/default.jpg,1545104835,,Joe Rogan Experience #1215 - Ben O'Brien,zQUP1qoWDoEbmsQxvdjxgQ,793094,1545104835000,2018,12,18,1215,793094,175,Ben O'Brien
12/12/2018,PowerfulJRE,22,False,5662,"Lawrence Lessig is an academic, attorney, and political activist. He is the Roy L. Furman Professor of Law at Harvard Law School and the former director of the Edmond J. Safra Center for Ethics at Harvard University.",4030,2:17:47,Igc_1TPfK9Y,8267,False,True,"""Joe Rogan Experience"" podcast ""JRE #1214"" 1214 JRE ""Joe Rogan"" ""Lawrence Lessig"" Harvard law lawyer Congress ""US Government"" reform comedy comedian jokes ""stand up"" funny mma UFC ""Ultimate Fighting Championship""",8267,15573,public,4.0,0.0,https://i.ytimg.com/vi/Igc_1TPfK9Y/default.jpg,1544742610,,Joe Rogan Experience #1214 - Lawrence Lessig,zQUP1qoWDoEbmsQxvdjxgQ,1449556,1544742610000,2018,12,13,1214,1449556,137,Lawrence Lessig
11/12/2018,PowerfulJRE,22,False,5257,"Dr. Andrew Weil is a physician, author, spokesperson, and broadly described ""guru"" of the alternative medical brands: holistic health and integrative medicine. https://matcha.com/pages/joerogan",1967,1:52:16,WjYYdMNUXF8,6736,False,True,"""Joe Rogan Experience"" #1213 ""JRE #1213"" ""Dr. Andrew Weil"" ""Joe Rogan"" food diet ""placebo effect"" psychedelics mma UFC ""Ultimate Fighting Championship"" comedy comedian jokes funny ""stand up""",6736,27021,public,4.0,0.0,https://i.ytimg.com/vi/WjYYdMNUXF8/default.jpg,1544648091,,Joe Rogan Experience #1213 - Dr. Andrew Weil,zQUP1qoWDoEbmsQxvdjxgQ,2178814,1544648091000,2018,12,12,1213,2178814,112,Dr. Andrew Weil
13/03/2013,PowerfulJRE,22,False,917,JRE #338 - Shane Smith,75,3:00:33,i2RCpvil-fs,10833,False,False,"""Joe Rogan Experience"" Podcast ""JRE #338"" JRE 338 Joe Rogan Shane Smith VICE Brian Redban UFC MMA Comedy ""Fear Factor"" ""Joe Rogan Questions Everything"" JRQE",10833,1591,public,4.0,0.0,https://i.ytimg.com/vi/i2RCpvil-fs/default.jpg,1544430412,,Joe Rogan Experience #338 - Shane Smith,zQUP1qoWDoEbmsQxvdjxgQ,152312,1544430412000,2018,12,10,338,152312,180,Shane Smith
06/03/2013,PowerfulJRE,22,False,1101,"JRE #333 - David Lee Roth, Brian Redban",208,2:40:07,aiIHEyvjNdA,9607,False,False,"""Joe Rogan Experience"" Podcast ""JRE #333"" JRE 333 Joe Rogan Brian Redban ""David Lee Roth"" UFC MMA Comedy ""Fear Factor"" ""Joe Rogan Questions Everything"" JRQE",9607,3350,public,4.0,0.0,https://i.ytimg.com/vi/aiIHEyvjNdA/default.jpg,1544430412,,Joe Rogan Experience #333 - David Lee Roth,zQUP1qoWDoEbmsQxvdjxgQ,442770,1544430412000,2018,12,10,333,442770,160,David Lee Roth
08/03/2013,PowerfulJRE,22,False,757,JRE #334 - Dr Amit Goswami,74,2:29:20,xzfSPK9eE_E,8960,False,False,"""Joe Rogan Experience"" Podcast ""JRE #334"" JRE 334 Joe Rogan Amit Goswami UFC MMA Comedy ""Fear Factor"" ""Joe Rogan Questions Everything"" JRQE",8960,1642,public,4.0,0.0,https://i.ytimg.com/vi/xzfSPK9eE_E/default.jpg,1544430412,,Joe Rogan Experience #334 - Dr. Amit Goswami,zQUP1qoWDoEbmsQxvdjxgQ,131815,1544430412000,2018,12,10,334,131815,149,Dr. Amit Goswami
11/03/2013,PowerfulJRE,22,False,1668,,305,2:51:10,MhXiCpQoWDo,10270,False,False,"""Joe Rogan Experience"" Podcast ""JRE #335"" JRE 335 Bas Rutten Joe Rogan Brian Redban UFC MMA Comedy ""Fear Factor"" ""Joe Rogan Questions Everything"" JRQE ""stand up"" funny humor",10270,7550,public,4.0,0.0,https://i.ytimg.com/vi/MhXiCpQoWDo/default.jpg,1544430412,,Joe Rogan Experience #335 - Bas Rutten,zQUP1qoWDoEbmsQxvdjxgQ,1000457,1544430412000,2018,12,10,335,1000457,171,Bas Rutten
12/03/2013,PowerfulJRE,22,False,114,JRE #336 - Scott Sigler,5,1:48:30,eGuwtdAcjOk,6510,False,False,"""Joe Rogan Experience"" Podcast ""JRE #336"" JRE 336 Joe Rogan Scott Sigler Brian Redban UFC MMA Comedy ""Fear Factor"" ""Joe Rogan Questions Everything"" JRQE",6510,242,public,4.0,0.0,https://i.ytimg.com/vi/eGuwtdAcjOk/default.jpg,1544430412,,Joe Rogan Experience #336 - Scott Sigler,zQUP1qoWDoEbmsQxvdjxgQ,21830,1544430412000,2018,12,10,336,21830,108,Scott Sigler
13/03/2013,PowerfulJRE,22,False,215,JRE #337 - Justin Wren,13,1:40:21,MWUDckvf2Lo,6021,False,False,"""Joe Rogan Experience"" Podcast ""JRE #337"" JRE 337 Joe Rogan Brian Redban Justin Wren UFC MMA Comedy ""Fear Factor"" ""Joe Rogan Questions Everything"" JRQE",6021,583,public,4.0,0.0,https://i.ytimg.com/vi/MWUDckvf2Lo/default.jpg,1544430412,,Joe Rogan Experience #337 - Justin Wren,zQUP1qoWDoEbmsQxvdjxgQ,41409,1544430412000,2018,12,10,337,41409,100,Justin Wren
02/04/2013,PowerfulJRE,22,False,228,"Douglas Rushkoff is an American media theorist, writer, columnist, lecturer, graphic novelist and documentarian. He is best known for his  advocacy of open source solutions to social problems, and also has written many books on topics including society, media, and technology.  Rushkoff also had the first syndicated column in the New York Times on cyberculture.",33,1:54:41,QHfOR-byUyU,6881,False,False,"""Joe Rogan Experience"" Podcast ""JRE #346"" JRE 346 Joe Rogan Brian Redban Douglas Rushkoff ""Joe Rogan (Comedian)"" UFC MMA Comedy ""Fear Factor"" ""Joe Rogan Questions Everything"" JRQE",6881,482,public,4.0,0.0,https://i.ytimg.com/vi/QHfOR-byUyU/default.jpg,1544430412,,Joe Rogan Experience #346 - Douglas Rushkoff,zQUP1qoWDoEbmsQxvdjxgQ,49517,1544430412000,2018,12,10,346,49517,114,Douglas Rushkoff
19/03/2013,PowerfulJRE,22,False,266,"JRE #340 - JD Kelley, aka ""Wic"" from The Rogan Board",28,2:46:50,JJGDkl5vKZc,10010,False,False,"""Joe Rogan Experience"" Podcast Joe Rogan Brian Redban JD Wic ""Rogan Board"" Kelley UFC MMA Comedy ""Fear Factor"" ""Joe Rogan Questions Everything"" JRQE",10010,325,public,4.0,0.0,https://i.ytimg.com/vi/JJGDkl5vKZc/default.jpg,1544430412,,Joe Rogan Experience #340 - JD Kelley,zQUP1qoWDoEbmsQxvdjxgQ,37465,1544430412000,2018,12,10,340,37465,166,JD Kelley
30/03/2013,PowerfulJRE,22,False,440,"Stanley Krippner is an American psychologist, and an executive faculty member and Professor of Psychology at Saybrook university in San Francisco. He has written many books covering topics such as psychology and shamanism, including ""The Voice of Rolling Thunder: A Medicine Man's Wisdom for Walking the Red Road"". 

Christopher Ryan, PhD is a psychologist, speaker, and author of New York Times best seller ""Sex At Dawn""",49,2:21:52,V_k_AM2aljg,8512,False,False,"""Joe Rogan Experience"" Podcast ""JRE #344"" JRE 344 Joe Rogan Stanley Krippner Christopher Ryan ""Joe Rogan (Comedian)"" UFC MMA Comedy ""Fear Factor"" ""Joe Rogan Questions Everything"" JRQE",8512,1152,public,4.0,0.0,https://i.ytimg.com/vi/V_k_AM2aljg/default.jpg,1544430412,,"Joe Rogan Experience #344 - Stanley Krippner, Christopher Ryan",zQUP1qoWDoEbmsQxvdjxgQ,103466,1544430412000,2018,12,10,344,103466,141,"Stanley Krippner, Christopher Ryan"
01/04/2013,PowerfulJRE,22,False,279,"Bryan Callen is an actor, stand-up comedian, and host of his own podcasts: The Bryan Callen Show and The 10-Minute Podcast, with co-hosts Will Sasso and Chris D'Elia.",36,2:51:20,k65aHBrDrYk,10280,False,False,"""Joe Rogan Experience"" Podcast ""JRE #345"" JRE 345 Joe Rogan rian Redban Bryan Callen ""Joe Rogan (Comedian)"" UFC MMA Comedy ""Fear Factor"" ""Joe Rogan Questions Everything"" JRQE",10280,659,public,4.0,0.0,https://i.ytimg.com/vi/k65aHBrDrYk/default.jpg,1544430412,,Joe Rogan Experience #345 - Bryan Callen,zQUP1qoWDoEbmsQxvdjxgQ,83908,1544430412000,2018,12,10,345,83908,171,Bryan Callen
04/03/2013,PowerfulJRE,22,False,12839,"JRE #331 - Dr. Steven Greer, Brian Redban",2100,2:51:56,0gVLv5eg4Xg,10316,False,False,"""Joe Rogan Experience"" Podcast ""JRE #331"" JRE 331 Joe Rogna Brian Redban Steven Greer UFC MMA Comedy ""Fear Factor"" ""Joe Rogan Questions Everything"" JRQE",10316,20901,public,4.0,0.0,https://i.ytimg.com/vi/0gVLv5eg4Xg/default.jpg,1544430412,,Joe Rogan Experience #331 - Dr. Steven Greer,zQUP1qoWDoEbmsQxvdjxgQ,2066074,1544430412000,2018,12,10,331,2066074,171,Dr. Steven Greer
12/04/2013,PowerfulJRE,22,False,1004,"Joey ""CoCo"" Diaz is a Cuban-American stand up comedian and actor.  Joey also hosts his own podcast called ""The Church of What's Happening Now""",264,2:58:31,L-POgaxl6vA,10711,False,False,"""Joe Rogan Experience"" podcast ""JRE #347"" 347 JRE Joe Rogan Brian Redban Joey CoCo Diaz MadFlavor ""Joey Diaz (Actor)"" UFC MMA Comedy ""Fear Factor"" ""Joe Rogan Questions Everything"" JRQE",10711,3546,public,4.0,0.0,https://i.ytimg.com/vi/L-POgaxl6vA/default.jpg,1544430412,,Joe Rogan Experience #347 - Joey Diaz,zQUP1qoWDoEbmsQxvdjxgQ,424248,1544430412000,2018,12,10,347,424248,178,Joey Diaz
15/04/2013,PowerfulJRE,22,False,305,"Steven Rinella is an outdoorsman, author, and television host. He currently hosts ""MeatEater"" on the Sportsman Channel. Bryan Callen is an actor, stand-up comedian, and host of his own podcasts: ""The Bryan Callen Show"" and ""the Ten Minute Podcast"", with co-hosts Will Sasso and Chris D'Elia. Cam Edwards is the host of ""Cam and Company"" on the Sportsman Channel.",74,2:54:58,sY_5zs-47A0,10498,False,False,"""Joe Rogan Experience"" podcast ""JRE #348"" 348 JRE Joe Rogan Rinella MeatEater Cam Edwards ""Joe Rogan (Comedian)"" Bryan Callen Steven UFC MMA Comedy ""Fear Factor"" ""Joe Rogan Questions Everything"" JRQE",10498,1113,public,4.0,0.0,https://i.ytimg.com/vi/sY_5zs-47A0/default.jpg,1544430412,,"Joe Rogan Experience #348 - Steven Rinella, Bryan Callen, Cam Edwards",zQUP1qoWDoEbmsQxvdjxgQ,155581,1544430412000,2018,12,10,348,155581,174,"Steven Rinella, Bryan Callen, Cam Edwards"
16/04/2013,PowerfulJRE,22,False,236,"Greg Fitzsimmons is an American stand-up comedian. He also hosts his own podcast ""FitzDog Radio"" available on iTunes and every Monday on Sirius Howard 101.",53,2:43:55,VXWCTCOYknQ,9835,False,False,"""Joe Rogan Experience"" podcast ""JRE #349"" 349 Joe Rogan Brian Redban Greg Fitzsimmons ""Joe Rogan (Comedian)"" UFC MMA Comedy ""Fear Factor"" ""Joe Rogan Questions Everything"" JRQE",9835,519,public,4.0,0.0,https://i.ytimg.com/vi/VXWCTCOYknQ/default.jpg,1544430412,,Joe Rogan Experience #349 - Greg Fitzsimmons,zQUP1qoWDoEbmsQxvdjxgQ,58595,1544430412000,2018,12,10,349,58595,163,Greg Fitzsimmons
05/03/2013,PowerfulJRE,22,False,249,"JRE #332 - Tom Segura, Brian Redban
(The 2nd half of the video sync may be a bit off)",36,2:48:26,4BHAAD21K7M,10106,False,False,"""Joe Rogan Experience"" Podcast ""JRE #332"" JRE 332 Joe Rogan Brian Redban Tom Segura UFC MMA Comedy ""Fear Factor"" ""Joe Rogan Questions Everything"" JRQE",10106,758,public,4.0,0.0,https://i.ytimg.com/vi/4BHAAD21K7M/default.jpg,1544430412,,Joe Rogan Experience #332 - Tom Segura,zQUP1qoWDoEbmsQxvdjxgQ,92196,1544430412000,2018,12,10,332,92196,168,Tom Segura
19/02/2013,PowerfulJRE,22,False,309,"JRE #325 - James ""The Colossus"" Thompson, Brian Redban",12,2:49:06,E39Ez358jcM,10146,False,False,"""Joe Rogan Experience Podcast"" ""Brian Redban"" Redban ""Joe Rogan"" Rogan ""James Thompson"" Thompson Colussus ""JRE #325"" 325 UFC MMA Comedy ""Fear Factor"" ""Joe Rogan Questions Everything"" JRQE",10146,493,public,4.0,0.0,https://i.ytimg.com/vi/E39Ez358jcM/default.jpg,1544430412,,"Joe Rogan Experience #325 - James ""The Colossus"" Thompson",zQUP1qoWDoEbmsQxvdjxgQ,57061,1544430412000,2018,12,10,325,57061,169,"James ""The Colossus"" Thompson"
27/02/2013,PowerfulJRE,22,False,368,"JRE #330 - Eddie Huang, Brian Redban",50,1:35:54,5kW_BJ9d2d0,5754,False,False,"""Joe Rogan Experience"" Podcast ""JRE #330"" JRE 330 Joe Rogan Brian Redban Eddie Huang UFC MMA Comedy ""Fear Factor"" ""Joe Rogan Questions Everything"" JRQE",5754,1112,public,4.0,0.0,https://i.ytimg.com/vi/5kW_BJ9d2d0/default.jpg,1544430412,,Joe Rogan Experience #330 - Eddie Huang,zQUP1qoWDoEbmsQxvdjxgQ,127746,1544430412000,2018,12,10,330,127746,95,Eddie Huang
26/02/2013,PowerfulJRE,22,False,813,"JRE #329 - Duncan Trussell, Brian Redban",123,2:27:33,7wpixVId0b4,8853,False,False,"""Joe Rogan Experience"" Podcast ""JRE #329"" JRE 329 Joe Rogan Brian Redban Duncan Trussell UFC MMA Comedy ""Fear Factor"" ""Joe Rogan Questions Everything"" JRQE",8853,2648,public,4.0,0.0,https://i.ytimg.com/vi/7wpixVId0b4/default.jpg,1544430412,,Joe Rogan Experience #329 - Duncan Trussell,zQUP1qoWDoEbmsQxvdjxgQ,286534,1544430412000,2018,12,10,329,286534,147,Duncan Trussell
16/01/2013,PowerfulJRE,22,False,564,"JRE #300 - Joey Diaz, Brian Redban",159,2:49:17,8HrP0PcvILs,10157,False,False,"""Joe Rogan Experience"" ""JRE #300"" 300 ""Joe Rogan"" ""Joey Diaz"" ""Brian Redban"" Rogan Coco MadFlavor Redban UFC MMA Comedy ""Fear Factor"" ""Joe Rogan Questions Everything"" JRQE",10157,2914,public,4.0,0.0,https://i.ytimg.com/vi/8HrP0PcvILs/default.jpg,1544430412,,Joe Rogan Experience #300 - Joey Diaz,zQUP1qoWDoEbmsQxvdjxgQ,336895,1544430412000,2018,12,10,300,336895,169,Joey Diaz
16/01/2013,PowerfulJRE,22,False,445,"JRE #301 - Doug Stanhope, Brian Redban",117,3:00:24,t4UJ8rMW_u0,10824,False,False,"""Joe Rogan Experience"" Podcast ""JRE #301"" 301 ""Joe Rogan"" ""Doug Stanhope"" ""Brian Redban"" Rogan Stanhope Redban ""End of the World"" UFC MMA Comedy ""Fear Factor"" ""Joe Rogan Questions Everything"" JRQE",10824,1750,public,4.0,0.0,https://i.ytimg.com/vi/t4UJ8rMW_u0/default.jpg,1544430412,,Joe Rogan Experience #301 - Doug Stanhope,zQUP1qoWDoEbmsQxvdjxgQ,275651,1544430412000,2018,12,10,301,275651,180,Doug Stanhope
15/01/2013,PowerfulJRE,22,False,120,"JRE #304 - Andrew Dice Clay, Brian Redban",49,2:36:42,p0zNBUF-nR4,9402,False,False,"""Joe Rogan"" ""Andrew Dice Clay"" ""Brian Redban"" ""Joe Rogan Experience"" Podcast ""JRE #304"" 304 Dice Clay Rogan Redban UFC MMA Comedy ""Fear Factor"" ""Joe Rogan Questions Everything"" JRQE",9402,717,public,4.0,0.0,https://i.ytimg.com/vi/p0zNBUF-nR4/default.jpg,1544430412,,Joe Rogan Experience #304 - Andrew Dice Clay,zQUP1qoWDoEbmsQxvdjxgQ,74441,1544430412000,2018,12,10,304,74441,156,Andrew Dice Clay
15/01/2013,PowerfulJRE,22,False,60,"JRE #308 - Steve Volk, Brian Redban",22,2:34:35,3F7y0U6L6cI,9275,False,False,"""Joe Rogan"" ""Steve Volk"" ""Brian Redban"" ""Joe Rogan Experience"" Podcast ""JRE #3-8"" 308 Rogan Redban Fringeology UFC MMA Comedy ""Fear Factor"" ""Joe Rogan Questions Everything"" JRQE",9275,240,public,4.0,0.0,https://i.ytimg.com/vi/3F7y0U6L6cI/default.jpg,1544430412,,Joe Rogan Experience #308 - Steve Volk,zQUP1qoWDoEbmsQxvdjxgQ,26357,1544430412000,2018,12,10,308,26357,154,Steve Volk
15/01/2013,PowerfulJRE,22,False,5674,"JRE #310 - Neil Degrasse Tyson, Brian Redban",1591,2:33:17,ZpHh_TU2kcI,9197,False,False,"""Joe Rogan"" ""Neil deGrasse Tyson"" ""Brian Redban"" ""JRE #310"" 310 ""Joe Rogan Experience"" Podcast UFC MMA Comedy ""Fear Factor"" ""Joe Rogan Questions Everything"" JRQE",9197,27744,public,4.0,0.0,https://i.ytimg.com/vi/ZpHh_TU2kcI/default.jpg,1544430412,,Joe Rogan Experience #310 - Neil Degrasse Tyson,zQUP1qoWDoEbmsQxvdjxgQ,2876718,1544430412000,2018,12,10,310,2876718,153,Neil Degrasse Tyson
14/01/2013,PowerfulJRE,22,False,293,"JRE #312 - Steve Rinella, Bryan Callen",105,2:58:36,WPt2Ec1QJlk,10716,False,False,"""Joe Rogan"" ""Joe Rogan Experience"" Podcast ""Steve Rinella"" ManEater ""Bryan Callen"" Rogan JRE ""JRE #312"" 312 UFC MMA Comedy ""Fear Factor"" ""Joe Rogan Questions Everything"" JRQE",10716,1410,public,4.0,0.0,https://i.ytimg.com/vi/WPt2Ec1QJlk/default.jpg,1544430412,,"Joe Rogan Experience #312 - Steve Rinella, Bryan Callen",zQUP1qoWDoEbmsQxvdjxgQ,180379,1544430412000,2018,12,10,312,180379,178,"Steve Rinella, Bryan Callen"
17/01/2013,PowerfulJRE,22,False,31,"JRE #314 - Ian Edwards, Brian Redban",11,2:48:30,KIxN8Bi9-Fw,10110,False,False,"""Joe Rogan Experience"" Podcast ""JRE #314"" 314 ""Joe Rogan"" ""Brian Redban"" ""Ian Edwards"" Rogan Redban UFC MMA Comedy ""Fear Factor"" ""Joe Rogan Questions Everything"" JRQE",10110,209,public,4.0,0.0,https://i.ytimg.com/vi/KIxN8Bi9-Fw/default.jpg,1544430412,,Joe Rogan Experience #314 - Ian Edwards,zQUP1qoWDoEbmsQxvdjxgQ,20560,1544430412000,2018,12,10,314,20560,168,Ian Edwards
22/01/2013,PowerfulJRE,22,False,522,"JRE #316 - Enson Inoue, Chuck Lidell",71,1:57:29,rt1aL58hxms,7049,False,False,"""Joe Rogan Experience"" Podcast ""JRE #316"" 316 Rogan ""Joe Rogan"" ""Enson Inoue"" ""Chuck Lidell"" Enson Inoue Lidell UFC MMA Comedy ""Fear Factor"" ""Joe Rogan Questions Everything"" JRQE",7049,2062,public,4.0,0.0,https://i.ytimg.com/vi/rt1aL58hxms/default.jpg,1544430412,,"Joe Rogan Experience #316 - Enson Inoue, Chuck Lidell",zQUP1qoWDoEbmsQxvdjxgQ,259091,1544430412000,2018,12,10,316,259091,117,"Enson Inoue, Chuck Lidell"
22/01/2013,PowerfulJRE,22,False,568,"JRE #317 - David Choe, Yoshi Obayashi, Brian Redban",80,2:22:42,pkhmOG9hx3c,8562,False,False,"""Joe Rogan Experience"" Podcast ""JRE #317"" 317 ""Joe Rogan"" Rogan ""Brian Redban"" Redban ""David Choe"" Yoshi Choe UFC MMA Comedy ""Fear Factor"" ""Joe Rogan Questions Everything"" JRQE",8562,2008,public,4.0,0.0,https://i.ytimg.com/vi/pkhmOG9hx3c/default.jpg,1544430412,,"Joe Rogan Experience #317 - David Choe, Yoshi Obayashi",zQUP1qoWDoEbmsQxvdjxgQ,220284,1544430412000,2018,12,10,317,220284,142,"David Choe, Yoshi Obayashi"
28/01/2013,PowerfulJRE,22,False,1224,"JRE #319 - Alex Honnold, Brian Redban",182,2:32:26,OusYaNWBy08,9146,False,False,"""Joe Rogan Experience"" Podcast JRE ""JRE #319"" 319 ""Alex Honnold"" ""Brian Redban"" Redban ""Joe Rogan"" Rogan UFC MMA Comedy ""Fear Factor"" ""Joe Rogan Questions Everything"" JRQE",9146,5180,public,4.0,0.0,https://i.ytimg.com/vi/OusYaNWBy08/default.jpg,1544430412,,Joe Rogan Experience #319 - Alex Honnold,zQUP1qoWDoEbmsQxvdjxgQ,650840,1544430412000,2018,12,10,319,650840,152,Alex Honnold
04/02/2013,PowerfulJRE,22,False,307,"JRE #321 - Melissa Etheridge, Brian Redban",49,2:06:57,gy0u9dxfVQM,7617,False,False,"""Joe Rogan Experience"" Podcast JRE ""JRE #321"" 321 ""Joe Rogan"" Rogan ""Brian Redban"" Redban ""Meilssa Etheridge"" Etheridge UFC MMA Comedy ""Fear Factor"" ""Joe Rogan Questions Everything"" JRQE",7617,334,public,4.0,0.0,https://i.ytimg.com/vi/gy0u9dxfVQM/default.jpg,1544430412,,Joe Rogan Experience #321 - Melissa Etheridge,zQUP1qoWDoEbmsQxvdjxgQ,41357,1544430412000,2018,12,10,321,41357,126,Melissa Etheridge
05/02/2013,PowerfulJRE,22,False,571,"JRE #322 - Ari Shaffir, Brian Redban",108,2:51:18,uDS51WxvT_c,10278,False,False,"""Joe Rogan Experience"" Podcast ""JRE #322"" 322 ""Joe Rogan"" Rogan ""Brian Redban"" Redban ""Ari Shaffir"" Shaffir UFC MMA Comedy ""Fear Factor"" ""Joe Rogan Questions Everything"" JRQE",10278,527,public,4.0,0.0,https://i.ytimg.com/vi/uDS51WxvT_c/default.jpg,1544430412,,Joe Rogan Experience #322 - Ari Shaffir,zQUP1qoWDoEbmsQxvdjxgQ,68820,1544430412000,2018,12,10,322,68820,171,Ari Shaffir
18/02/2013,PowerfulJRE,22,False,118,"JRE #324 - Sam Sheridan, Brian Redban",5,2:33:50,zIgGFo5mctY,9230,False,False,"""Joe Rogan Experience Podcast"" ""JRE #324"" 324 Rogan Joe Brian Redban ""Sam Sheridan"" UFC MMA Comedy ""Fear Factor"" ""Joe Rogan Questions Everything"" JRQE",9230,216,public,4.0,0.0,https://i.ytimg.com/vi/zIgGFo5mctY/default.jpg,1544430412,,Joe Rogan Experience #324 - Sam Sheridan,zQUP1qoWDoEbmsQxvdjxgQ,20325,1544430412000,2018,12,10,324,20325,153,Sam Sheridan
25/02/2013,PowerfulJRE,22,False,744,"JRE #328 - Dan Carlin, Brian Redban",178,2:55:35,nvqwztjcSNg,10535,False,False,"""JRE #328"" ""Joe Rogan Experience"" Podcast JRE 328 Joe Rogan Brian Redban Dan Carlin UFC MMA Comedy ""Fear Factor"" ""Joe Rogan Questions Everything"" JRQE",10535,3061,public,4.0,0.0,https://i.ytimg.com/vi/nvqwztjcSNg/default.jpg,1544430412,,Joe Rogan Experience #328 - Dan Carlin,zQUP1qoWDoEbmsQxvdjxgQ,388815,1544430412000,2018,12,10,328,388815,175,Dan Carlin
06/02/2013,PowerfulJRE,22,False,445,"JRE #323 - ""Freeway"" Rick Ross, Brian Redban",40,1:51:34,8fEN8g6cGCw,6694,False,False,"""Joe Rogan Experience"" Podcast ""Joe Rogan"" Rogan ""Brian Redban"" Redban ""JRE #323"" 323 Freeway ""Rick Ross"" ""The Real Rick Ross"" UFC MMA Comedy ""Fear Factor"" ""Joe Rogan Questions Everything"" JRQE",6694,963,public,4.0,0.0,https://i.ytimg.com/vi/8fEN8g6cGCw/default.jpg,1544430412,,"Joe Rogan Experience #323 - ""Freeway"" Rick Ross",zQUP1qoWDoEbmsQxvdjxgQ,112953,1544430412000,2018,12,10,323,112953,111,"""Freeway"" Rick Ross"
18/03/2013,PowerfulJRE,22,False,206,"JRE #339 - Jacob Ward, editor of Popular Science magazine",19,2:40:42,stb0v6ZXu9o,9642,False,False,"UFC MMA Comedy ""Fear Factor"" ""Joe Rogan Questions Everything"" JRQE",9642,425,public,4.0,0.0,https://i.ytimg.com/vi/stb0v6ZXu9o/default.jpg,1544430412,,Joe Rogan Experience #339 - Jacob Ward,zQUP1qoWDoEbmsQxvdjxgQ,58735,1544430412000,2018,12,10,339,58735,160,Jacob Ward
05/05/2013,PowerfulJRE,22,False,79,,26,1:58:34,0h7085QF6fI,7114,False,False,"""Joe Rogan Experience"" podcast ""JRE #220"" 220 JRE Joe Rogan Bert Kreischer ""The Machine"" Brian Redban ""Joe Rogan (Comedian)"" UFC MMA Comedy ""Fear Factor"" ""Joe Rogan Questions Everything"" JRQE",7114,413,public,4.0,0.0,https://i.ytimg.com/vi/0h7085QF6fI/default.jpg,1544429475,,Joe Rogan Experience #220 - Bert Kreischer,zQUP1qoWDoEbmsQxvdjxgQ,44121,1544429475000,2018,12,10,220,44121,118,Bert Kreischer
04/05/2013,PowerfulJRE,22,False,56,,31,2:50:58,2iEeWaIe-jE,10258,False,False,"""Joe Rogan Experience"" podcast ""JRE #212"" 212 JRE Joe Rogan Brian Redban Bryan Callen ""Joe Rogan (Comedian)"" UFC MMA Comedy ""Fear Factor"" ""Joe Rogan Questions Everything"" JRQE",10258,500,public,4.0,0.0,https://i.ytimg.com/vi/2iEeWaIe-jE/default.jpg,1544429475,,Joe Rogan Experience #212 - Bryan Callen,zQUP1qoWDoEbmsQxvdjxgQ,56398,1544429475000,2018,12,10,212,56398,170,Bryan Callen
04/05/2013,PowerfulJRE,22,False,227,,74,2:34:27,g1H3TuNK-4g,9267,False,False,"""Joe Rogan Experience"" podcast ""JRE #215"" 215 JRE Joe Rogan Brian Redban Andrew Dice Clay ""Joe Rogan (Comedian)"" UFC MMA Comedy ""Fear Factor"" ""Joe Rogan Questions Everything"" JRQE",9267,1057,public,4.0,0.0,https://i.ytimg.com/vi/g1H3TuNK-4g/default.jpg,1544429475,,Joe Rogan Experience #215 - Andrew Dice Clay,zQUP1qoWDoEbmsQxvdjxgQ,119684,1544429475000,2018,12,10,215,119684,154,Andrew Dice Clay
04/05/2013,PowerfulJRE,22,False,572,,140,2:43:52,C_UF2sw2Th4,9832,False,False,"""Joe Rogan Experience"" podcast ""JRE #216"" 216 JRE Joe Rogan Brian Redban Chael Sonnen ""Joe Rogan (Comedian)"" UFC MMA Comedy ""Fear Factor"" ""Joe Rogan Questions Everything"" JRQE",9832,2069,public,4.0,0.0,https://i.ytimg.com/vi/C_UF2sw2Th4/default.jpg,1544429475,,Joe Rogan Experience #216 - Chael Sonnen,zQUP1qoWDoEbmsQxvdjxgQ,300112,1544429475000,2018,12,10,216,300112,163,Chael Sonnen
05/05/2013,PowerfulJRE,22,False,179,,46,1:30:36,Hj8a6vs5lM8,5436,False,False,"""Joe Rogan Experience"" podcast ""JRE #217"" 217 JRE Joe Rogan Brian Redban Michael Ruppert ""Joe Rogan (Comedian)"" UFC MMA Comedy ""Fear Factor"" ""Joe Rogan Questions Everything"" JRQE",5436,447,public,4.0,0.0,https://i.ytimg.com/vi/Hj8a6vs5lM8/default.jpg,1544429475,,Joe Rogan Experience #217 - Michael Ruppert,zQUP1qoWDoEbmsQxvdjxgQ,57777,1544429475000,2018,12,10,217,57777,90,Michael Ruppert
05/05/2013,PowerfulJRE,22,False,14,,4,2:18:50,CVAva4D0jyw,8330,False,False,"""Joe Rogan Experience"" ""JRE #218"" 218 JRE Joe Rogan Brian Redban Dom Irrera ""Joe Rogan (Comedian)"" UFC MMA Comedy ""Fear Factor"" ""Joe Rogan Questions Everything"" JRQE",8330,142,public,4.0,0.0,https://i.ytimg.com/vi/CVAva4D0jyw/default.jpg,1544429475,,Joe Rogan Experience #218 - Dom Irrera,zQUP1qoWDoEbmsQxvdjxgQ,13568,1544429475000,2018,12,10,218,13568,138,Dom Irrera
05/05/2013,PowerfulJRE,22,False,245,,87,2:26:24,oUKhqeSU2ew,8784,False,False,"""Joe Rogan Experience"" podcast ""JRE #219"" 219 JRE Joe Rogan Joey CoCo Diaz MadFlavor Brian Redban ""Joey Diaz (Actor)"" UFC MMA Comedy ""Fear Factor"" ""Joe Rogan Questions Everything"" JRQE",8784,1916,public,4.0,0.0,https://i.ytimg.com/vi/oUKhqeSU2ew/default.jpg,1544429475,,Joe Rogan Experience #219 - Joey Diaz,zQUP1qoWDoEbmsQxvdjxgQ,193923,1544429475000,2018,12,10,219,193923,146,Joey Diaz
05/05/2013,PowerfulJRE,22,False,93,,22,2:03:07,HFO6L4Z6aWM,7387,False,False,"""Joe Rogan Experience"" ""JRE #221"" 221 JRE Joe Rogan Brian Redban Shane Smith VICE ""Joe Rogan (Comedian)"" UFC MMA Comedy ""Fear Factor"" ""Joe Rogan Questions Everything"" JRQE",7387,491,public,4.0,0.0,https://i.ytimg.com/vi/HFO6L4Z6aWM/default.jpg,1544429475,,Joe Rogan Experience #221 - Shane Smith,zQUP1qoWDoEbmsQxvdjxgQ,57540,1544429475000,2018,12,10,221,57540,123,Shane Smith
05/05/2013,PowerfulJRE,22,False,172,,58,2:37:57,P9Wc28j5_38,9477,False,False,"""Joe Rogan Experience"" podcast ""JRE #222"" 222 JRE Joe Rogan Mike Dolce Joey CoCo Diaz MadFlavor Brian Redban ""Joey Diaz (Actor)"" UFC MMA Comedy ""Fear Factor"" ""Joe Rogan Questions Everything"" JRQE",9477,766,public,4.0,0.0,https://i.ytimg.com/vi/P9Wc28j5_38/default.jpg,1544429475,,"Joe Rogan Experience #222 - Mike Dolce, Joey Diaz",zQUP1qoWDoEbmsQxvdjxgQ,83696,1544429475000,2018,12,10,222,83696,157,"Mike Dolce, Joey Diaz"
05/05/2013,PowerfulJRE,22,False,34,,4,2:39:25,QoL1LbkMkpM,9565,False,False,"""Joe Rogan Experience"" ""JRE #224"" 224 JRE Joe Rogan Brian Redban ""Joe Rogan (Comedian)"" UFC MMA Comedy ""Fear Factor"" ""Joe Rogan Questions Everything"" JRQE",9565,202,public,4.0,0.0,https://i.ytimg.com/vi/QoL1LbkMkpM/default.jpg,1544429475,,Joe Rogan Experience #224 - Brian Redban,zQUP1qoWDoEbmsQxvdjxgQ,18380,1544429475000,2018,12,10,224,18380,159,Brian Redban
05/05/2013,PowerfulJRE,22,False,396,,67,2:56:38,G1hFBZfcZhQ,10598,False,False,"""Joe Rogan Experience"" podcast ""JRE #226"" 226 Joe Rogan John Anthony West Brian Redban UFC MMA Comedy ""Fear Factor"" ""Joe Rogan Questions Everything"" JRQE",10598,1742,public,4.0,0.0,https://i.ytimg.com/vi/G1hFBZfcZhQ/default.jpg,1544429475,,Joe Rogan Experience #226 - John Anthony West,zQUP1qoWDoEbmsQxvdjxgQ,116785,1544429475000,2018,12,10,226,116785,176,John Anthony West
05/05/2013,PowerfulJRE,22,False,63,,13,2:54:16,7Mv_U_m0AOQ,10456,False,False,"""Joe Rogan Experience"" ""JRE #227"" 227 JRE Joe Rogan Ari Shaffir Brian Redban UFC MMA Comedy ""Fear Factor"" ""Joe Rogan Questions Everything"" JRQE",10456,283,public,4.0,0.0,https://i.ytimg.com/vi/7Mv_U_m0AOQ/default.jpg,1544429475,,Joe Rogan Experience #227 - Ari Shaffir,zQUP1qoWDoEbmsQxvdjxgQ,30620,1544429475000,2018,12,10,227,30620,174,Ari Shaffir
06/05/2013,PowerfulJRE,22,False,579,,211,1:38:52,v_lDUmJkpZk,5932,False,False,"""Joe Rogan Experience"" podcast ""JRE #228"" 228 JRE Joe Rogan Brian Redban Bill Burr ""Joe Rogan (Comedian)"" UFC MMA Comedy ""Fear Factor"" ""Joe Rogan Questions Everything"" JRQE",5932,3350,public,4.0,0.0,https://i.ytimg.com/vi/v_lDUmJkpZk/default.jpg,1544429475,,Joe Rogan Experience #228 - Bill Burr,zQUP1qoWDoEbmsQxvdjxgQ,479647,1544429475000,2018,12,10,228,479647,98,Bill Burr
06/05/2013,PowerfulJRE,22,False,18,,5,1:02:48,dtewc68ut8o,3768,False,False,"""Joe Rogan Experience"" podcast ""JRE #231"" 231 JRE Joe Rogan Brian Redban Dom Irrera ""Joe Rogan (Comedian)"" UFC MMA Comedy ""Fear Factor"" ""Joe Rogan Questions Everything"" JRQE",3768,146,public,4.0,0.0,https://i.ytimg.com/vi/dtewc68ut8o/default.jpg,1544429475,,Joe Rogan Experience #231 - Dom Irrera,zQUP1qoWDoEbmsQxvdjxgQ,16394,1544429475000,2018,12,10,231,16394,62,Dom Irrera
29/05/2013,PowerfulJRE,22,False,2129,,549,2:21:49,_JIH2fT336E,8509,False,False,"""Joe Rogan Experience"" podcast ""JRE #232"" 232 JRE Joe Rogan ""Giorgio A. Tsoukalos (Person)"" Giorgio Tsoukalos Brian Redban UFC MMA Comedy ""Fear Factor"" ""Joe Rogan Questions Everything"" JRQE",8509,5702,public,4.0,0.0,https://i.ytimg.com/vi/_JIH2fT336E/default.jpg,1544429475,,Joe Rogan Experience #232 - Giorgio Tsoukalos,zQUP1qoWDoEbmsQxvdjxgQ,639813,1544429475000,2018,12,10,232,639813,141,Giorgio Tsoukalos
29/05/2013,PowerfulJRE,22,False,15,,2,2:18:02,DicFHors_QI,8282,False,False,"""Joe Rogan Experience"" podcast ""JRE #234"" 234 JRE Joe Rogan Adam Scorgie Brian Redban UFC MMA Comedy ""Fear Factor"" ""Joe Rogan Questions Everything"" JRQE",8282,118,public,4.0,0.0,https://i.ytimg.com/vi/DicFHors_QI/default.jpg,1544429475,,Joe Rogan Experience #234 - Adam Scorgie,zQUP1qoWDoEbmsQxvdjxgQ,9501,1544429475000,2018,12,10,234,9501,138,Adam Scorgie
03/05/2013,PowerfulJRE,22,False,18,,6,2:35:13,2lnTmFKNJMU,9313,False,False,"""Joe Rogan Experience"" podcast ""JRE #209"" 209 JRE Joe Rogan Eddie Ifft Brian Redban ""Joe Rogan (Comedian)"" UFC MMA Comedy ""Fear Factor"" ""Joe Rogan Questions Everything"" JRQE",9313,119,public,4.0,0.0,https://i.ytimg.com/vi/2lnTmFKNJMU/default.jpg,1544429475,,Joe Rogan Experience #209 - Eddie Ifft,zQUP1qoWDoEbmsQxvdjxgQ,14219,1544429475000,2018,12,10,209,14219,155,Eddie Ifft
03/05/2013,PowerfulJRE,22,False,1215,,323,1:35:02,xZ1xDnuUM5Q,5702,False,False,"""Joe Rogan Experience"" podcast ""JRE @208"" 208 JRE Joe Rogan Brian Redban Freeway Rick Ricky Ross ""Joe Rogan (Comedian)"" UFC MMA Comedy ""Fear Factor"" ""Joe Rogan Questions Everything"" JRQE",5702,6179,public,4.0,0.0,https://i.ytimg.com/vi/xZ1xDnuUM5Q/default.jpg,1544429475,,Joe Rogan Experience #208 - Freeway Rick Ross,zQUP1qoWDoEbmsQxvdjxgQ,556245,1544429475000,2018,12,10,208,556245,95,Freeway Rick Ross
03/05/2013,PowerfulJRE,22,False,154,,41,2:49:03,DGarUxOGbBE,10143,False,False,"""Joe Rogan Experience"" podcast ""JRE #207"" 207 JRE Joe Rogan Tom Segura Christina Pazsitzky Brian Redban ""Joe Rogan (Comedian)"" UFC MMA Comedy ""Fear Factor"" ""Joe Rogan Questions Everything"" JRQE",10143,690,public,4.0,0.0,https://i.ytimg.com/vi/DGarUxOGbBE/default.jpg,1544429475,,"Joe Rogan Experience #207 - Tom Segura, Christina Pazsitzky",zQUP1qoWDoEbmsQxvdjxgQ,89056,1544429475000,2018,12,10,207,89056,169,"Tom Segura, Christina Pazsitzky"
03/05/2013,PowerfulJRE,22,False,205,,50,2:50:03,PQK9vsR6azI,10203,False,False,"""Joe Rogan Experience"" ""JRE #206"" 206 JRE Joe Rogan Eddie Bravo Brian Redban ""Joe Rogan (Comedian)"" UFC MMA Comedy ""Fear Factor"" ""Joe Rogan Questions Everything"" JRQE",10203,733,public,4.0,0.0,https://i.ytimg.com/vi/PQK9vsR6azI/default.jpg,1544429475,,Joe Rogan Experience #206  Eddie Bravo,zQUP1qoWDoEbmsQxvdjxgQ,78504,1544429475000,2018,12,10,206,78504,170,Joe Rogan Experience #206  Eddie Bravo
03/05/2013,PowerfulJRE,22,False,47,,27,2:34:41,jO1HabI-Vuc,9281,False,False,"""Joe Rogan Experience"" ""JRE #205"" 205 JRE Joe Rogan Neal Brennan Brian Redban ""Joe Rogan (Comedian)"" UFC MMA Comedy ""Fear Factor"" ""Joe Rogan Questions Everything"" JRQE",9281,190,public,4.0,0.0,https://i.ytimg.com/vi/jO1HabI-Vuc/default.jpg,1544429475,,Joe Rogan Experience #205  Neal Brennan,zQUP1qoWDoEbmsQxvdjxgQ,30288,1544429475000,2018,12,10,205,30288,154,Joe Rogan Experience #205  Neal Brennan
11/04/2013,PowerfulJRE,22,False,144,,121,2:31:57,1Euby_x-fLo,9117,False,False,"""Joe Rogan Experience"" Podcast ""JRE #204"" 204 JRE Amy Schumer Brian Redban Joe Rogan ""Joe Rogan (Comedian)"" UFC MMA Comedy ""Fear Factor"" ""Joe Rogan Questions Everything"" JRQE",9117,540,public,4.0,0.0,https://i.ytimg.com/vi/1Euby_x-fLo/default.jpg,1544429475,,Joe Rogan Experience #204 - Amy Schumer,zQUP1qoWDoEbmsQxvdjxgQ,108893,1544429475000,2018,12,10,204,108893,151,Amy Schumer
11/04/2013,PowerfulJRE,22,False,560,,200,1:59:29,D68x7V0iWrk,7169,False,False,"""Joe Rogan Experience"" Podcast ""JRE #203"" 203 JRE Joe Rogan Brian Redban Jim Jefferies ""Joe Rogan (Comedian)"" UFC MMA Comedy ""Fear Factor"" ""Joe Rogan Questions Everything"" JRQE",7169,2157,public,4.0,0.0,https://i.ytimg.com/vi/D68x7V0iWrk/default.jpg,1544429475,,Joe Rogan Experience #203 - Jim Jefferies,zQUP1qoWDoEbmsQxvdjxgQ,427661,1544429475000,2018,12,10,203,427661,119,Jim Jefferies
11/04/2013,PowerfulJRE,22,False,47,,21,2:23:34,33VDAPxA1jo,8614,False,False,"""Joe Rogan Experience"" Podcast ""JRE #202"" 202 JRE Joe Rogan Brian Redban Dom Irrera ""Joe Rogan (Comedian)"" UFC MMA Comedy ""Fear Factor"" ""Joe Rogan Questions Everything"" JRQE",8614,214,public,4.0,0.0,https://i.ytimg.com/vi/33VDAPxA1jo/default.jpg,1544429475,,Joe Rogan Experience #202 - Dom Irrera,zQUP1qoWDoEbmsQxvdjxgQ,27521,1544429475000,2018,12,10,202,27521,143,Dom Irrera
11/04/2013,PowerfulJRE,22,False,104,,26,2:29:16,TFMO_xknagc,8956,False,False,"""Joe Rogan Experience"" Podcast ""JRE #201"" 201 JRE Joe Rogan Brian Redban EverLast ""Joe Rogan (Comedian)"" UFC MMA Comedy ""Fear Factor"" ""Joe Rogan Questions Everything"" JRQE",8956,404,public,4.0,0.0,https://i.ytimg.com/vi/TFMO_xknagc/default.jpg,1544429475,,Joe Rogan Experience #201 - EverLast,zQUP1qoWDoEbmsQxvdjxgQ,43838,1544429475000,2018,12,10,201,43838,149,EverLast
12/04/2013,PowerfulJRE,22,False,606,,130,2:43:21,KzIz_eRcDZE,9801,False,False,"""Joe Rogan Experience"" podcast ""JRE #200"" 200 JRE Joe Rogan Duncan Trussell ""Joe Rogan (Comedian)"" Brian Redban UFC MMA Comedy ""Fear Factor"" ""Joe Rogan Questions Everything"" JRQE",9801,2029,public,4.0,0.0,https://i.ytimg.com/vi/KzIz_eRcDZE/default.jpg,1544429475,,Joe Rogan Experience #200 - Duncan Trussell,zQUP1qoWDoEbmsQxvdjxgQ,254189,1544429475000,2018,12,10,200,254189,163,Duncan Trussell
04/05/2013,PowerfulJRE,22,False,214,,68,2:57:39,LKk1jrLqpUU,10659,False,False,"""Joe Rogan Experience"" podcast ""JRE #214"" 214 JRE Joe Rogan Brian Redban Duncan Trussell ""Joe Rogan (Comedian)"" UFC MMA Comedy ""Fear Factor"" ""Joe Rogan Questions Everything"" JRQE",10659,966,public,4.0,0.0,https://i.ytimg.com/vi/LKk1jrLqpUU/default.jpg,1544429475,,Joe Rogan Experience #214 - Duncan Trussell,zQUP1qoWDoEbmsQxvdjxgQ,99665,1544429475000,2018,12,10,214,99665,177,Duncan Trussell
05/12/2018,PowerfulJRE,22,False,8812,"David Goggins is a retired Navy SEAL and former USAF Tactical Air Control Party member who served in Iraq and Afghanistan. He is an ultramarathon runner, ultra-distance cyclist, triathlete and world record holder for the most pull-ups done in 24 hours. His new book ""Can't Hurt Me"" is available now via Amazon. https://www.amazon.com/Cant-Hurt-Me-Master-Your/dp/1544512287",2685,2:17:58,BvWB7B8tXK8,8278,False,True,"""Joe Rogan Experience"" podcast JRE ""JRE #1212"" 1212 ""David Goggins"" ""Joe Rogan"" running motivation ""work out"" ultramarathon ""NAVY SEALs"" ""BUDS Training"" comedy comedian jokes ""stand up"" funny mma UFC ""Ultimate Fighting Championship""",8278,77886,public,4.0,0.0,https://i.ytimg.com/vi/BvWB7B8tXK8/default.jpg,1544056326,,Joe Rogan Experience #1212 - David Goggins,zQUP1qoWDoEbmsQxvdjxgQ,4651519,1544056326000,2018,12,6,1212,4651519,137,David Goggins
03/12/2018,PowerfulJRE,22,False,9287,"Dr. Ben Goertzel is the founder and CEO of SingularityNET, a blockchain-based AI marketplace.",2282,2:15:20,-qfB8clUIaY,8120,False,True,"""Joe Rogan Experience"" podcast ""JRE #1211"" 1211 ""Joe Rogan"" ""Ben Goertzel"" ""Dr. Ben Goertzel"" Singularity Singularity.net ""humanity plus"" ""hanson robotics"" AI AGI ""artifical intellegence"" comedy comedian jokes ""stand up"" funny mma UFC ""Ultimate Fighting Championship""",8120,26795,public,4.0,0.0,https://i.ytimg.com/vi/-qfB8clUIaY/default.jpg,1543968383,,Joe Rogan Experience #1211 - Dr. Ben Goertzel,zQUP1qoWDoEbmsQxvdjxgQ,1931764,1543968383000,2018,12,5,1211,1931764,135,Dr. Ben Goertzel
30/11/2018,PowerfulJRE,22,False,2270,"Tom Papa is a comedian, actor, writer and television/radio host. His podcast ""Come To Papa"" is available through All Things Comedy on iTunes.",1832,3:17:17,lIUV5GBEo2M,11837,False,True,"""Joe Rogan Experience"" podcast ""JRE #1210"" ""Tom Papa"" ""Joe Rogan"" comedy comedian jokes ""stand up"" funny mma UFC ""Ultimate Fighting Championship"" ""Come To Papa"" ""Live From Here""",11837,10763,public,4.0,0.0,https://i.ytimg.com/vi/lIUV5GBEo2M/default.jpg,1543887234,,Joe Rogan Experience #1210 - Tom Papa,zQUP1qoWDoEbmsQxvdjxgQ,1102536,1543887234000,2018,12,4,1210,1102536,197,Tom Papa
29/11/2018,PowerfulJRE,22,False,6495,"Anthony Cumia is aradio personality and host formerly of The O&A Show, now hosting The Anthony Cumia Show available at CompoundMedia.com",2592,3:37:22,suSqW0qW6nU,13042,False,True,"""Joe Rogan Experience"" podcast ""JRE #1209"" 1209 ""Anthony Cumia"" ""Joe Rogan"" ""Compound Media"" mma UFC ""Ultimate FIghting Championship"" funny comedy comedian jokes ""stand up"" ""O & A""",13042,27613,public,4.0,0.0,https://i.ytimg.com/vi/suSqW0qW6nU/default.jpg,1543623923,,Joe Rogan Experience #1209 - Anthony Cumia,zQUP1qoWDoEbmsQxvdjxgQ,2286032,1543623923000,2018,12,1,1209,2286032,217,Anthony Cumia
12/11/2018,PowerfulJRE,22,False,2562,"Ross Edgley is a former professional British water polo player who currently works as a model and personal trainer. In November 2018, he became the first person to swim around Great Britain.",731,2:52:16,68azjW5Hhok,10336,False,True,"""Joe Rogan Experience"" JRE Joe Rogan podcast MMA comedy stand up funny Freak Party ""Joe Rogan"" ""Ross Edgley"" swimming ""Great Britain"" ""2000 miles"" ""world record"" UFC ""Ultimate Fighting Championship"" workout training train weights crossfit",10336,19568,public,4.0,0.0,https://i.ytimg.com/vi/68azjW5Hhok/default.jpg,1543540180,,Joe Rogan Experience #1200 - Ross Edgley,zQUP1qoWDoEbmsQxvdjxgQ,1499022,1543540180000,2018,11,30,1200,1499022,172,Ross Edgley
12/11/2018,PowerfulJRE,22,False,6056,"William von Hippel is a professor of psychology at the University of Queensland. His new book ""The Social Leap"" is available now via Amazon.",2272,3:00:24,7Dtv8ibI1vk,10824,False,True,"""Joe Rogan Experience"" ""JRE #1201"" 1201 ""William von Hippel"" ""Bill von Hippel"" ""The Social Leap"" psychology comedy comedian jokes ""stand up"" funny podcast",10824,34852,public,4.0,0.0,https://i.ytimg.com/vi/7Dtv8ibI1vk/default.jpg,1543540180,,Joe Rogan Experience #1201 - William von Hippel,zQUP1qoWDoEbmsQxvdjxgQ,3027508,1543540180000,2018,11,30,1201,3027508,180,William von Hippel
13/11/2018,PowerfulJRE,22,False,1792,"Fred Morin & David McMillan are James Beard Award–nominated culinary adventurists and proprietors of the beloved restaurant, Joe Beef in Montreal. Their new cookbook/survival guide called ""Joe Beef: Surviving the Apocalypse"" is available on November 27.",995,2:41:11,lzujdxJxLIQ,9671,False,True,"""Joe Rogan Experience"" podcast ""JRE #1202"" 1202 ""Joe Rogan"" ""Joe Beef"" ""Fred Morin"" ""David McMillan"" mma UFC ""Ultmiate Fighting Championship"" ""Anthony Bourdain"" ""No Reservations"" travel food cooking chefs comedy comedian jokes ""stand up"" funny",9671,3218,public,4.0,0.0,https://i.ytimg.com/vi/lzujdxJxLIQ/default.jpg,1543540180,,Joe Rogan Experience #1202 - Fred Morin & David McMillan,zQUP1qoWDoEbmsQxvdjxgQ,705780,1543540180000,2018,11,30,1202,705780,161,Fred Morin & David McMillan
15/11/2018,PowerfulJRE,22,False,7835,"Eric Weinstein is a mathematician and economist, and he is also the managing director at Thiel Capital. https://www.youtube.com/ericweinsteinphd",1565,3:51:47,X9JLij1obHY,13907,False,True,"""Joe Rogan Experience"" JRE Joe Rogan podcast MMA comedy stand up funny Freak Party ""Joe Rogan"" ""Eric Weinstein"" ""JRE #1203"" 1203 UFC ""Ultimate Fighting Championship"" comedian jokes",13907,32538,public,4.0,0.0,https://i.ytimg.com/vi/X9JLij1obHY/default.jpg,1543540180,,Joe Rogan Experience #1203 - Eric Weinstein,zQUP1qoWDoEbmsQxvdjxgQ,2872093,1543540180000,2018,11,30,1203,2872093,231,Eric Weinstein
15/11/2018,PowerfulJRE,22,False,2331,"Steven Rinella is an outdoorsman, author, and television host. He currently hosts “MeatEater” available on Netflix, and a podcast also called “MeatEater” available on iTunes. His new cookbook ""The MeatEater Fish and Game Cookbook"" is available on November 20.",1357,2:46:54,j7r7E0DNjaw,10014,False,True,"""Joe Rogan Experience"" podcast ""JRE #1204"" 1204 ""Joe Rogan"" ""Steve Rinella"" ""Steven Rinella"" ""Meat Eater"" hunting cooking conservation ""land management"" comedy comedian jokes ""stand up"" funny mma UFC ""Ultimate Fighting Championship""",10014,17696,public,4.0,0.0,https://i.ytimg.com/vi/j7r7E0DNjaw/default.jpg,1543540180,,Joe Rogan Experience #1204 - Steven Rinella,zQUP1qoWDoEbmsQxvdjxgQ,1948773,1543540180000,2018,11,30,1204,1948773,166,Steven Rinella
16/11/2018,PowerfulJRE,22,False,7778,"Jake ""The Snake"" Roberts is an actor and semi-retired professional wrestler. Check out the documentary ""The Resurrection of Jake The Snake"" streaming now. Tony Hinchcliffe is a stand-up comedian, writer, and actor. He hosts his own podcast called “Kill Tony” with Redban, and it’s available on YouTube at: https://www.youtube.com/channel/UCwzCMiicL-hBUzyjWiJaseg",1361,2:08:25,9DxeMowxDTU,7705,False,True,"""Joe Rogan Experience"" podcast #1205 1205 ""Jake The Snake Roberts"" ""Tony Hinchcliffe"" ""Joe Rogan"" comedy wrestling WWE MMA UFC ""Ultimate Fighting Championship"" comedian jokes ""stand up"" funny",7705,43886,public,4.0,0.0,https://i.ytimg.com/vi/9DxeMowxDTU/default.jpg,1543540180,,"Joe Rogan Experience #1205 - Jake ""The Snake"" Roberts & Tony Hinchcliffe",zQUP1qoWDoEbmsQxvdjxgQ,2699742,1543540180000,2018,11,30,1205,2699742,128,"Jake ""The Snake"" Roberts & Tony Hinchcliffe"
20/11/2018,PowerfulJRE,22,False,2969,"Mike Ward is a host and comedian, who performs in both French & English. Pantelis is a comedian, and with Mike they co-host the ""2 Drink Minimum"" show available now on Compound Media. https://www.compoundmedia.com/shows/2-drink-minimum",978,2:47:44,QTW5cDxnjAg,10064,False,True,"""Joe Rogan Experience"" podcast ""JRE #1206"" 1206 ""Joe Rogan"" ""Mike Ward"" Pantelis ""Compound Media"" comedy comedian jokes ""stand up"" funny UFC mma ""Ultimate Fighting Championship""",10064,10260,public,4.0,0.0,https://i.ytimg.com/vi/QTW5cDxnjAg/default.jpg,1543540180,,Joe Rogan Experience #1206 - Mike Ward & Pantelis,zQUP1qoWDoEbmsQxvdjxgQ,956574,1543540180000,2018,11,30,1206,956574,167,Mike Ward & Pantelis
24/11/2018,PowerfulJRE,22,False,4328,"Jeff Ross is a comedian, writer, producer, and director, also known as the “Roastmaster General.” Dave Attell is a stand-up comedian, writer and actor. Their new special ""Bumping Mics "" is streaming now on Netflix.",1722,3:02:41,TLZgdmGN2JQ,10961,False,True,"""Joe Rogan Experience"" podcast ""JRE #1207"" 1207 ""Jeff Ross"" ""Dave Attell"" Roast ""Bumping Mics"" Netflix ""Joe Rogan"" comedy comedian jokes funny ""stand up"" special mma UFC ""Ultimate Fighting CHampionship""",10961,22966,public,4.0,0.0,https://i.ytimg.com/vi/TLZgdmGN2JQ/default.jpg,1543540180,,Joe Rogan Experience #1207 - Jeff Ross & Dave Attell,zQUP1qoWDoEbmsQxvdjxgQ,2782741,1543540180000,2018,11,30,1207,2782741,182,Jeff Ross & Dave Attell
28/11/2018,PowerfulJRE,22,False,22606,"Jordan Peterson is a clinical psychologist and tenured professor of psychology at the University of Toronto.

https://www.youtube.com/channel/UCL_f53ZEJxp8TtlOkHwMV9Q

All Dr. Peterson’s self-improvement writing programs at https://www.understandmyself.com/ 20% off for Rogan listeners. Code: ROGAN",6612,2:55:04,vIeFt88Hm8s,10504,False,True,"""Joe Rogan Experience"" podcast ""JRE #1208"" 1208 ""Joe Rogan"" ""Jordan Peterson"" ""self authoring"" comedy comedian jokes ""stand up"" funny mma UFC ""Ultimate Fighting Championship""",10504,152166,public,4.0,0.0,https://i.ytimg.com/vi/vIeFt88Hm8s/default.jpg,1543539986,,Joe Rogan Experience #1208 - Jordan Peterson,zQUP1qoWDoEbmsQxvdjxgQ,8879204,1543539986000,2018,11,30,1208,8879204,175,Jordan Peterson
10/11/2018,PowerfulJRE,22,False,1574,"Tom Segura is a stand-up comedian, and hosts his own podcast with his wife, Christina P called ""Your Mom’s House."" Sean Anders is a writer and director, and his new movie ""Instant Family"" premieres November 16 in theaters.",677,1:55:21,tingHmTUNqI,6921,False,True,"""Joe Rogan Experience"" podcast ""JRE #1199"" 1199 ""Joe Rogan"" ""Tom Segura"" ""Sean Anders"" ""Instant Family"" comedy ""stand up"" comedian jokes funny movie ""Mark Wahlberg"" mma UFC ""Ultimate FIghting Championship""",6921,10844,public,4.0,0.0,https://i.ytimg.com/vi/tingHmTUNqI/default.jpg,1541720150,,Joe Rogan Experience #1199 - Tom Segura & Sean Anders,zQUP1qoWDoEbmsQxvdjxgQ,1053658,1541720150000,2018,11,8,1199,1053658,115,Tom Segura & Sean Anders
08/11/2018,PowerfulJRE,22,False,3881,"Derren Brown is an English mentalist and illusionist. He has a new special called ""Sacrifice"" streaming now on Netflix.",1237,2:10:46,n_tpWrv76Q8,7846,False,True,"""Joe Rogan Experience"" podcast ""JRE #1198"" JRE 1198 ""Joe Rogan"" ""Derren Brown"" magic illusionist mentalist psychology Netflix ""Channel 4"" Sacrifice mma UFC ""Ultimate Fighting Championship"" comedy jokes ""stand up"" funny comedian",7846,25311,public,4.0,0.0,https://i.ytimg.com/vi/n_tpWrv76Q8/default.jpg,1541631154,,Joe Rogan Experience #1198 - Derren Brown,zQUP1qoWDoEbmsQxvdjxgQ,2048309,1541631154000,2018,11,7,1198,2048309,130,Derren Brown
07/11/2018,PowerfulJRE,22,False,5074,"Michael Malice is the author of ""Dear Reader: The Unauthorized Autobiography of Kim Jong Il"" and also host a podcast called ""Your Welcome with Michael Malice"" available on the GaS Digital Network.",2231,2:52:34,lTSsAXNKl7I,10354,False,True,"""Joe Rogan Experience"" podcast ""JRE #1197"" 1197 ""Michael Malice"" ""Joe Rogan"" comedy comedian jokes ""stand up"" funny MMA UFC ""Ultimate Fighting Championship""",10354,21105,public,4.0,0.0,https://i.ytimg.com/vi/lTSsAXNKl7I/default.jpg,1541549904,,Joe Rogan Experience #1197 - Michael Malice,zQUP1qoWDoEbmsQxvdjxgQ,1745488,1541549904000,2018,11,7,1197,1745488,172,Michael Malice
06/11/2018,PowerfulJRE,22,False,3707,"Dale Earnhardt Jr. is a semi-retired American professional stock car racing driver, team owner, and is currently an analyst for NASCAR on NBC. His new book ""Racing to the Finish: My Story"" is available now.",985,1:53:20,_BTNmNpoAro,6800,False,True,"""Joe Rogan Experience"" podcast ""JRE #1196"" 1196 ""Joe Rogan"" ""Dale Earnhardt Jr."" Junior ""Dale Jr"" #8 comedy comedian jokes funny ""stand up"" concussion TBI racing ""race car"" NASCAR ""Sprint Cup Series"" mma UFC ""Ultimate Fighting Championship""",6800,25335,public,4.0,0.0,https://i.ytimg.com/vi/_BTNmNpoAro/default.jpg,1541480610,,Joe Rogan Experience #1196 - Dale Earnhardt Jr.,zQUP1qoWDoEbmsQxvdjxgQ,1683794,1541480610000,2018,11,6,1196,1683794,113,Dale Earnhardt Jr.
05/11/2018,PowerfulJRE,22,False,3431,"Christina P is a stand-up comedian and hosts a podcast with her husband, Tom Segura, called “Your Mom’s House.” She's also on the new Netflix Original Stand Up series ""The Degenerates"" streaming now.",1686,3:30:23,KqX557kt3d4,12623,False,True,"""Joe Rogan Experience"" ""JRE #1195"" 1195 ""Christina P"" ""Your Mom's House"" comedy comedian jokes ""stand up"" funny mma UFC ""Ultimate Fighting Championship"" podcast ""Joe Rogan""",12623,19715,public,4.0,0.0,https://i.ytimg.com/vi/KqX557kt3d4/default.jpg,1541480483,,Joe Rogan Experience #1195 - Christina P,zQUP1qoWDoEbmsQxvdjxgQ,1691670,1541480483000,2018,11,6,1195,1691670,210,Christina P
05/11/2018,PowerfulJRE,22,False,6276,"Joe is joined by Ari Shaffir, Bert Kreischer & Tom Segura to recap their 2nd annual Sober October challenge.",1747,4:22:47,5blSRUZpYrU,15767,False,True,"""Joe Rogan Experience"" pdocast ""JRE #1194"" 1194 ""Sober October 2"" ""Tom Segura"" ""Ari Shaffir"" ""Bert Kreischer"" comedy ""weight loss"" fat comedian jokes ""stand up"" funny Sober October mma UFC ""Ultimate Fighting Championship""",15767,41049,public,4.0,0.0,https://i.ytimg.com/vi/5blSRUZpYrU/default.jpg,1541032916,,Joe Rogan Experience #1194 - Sober October 2 Recap,zQUP1qoWDoEbmsQxvdjxgQ,3497837,1541032916000,2018,11,1,1194,3497837,262,Sober October 2 Recap
31/10/2018,PowerfulJRE,22,False,574,"Shane Dorian is a big wave surfer and bowhunter. He's also part of a new HBO Documentary premiering on December 11 called ""Momentum Generation"".",400,2:14:36,N8roQPPTe4Q,8076,False,True,"""Joe Rogan Experience"" podcast ""JRE #1193"" ""Shane Dorian"" ""Joe Rogan"" ""big wave"" surfing ""Momentum Generation"" HBO mma UFC ""Ultimate Fighting Championship"" comedian jokes ""stand up"" comedy funny",8076,5823,public,4.0,0.0,https://i.ytimg.com/vi/N8roQPPTe4Q/default.jpg,1540944856,,Joe Rogan Experience #1193 - Shane Dorian,zQUP1qoWDoEbmsQxvdjxgQ,664293,1540944856000,2018,10,31,1193,664293,134,Shane Dorian
31/10/2018,PowerfulJRE,22,False,3040,"Tony Hinchcliffe is a stand-up comedian, writer, and actor. Tony also hosts his own podcast called “Kill Tony” with Redban, and it’s available on iTunes and and YouTube at: https://www.youtube.com/channel/UCwzCMiicL-hBUzyjWiJaseg",1296,2:16:59,mq-MEgcv5Zs,8219,False,True,"""Joe Rogan Experience"" JRE Joe Rogan podcast MMA comedy stand up funny Freak Party ""Tony Hinchcliffe"" ""JRE #1192"" ""Joe Rogan"" ""Kill Tony"" comedian jokes ""stand up"" laugh mma UFC ""Ultimate Fighting Championship""",8219,10145,public,4.0,0.0,https://i.ytimg.com/vi/mq-MEgcv5Zs/default.jpg,1540850827,,Joe Rogan Experience #1192 - Tony Hinchcliffe,zQUP1qoWDoEbmsQxvdjxgQ,1272376,1540850827000,2018,10,29,1192,1272376,136,Tony Hinchcliffe
29/10/2018,PowerfulJRE,22,False,7916,"Peter Boghossian is a philosophy instructor, activist, author, speaker, and atheism advocate. He is a full-time faculty member at Portland State University. James Lindsay has a Ph.D. in mathematics and a background in physics and is also the author of three books.",1696,1:58:37,AZZNvT1vaJg,7117,False,True,"""Joe Rogan Experience"" podcast ""JRE #1191"" 1191 ""Joe Rogan"" ""Peter Boghossian"" ""James Lindsay"" ""Jim Lindsay"" study studiees journal health redacted comedy comedian jokes ""stand up"" funny mma UFC ""Ultimate Fighting Championship""",7117,47311,public,4.0,0.0,https://i.ytimg.com/vi/AZZNvT1vaJg/default.jpg,1540511823,,Joe Rogan Experience #1191 - Peter Boghossian & James Lindsay,zQUP1qoWDoEbmsQxvdjxgQ,2420445,1540511823000,2018,10,25,1191,2420445,118,Peter Boghossian & James Lindsay
29/10/2018,PowerfulJRE,22,False,5904,"Joey “CoCo” Diaz is a Cuban-American stand up comedian and actor.  Joey also hosts his own podcast called “The Church of What’s Happening Now”. He will be featured on the Netflix Stand Up Series ""The Degenerates"" premiering on October 30.",2258,3:17:15,NCkAC5OcJMI,11835,False,True,"""Joe Rogan Experience"" podcast ""Joe Rogan"" ""Joey Diaz"" ""JRE #1190"" 1190 ""Mad Flavor"" ""The Church of What's Happening Now"" comedy comdian jokes ""stand up"" funny laugh mma UFC ""Ultimate Fighting Championship""",11835,44719,public,4.0,0.0,https://i.ytimg.com/vi/NCkAC5OcJMI/default.jpg,1540425832,,Joe Rogan Experience #1190 - Joey Diaz,zQUP1qoWDoEbmsQxvdjxgQ,3740005,1540425832000,2018,10,25,1190,3740005,197,Joey Diaz
24/10/2018,PowerfulJRE,22,False,6788,"Alex Honnold is a big wall free solo climber. A documentary feature film titled ""Free Solo"" captures his record setting ascent of El Capitan, and it can be seen now in movie theaters all over.
http://www.honnoldfoundation.org/",1502,1:41:27,2OhHkBmbb5Y,6087,False,True,"""Joe Rogan Experience"" podcast ""JRE #1189"" 1189 JRE ""Joe Rogan"" ""Alex Honnold"" ""Free Solo"" ""El Capitan"" Yosemite climbing bouldering ""no ropes"" funny jokes ""stand up"" comedy comedian MMA UFC ""Ultimate Fighting Championship""",6087,44399,public,4.0,0.0,https://i.ytimg.com/vi/2OhHkBmbb5Y/default.jpg,1540341784,,Joe Rogan Experience #1189 - Alex Honnold,zQUP1qoWDoEbmsQxvdjxgQ,3556969,1540341784000,2018,10,24,1189,3556969,101,Alex Honnold
23/10/2018,PowerfulJRE,22,False,4527,"Lex Fridman is a research scientist at MIT, working on human-centered artificial intelligence.",1354,2:55:45,j5FOumrXyww,10545,False,True,"""Joe Rogan Experience"" podcast JRE ""JRE #1188"" 1188 ""Lex Fridman"" MIT AI cars autonomous ""machine learning"" ""deep think"" brain MMA UFC ""Ultimate Fighting Championship"" comedy comedian funny jokes ""stand up""",10545,20801,public,4.0,0.0,https://i.ytimg.com/vi/j5FOumrXyww/default.jpg,1540338241,,Joe Rogan Experience #1188 - Lex Fridman,zQUP1qoWDoEbmsQxvdjxgQ,1576798,1540338241000,2018,10,23,1188,1576798,175,Lex Fridman
23/10/2018,PowerfulJRE,22,False,9273,"Kyle Kulinski is a political activist, progressive talk radio host, social democratic political commentator, and the co-founder of Justice Democrats. His show “Secular Talk” is available on YouTube: https://www.youtube.com/SecularTalk",3920,2:43:41,tbNjZDAM-tE,9821,False,True,"""Joe Rogan Experience"" podcast ""JRE #1187"" 1187 ""Secular Talk"" ""Joe Rogan"" ""Kyle Kulinski"" comedy comedian jokes ""stand up"" funny mma UFC ""Ultimate Fighting Championship""",9821,26262,public,4.0,0.0,https://i.ytimg.com/vi/tbNjZDAM-tE/default.jpg,1540261741,,Joe Rogan Experience #1187 - Kyle Kulinski,zQUP1qoWDoEbmsQxvdjxgQ,1491946,1540261741000,2018,10,23,1187,1491946,163,Kyle Kulinski
22/10/2018,PowerfulJRE,22,False,3728,"Marques Brownlee, also known as MKBHD, is a YouTuber, best known for his technology-focused videos. 

https://www.youtube.com/MKBHD",1139,2:22:27,QSGaMUBC4Mc,8547,False,True,"""Joe Rogan Experience"" MKBHD ""Marques Brownlee"" ""Joe Rogan"" JRE ""JRE #1186"" 1186 comedy comedian jokes ""stand up"" funny mma UFC ""Ultimate Fighting Championship"" Apple iPhone Samsung ""Note 9"" Hauwei",8547,39086,public,4.0,0.0,https://i.ytimg.com/vi/QSGaMUBC4Mc/default.jpg,1539301238,,Joe Rogan Experience #1186 - Marques Brownlee,zQUP1qoWDoEbmsQxvdjxgQ,2005801,1539301238000,2018,10,11,1186,2005801,142,Marques Brownlee
21/10/2018,PowerfulJRE,22,False,2863,"Kelly Slater is a professional surfer. He is the youngest and the oldest to win the World Surf League men's title, which he's won a record 11 times.",877,2:03:31,H3qI3RWgNok,7411,False,True,"""Joe Rogan Experience"" ""Joe Rogan"" ""Kelly Slater"" ""JRE #1185"" JRE 1185 surfing ""big wave"" WSL MMA UFC ""ultimate Fighting Championship"" comedy comedian jokes ""stand up"" funny",7411,17247,public,4.0,0.0,https://i.ytimg.com/vi/H3qI3RWgNok/default.jpg,1539300909,,Joe Rogan Experience #1185 - Kelly Slater,zQUP1qoWDoEbmsQxvdjxgQ,1613371,1539300909000,2018,10,11,1185,1613371,123,Kelly Slater
11/10/2018,PowerfulJRE,22,False,14747,"Roseanne Barr is a comedian, actress, writer, television producer, director.",4551,2:13:07,wTAfy_nzJiw,7987,False,True,"""Joe Rogan Experience"" podcast ""JRE #1184"" 1184 Roseanne ""Roseanne Barr"" comedy comedian jokes ""stand up"" funny mma UFC ""Ultimate Fighting Championship"" ""Joe Rogan""",7987,48574,public,4.0,0.0,https://i.ytimg.com/vi/wTAfy_nzJiw/default.jpg,1539128119,,Joe Rogan Experience #1184 - Roseanne Barr,zQUP1qoWDoEbmsQxvdjxgQ,2826663,1539128119000,2018,10,9,1184,2826663,133,Roseanne Barr
09/10/2018,PowerfulJRE,22,False,2434,"Andrew Santino is a stand up comedian and actor. You can also see him on PROPS presented by Yahoo Sports, with episodes every Wednesday - https://bit.ly/2NAfM1j",1626,2:45:33,hsI3iUF3V38,9933,False,True,"""Joe Rogan"" ""Joe Rogan Experience"" podcast JRE ""JRE #1183"" 1183 ""Andrew Santino"" comedy coemdian jokes ""stand up"" funny mma UFC ""Ultimate Fighting Championship""",9933,13473,public,4.0,0.0,https://i.ytimg.com/vi/hsI3iUF3V38/default.jpg,1539033406,,Joe Rogan Experience #1183 - Andrew Santino,zQUP1qoWDoEbmsQxvdjxgQ,1267512,1539033406000,2018,10,8,1183,1267512,165,Andrew Santino
08/10/2018,PowerfulJRE,22,False,2954,"Nick Kroll is an  actor, comedian, writer, and producer. Check out the new season of his animated series ""Big Mouth"" available now on Netflix.",1822,2:23:49,IEKvPzZLq7A,8629,False,True,"""Joe Rogan Experience"" podcast ""JRE #1182"" ""Nick Kroll"" ""Joe Rogan"" comedy comedian jokes ""stand up funny"" ""The League"" ""Big Mouth"" Netflix mma UFC ""Ultimate Fighting Championship""",8629,21532,public,4.0,0.0,https://i.ytimg.com/vi/IEKvPzZLq7A/default.jpg,1538697343,,Joe Rogan Experience #1182 - Nick Kroll,zQUP1qoWDoEbmsQxvdjxgQ,2293770,1538697343000,2018,10,4,1182,2293770,143,Nick Kroll
04/10/2018,PowerfulJRE,22,False,1253,John Dudley is a pro archer and host of “Nock On TV.” Check out his podcast “Nock On” available on iTunes. Also check out https://freerangeamerican.us/ and #DoAwesomeShit,696,1:40:10,4FX71oBDVvY,6010,False,True,"""Joe Rogan Experience"" podcast ""JRE #1181"" ""Joe Rogan"" ""John Dudley"" NockOn ""Nock On TV"" archery bow arrow hunting mma UFC ""Ultimate Fighting Championship"" ""UFC 229"" Conor Khabib ""Conor McGregor"" comedy comedian jokes ""stand up"" funny",6010,8671,public,4.0,0.0,https://i.ytimg.com/vi/4FX71oBDVvY/default.jpg,1538611683,,Joe Rogan Experience #1181 - John Dudley,zQUP1qoWDoEbmsQxvdjxgQ,877707,1538611683000,2018,10,4,1181,877707,100,John Dudley
03/10/2018,PowerfulJRE,22,False,1949,"Everlast is a Grammy Award-winning American rapper, singer, and songwriter. His new project ""Everlast presents Whitey Ford's House of Pain"" is available now on streaming services and for purchase here: https://fanlink.to/wfhop",812,2:16:35,KJKL0fzlnYk,8195,False,True,"""Joe Rogan Experience"" podcast ""JRE #1180"" 1180 ""Joe Rogan"" Everlast ""Whitey Ford"" ""House of Pain"" ""Jump Around"" comedy comedian jokes ""stand up"" funny ""Kanye West"" mma UFC ""Ultimate Fighting Championship""",8195,9228,public,4.0,0.0,https://i.ytimg.com/vi/KJKL0fzlnYk/default.jpg,1538520542,,Joe Rogan Experience #1180 - Everlast,zQUP1qoWDoEbmsQxvdjxgQ,845888,1538520542000,2018,10,2,1180,845888,136,Everlast
02/10/2018,PowerfulJRE,22,False,3898,"Nikki Glaser is an American stand-up comedian, podcast host, and television host. She is currently hosting ""You Up with Nikki Glaser"" on SiriusXM channel 95.",2653,2:50:56,JyTGcgOYQxE,10256,False,True,"""Joe Rogan experience"" podcast ""JRE #1179"" 1179 ""Joe Rogan"" ""Nikki Glaser"" ""You Up with Nikki Glaser"" ""Last Comic Standing"" comedy comedian jokes ""stand up"" funny mma UFC ""Ultimate Fighting Championship""",10256,20086,public,4.0,0.0,https://i.ytimg.com/vi/JyTGcgOYQxE/default.jpg,1538433794,,Joe Rogan Experience #1179 - Nikki Glaser,zQUP1qoWDoEbmsQxvdjxgQ,1925993,1538433794000,2018,10,1,1179,1925993,170,Nikki Glaser
02/10/2018,PowerfulJRE,22,False,4044,Dr. Rhonda Patrick is a Ph.D in biomedical science and expert on nutritional health. Her podcasts and other videos can be found at http://FoundMyFitness.com,1465,2:47:44,9M8X_bs_fzI,10064,False,True,"""Joe Rogan Experience"" podcast ""JRE #1178"" 1178 ""Joe Rogan"" ""Dr. Rhonda Patrick"" ""Found My Fitness"" health science mma comedy UFC ""Ultimate Fighting CHampionship"" comedian jokes ""stand up"" funny",10064,24907,public,4.0,0.0,https://i.ytimg.com/vi/9M8X_bs_fzI/default.jpg,1538169762,,Joe Rogan Experience #1178 - Dr. Rhonda Patrick,zQUP1qoWDoEbmsQxvdjxgQ,2080187,1538169762000,2018,9,28,1178,2080187,167,Dr. Rhonda Patrick
28/09/2018,PowerfulJRE,22,False,5365,Joe is joined by Bert Kreischer & Tom Segura to discuss the challenge for Sober October 2.,1913,3:07:37,Z-XkTegWKPE,11257,False,True,"""Joe Rogan Experience"" podcast ""JRE #1177"" 1177 ""Joe Rogan"" ""Bert Kreischer"" ""Tom Segura"" ""Ari Shaffir"" ""Sober October"" weightloss diet ""work out"" comedy comedians comedian jokes ""stand up"" funny laugh mma UFC ""Ultimate Fighting Championship""",11257,30568,public,4.0,0.0,https://i.ytimg.com/vi/Z-XkTegWKPE/default.jpg,1538093542,,Joe Rogan Experience #1177 - Sober October 2,zQUP1qoWDoEbmsQxvdjxgQ,2717862,1538093542000,2018,9,28,1177,2717862,187,Sober October 2
27/09/2018,PowerfulJRE,22,False,3085,"Dom D’Agostino, Ph.D., is an assistant professor in the Department of Molecular Pharmacology and Physiology at the University of South Florida Morsani College of Medicine, and a senior research scientist at the Institute for Human and Machine Cognition (IHMC). Layne Norton is a renowned prep/physique coach and pro-natural bodybuilder/powerlifter with a PhD in Nutritional Sciences.",983,2:59:45,u93oh9kC-rU,10785,False,True,"""Joe Rogan Experience"" podcast ""JRE #1176"" 1176 ""Joe Rogan"" ""Dom D'Agostino"" ""Layne Norton"" BioLayne Ketogenic Keto carbs ""low carb"" ""high carb"" diet fat",10785,14347,public,4.0,0.0,https://i.ytimg.com/vi/u93oh9kC-rU/default.jpg,1538005513,,Joe Rogan Experience #1176 - Dom D'Agostino & Layne Norton,zQUP1qoWDoEbmsQxvdjxgQ,1110407,1538005513000,2018,9,26,1176,1110407,179,Dom D'Agostino & Layne Norton
26/09/2018,PowerfulJRE,22,False,10487,"Chris Kresser, M.S., L.Ac is a globally recognized leader in the fields of ancestral health, Paleo nutrition, and functional and integrative medicine. Dr. Joel Kahn is one of the world’s top cardiologists and believes that plant-based nutrition is the most powerful source of preventative medicine on the planet.

https://chriskresser.com/rogan
https://drjoelkahn.com/joe-rogan-experience-reference-guide/",1847,3:47:39,ULtqCBimr6U,13659,False,True,"""Joe Rogan Experience"" podcast ""JRE #1175"" 1175 ""Chris Kresser"" ""Dr. Joel Kahn"" ""Joe Rogan"" debate ""plant based"" paleo nutivore meat dairy veggies health ""What the Health"" vegan vegetarian comedy comedian jokes ""sstand up"" funny mma UFC ""Ultimate Fighting Championship""",13659,14439,public,4.0,0.0,https://i.ytimg.com/vi/ULtqCBimr6U/default.jpg,1537916280,,Joe Rogan Experience #1175 - Chris Kresser & Dr. Joel Kahn,zQUP1qoWDoEbmsQxvdjxgQ,1275344,1537916280000,2018,9,25,1175,1275344,227,Chris Kresser & Dr. Joel Kahn
25/09/2018,PowerfulJRE,22,False,5892,Vinnie Paz is a rapper and the lyricist behind the Philadelphia underground hip hop group Jedi Mind Tricks. He is also the frontman of the hip hop supergroup Army of the Pharaohs.,1047,2:54:54,nokrWA2f7-Y,10494,False,True,"""Joe Rogan Experience"" podcast ""JRE #1174"" ""Joe Rogan"" ""Vinnie Paz"" ""Jedi Mind Tricks"" ""Army of the Pharaohs"" comedy rap comedian rapper ""stand up"" funny music ""hip hop"" underground mma UFC boxing ""Ultimate Fighting Championship""",10494,20982,public,4.0,0.0,https://i.ytimg.com/vi/nokrWA2f7-Y/default.jpg,1536801459,,Joe Rogan Experience #1174 - Vinnie Paz,zQUP1qoWDoEbmsQxvdjxgQ,1237142,1536801459000,2018,9,13,1174,1237142,174,Vinnie Paz
24/09/2018,PowerfulJRE,22,False,2614,"Geoffrey Miller is an evolutionary psychologist, serving as an associate professor of psychology at the University of New Mexico and known for his expertise in sexual selection in human evolution.",1245,3:02:25,3MWvDgdRWQ4,10945,False,True,"""Joe Rogan Experience"" podcast ""JRE #1173"" ""eoffrey Miller"" psychology ""Joe Rogan"" evolution polyamory comedy comedian jokes ""stand up"" funny UFC mma ""Ultimate Fighting Championship""",10945,12615,public,4.0,0.0,https://i.ytimg.com/vi/3MWvDgdRWQ4/default.jpg,1536705552,,Joe Rogan Experience #1173 - Geoffrey Miller,zQUP1qoWDoEbmsQxvdjxgQ,1264055,1536705552000,2018,9,11,1173,1264055,182,Geoffrey Miller
12/09/2018,PowerfulJRE,22,False,1741,"Morgan Fallon is a DP, director, and producer on the CNN documentary series ""Parts Unknown""with Anthony Bourdain.",739,1:45:39,HiMNwcnUDoc,6339,False,True,"""Joe Rogan Experience"" podcast ""JRE #1172"" 1172 ""Morgan Fallon"" ""Joe Rogan"" comedy coemdian jokes ""Anthony Bourdain"" CNN ""Parts Unknown"" ""Kitchen Confidential"" food eating documentary mma UFC ""Ultimate Fighting Championship""",6339,6458,public,4.0,0.0,https://i.ytimg.com/vi/HiMNwcnUDoc/default.jpg,1536633681,,Joe Rogan Experience #1172 - Morgan Fallon,zQUP1qoWDoEbmsQxvdjxgQ,852584,1536633681000,2018,9,11,1172,852584,105,Morgan Fallon
10/09/2018,PowerfulJRE,22,False,12192,"Nick Yarris is a writer and professional speaker who spent 22 years on death row after being wrongly convicted of murder. His books 'The Fear Of 13, Countdown To Execution' as well as 'The Kindness Approach' are available on Amazon and via http://nickyarris.org",2432,1:44:52,AIc5XYpRc1M,6292,False,True,"""Joe Rogan Experience"" podcast ""JRE #1171"" ""Nick Yarris"" ""Joe Rogan"" ""Innocence Project"" ""Fear of 13"" ""wrongful conviction"" comedy comedian jokes ""stand up"" mma UFC ""Ultimate Fighting Championship""",6292,44682,public,4.0,0.0,https://i.ytimg.com/vi/AIc5XYpRc1M/default.jpg,1536307009,,Joe Rogan Experience #1171 - Nick Yarris,zQUP1qoWDoEbmsQxvdjxgQ,1676187,1536307009000,2018,9,7,1171,1676187,104,Nick Yarris
07/09/2018,PowerfulJRE,22,False,12413,Tulsi Gabbard is an American politician of the Democratic Party serving as the U.S. Representative for Hawaii's 2nd congressional district since 2013.,2738,1:43:42,oIb2lmHgd5s,6222,False,True,"""Joe Rogan Experience"" podcast ""JRE #1170"" 1170 ""Tulsi Gabbard"" ""Joe Rogan"" Hawaii Congress ""US Representative"" comedy comedian jokes ""stand up"" funny mma UFC ""Ultimate Fighting Championship""",6222,34766,public,4.0,0.0,https://i.ytimg.com/vi/oIb2lmHgd5s/default.jpg,1536203727,,Joe Rogan Experience #1170 - Tulsi Gabbard,zQUP1qoWDoEbmsQxvdjxgQ,1637135,1536203727000,2018,9,6,1170,1637135,103,Tulsi Gabbard
06/09/2018,PowerfulJRE,22,False,119522,"Elon Musk is a business magnet, investor and engineer.",17287,2:37:03,ycPr5-27vSI,9423,False,True,"""Joe Rogan Experience"" ""Joe Rogan"" ""JRE #1169"" ""Elon Musk"" Tesla ""The Boring Company"" ""Not a Flamethrower"" ""Space X"" comedy comedian jokes ""stand up"" funny UFC mma ""Ultimate Fighting Championship""",9423,705007,public,4.0,0.0,https://i.ytimg.com/vi/ycPr5-27vSI/default.jpg,1536202645,,Joe Rogan Experience #1169 - Elon Musk,zQUP1qoWDoEbmsQxvdjxgQ,37113263,1536202645000,2018,9,6,1169,37113263,157,Elon Musk
05/09/2018,PowerfulJRE,22,False,988,"Mareko Maumasi is a bladesmith and custom knife maker. 
https://www.maumasifirearts.com/",502,1:52:27,2Hn6wGOxohg,6747,False,True,"""Joe Rogan Experience"" podcast ""JRE #1168"" 1168 ""Joe Rogan"" ""Mareko Maumasi"" ""custom knife"" bladesmith ""meteorite knife"" comedy comedian jokes ""stand up"" funny mma UFC ""Ultimate Fighting Championship""",6747,5541,public,4.0,0.0,https://i.ytimg.com/vi/2Hn6wGOxohg/default.jpg,1536111685,,Joe Rogan Experience #1168 - Mareko Maumasi,zQUP1qoWDoEbmsQxvdjxgQ,585519,1536111685000,2018,9,5,1168,585519,112,Mareko Maumasi
04/09/2018,PowerfulJRE,22,False,6387,"Larry Sharpe is a business consultant, entrepreneur, and political activist. He is currently a candidate for the Libertarian Party nomination for the Governor of New York. https://www.larrysharpe.com/",1644,2:11:10,nSmggQZno6w,7870,False,True,"""Joe Rogan Experience"" podcast ""JRE #1167"" 1167 ""Joe Rogan"" ""Larry Sharpe"" ""Governor of New York"" Cuomo comedy comedian jokes ""stand up"" funny mma UFC ""Ultimate Fighting Championship""",7870,11555,public,4.0,0.0,https://i.ytimg.com/vi/nSmggQZno6w/default.jpg,1535763101,,Joe Rogan Experience #1167 - Larry Sharpe,zQUP1qoWDoEbmsQxvdjxgQ,674554,1535763101000,2018,9,1,1167,674554,131,Larry Sharpe
04/09/2018,PowerfulJRE,22,False,3035,"Diamond Dallas Page is a semi-retired professional wrestler, fitness instructor, motivational speaker and actor. Check out https://ddpyoga.com/ for link to his app DDPYoga.",839,2:19:29,W0Bs56G9KAQ,8369,False,True,"""Joe Rogan Experience"" JRE Joe Rogan podcast MMA comedy stand up funny Freak Party DDPYoga DDp Yoga ""Diamond Dallas Page"" WWE WCW NWO ""Joe Rogan"" ""Jake the Snake Roberts"" ""Hulk Hogan"" comedian jokes ""stand up"" laugh",8369,17841,public,4.0,0.0,https://i.ytimg.com/vi/W0Bs56G9KAQ/default.jpg,1535666726,,Joe Rogan Experience #1166 - Diamond Dallas Page,zQUP1qoWDoEbmsQxvdjxgQ,1326445,1535666726000,2018,8,30,1166,1326445,139,Diamond Dallas Page
30/08/2018,PowerfulJRE,22,False,2021,"Tom Papa is a comedian, actor, writer and television/radio host. His new show ""Baked"" premieres on The Food Network this Monday, September 3rd at 10PM.",1376,2:44:45,rXSCahR6az8,9885,False,True,"""Joe Rogan Experience"" podcast ""JRE #1165"" JRE 1165 ""Joe Rogan"" ""Tom Papa"" comedy comedian jokes funny ""stand up"" bread Baked sourdough mma UFC ""Ultimate Fighting Championship""",9885,7648,public,4.0,0.0,https://i.ytimg.com/vi/rXSCahR6az8/default.jpg,1535494345,,Joe Rogan Experience #1165 - Tom Papa,zQUP1qoWDoEbmsQxvdjxgQ,843898,1535494345000,2018,8,28,1165,843898,164,Tom Papa
29/08/2018,PowerfulJRE,22,False,13149,"Mikhaila Peterson is a food blogger tracking her experiences with the Carnivore Diet at ""Don't Eat That"" http://mikhailapeterson.com/",4070,1:55:25,PF_7688Zk6s,6925,False,True,"""Joe Rogan Experience"" podcast ""JRE #1164"" 1164 ""Joe Rogan"" ""Mikhaila Peterson"" ""Jordan Peterson"" ""Carnivore Diet"" mma UFC ""Ultimate Fighting Championship"" comedy comedian jokes ""stand up"" funny",6925,31821,public,4.0,0.0,https://i.ytimg.com/vi/PF_7688Zk6s/default.jpg,1535407288,,Joe Rogan Experience #1164 - Mikhaila Peterson,zQUP1qoWDoEbmsQxvdjxgQ,2156274,1535407288000,2018,8,27,1164,2156274,115,Mikhaila Peterson
27/08/2018,PowerfulJRE,22,False,2741,"Banachek is a mentalist, professional magician, and ""thought reader."" He performs as an entertainer and tours internationally. http://www.banachek.com/",1317,2:08:53,j9M4DT8nieM,7733,False,True,"""Joe Rogan Experience"" podcast ""JRE #1163"" 1163 ""Joe Rogan"" Banachek magaician mentalist magic JRQE ""Joe Rogan Questions Everything"" mma UFC ""Ultimate Fighting Championship"" comedy comedian entertainer ""stand up"" funny",7733,13334,public,4.0,0.0,https://i.ytimg.com/vi/j9M4DT8nieM/default.jpg,1535067822,,Joe Rogan Experience #1163 - Banachek,zQUP1qoWDoEbmsQxvdjxgQ,1309566,1535067822000,2018,8,23,1163,1309566,128,Banachek
23/08/2018,PowerfulJRE,22,False,3864,"Valentine Thomas is a former lawyer and financier who quit, to pursue a sustainable quest for happiness as a spearfisherwoman.",1148,2:10:17,JVgsyGbREVY,7817,False,True,"""Joe Rogan Experience"" podcast fishing spearfishing ""Joe Rogan"" ""Valentine Thomas"" JRE ""JRE #1162"" comedy comedian jokes ""stand up"" funny hunting UFC ""Ultmiate Fighting Championship"" mma",7817,15130,public,4.0,0.0,https://i.ytimg.com/vi/JVgsyGbREVY/default.jpg,1535066951,,Joe Rogan Experience #1162 - Valentine Thomas,zQUP1qoWDoEbmsQxvdjxgQ,1244702,1535066951000,2018,8,23,1162,1244702,130,Valentine Thomas
23/08/2018,PowerfulJRE,22,False,1210,"Jerrod Carmichael is a stand-up comedian, actor, and writer. Jamar Neighbors is an actor and stand-up comedian.",907,2:01:07,5Q_jkO9V034,7267,False,True,"""Joe Rogan Experience"" podcast ""JRE #1161"" 1161 ""Joe Rogan"" ""Jerrod Carmichael"" ""Jerrod Carmichael Show"" ""Jamar Neighbors"" Keanu ""Roast Battle"" ""The Wave"" comedy comedian jokes ""stand up"" funny laugh mma UFC ""Ultimate Fighting Championship""",7267,6373,public,4.0,0.0,https://i.ytimg.com/vi/5Q_jkO9V034/default.jpg,1534997874,,Joe Rogan Experience #1161 - Jerrod Carmichael & Jamar Neighbors,zQUP1qoWDoEbmsQxvdjxgQ,667719,1534997874000,2018,8,23,1161,667719,121,Jerrod Carmichael & Jamar Neighbors
22/08/2018,PowerfulJRE,22,False,2369,"Bert Kreischer is a stand-up comedian, actor and reality television host. His new special ""Secret Time"" premieres on August 24 only on Netflix.",1467,1:49:45,XBi1M3bcPfM,6585,False,True,"""Joe Rogan Experience"" podcast JRE ""JRE #1160"" ""Joe Rogan"" ""Bert Kreischer"" ""Secret Time"" Netflix comedy comedian jokes ""stand up"" funny laugh special mma UFC ""Ultimate Fighting Championship"" ""Open Tabs"" ""The Machine""",6585,17944,public,4.0,0.0,https://i.ytimg.com/vi/XBi1M3bcPfM/default.jpg,1534993620,,Joe Rogan Experience #1160 - Bert Kreischer,zQUP1qoWDoEbmsQxvdjxgQ,1743368,1534993620000,2018,8,23,1160,1743368,109,Bert Kreischer
22/08/2018,PowerfulJRE,22,False,25113,"Neil deGrasse Tyson is an astrophysicist, cosmologist, author, and science communicator.",9748,3:21:09,vGc4mg5pul4,12069,False,True,"""Joe Rogan Experience"" podcast ""JRE #1159"" JRE ""Neil deGrasse Tyson"" comedy comedian astrology NDT ""Star Talk Radio"" jokes ""stand up"" funny ""Joe Rogan""",12069,172327,public,4.0,0.0,https://i.ytimg.com/vi/vGc4mg5pul4/default.jpg,1534892922,,Joe Rogan Experience #1159 - Neil deGrasse Tyson,zQUP1qoWDoEbmsQxvdjxgQ,14066753,1534892922000,2018,8,21,1159,14066753,201,Neil deGrasse Tyson
21/08/2018,PowerfulJRE,22,False,5167,"Chuck Palahniuk is a novelist and freelance journalist, who describes his work as ""transgressional"" fiction. He is the author of the award-winning novel Fight Club, Choke, Lullaby, and many others.",1425,2:07:04,v8ZCX0eywXw,7624,False,True,"""Joe Rogan Experience"" podcast ""Joe Rogan"" ""JRE #1158"" 1158 JRE comedy comedian jokes ""stand up"" funny mma UFC ""Ultimate Fighting Championship"" ""Chuck Palahniuk"" ""Fight Club"" Choke Lullaby ""Fight Club 2"" ""Fight Club 3""",7624,34294,public,4.0,0.0,https://i.ytimg.com/vi/v8ZCX0eywXw/default.jpg,1533866373,,Joe Rogan Experience #1158 - Chuck Palahniuk,zQUP1qoWDoEbmsQxvdjxgQ,1776909,1533866373000,2018,8,10,1158,1776909,127,Chuck Palahniuk
09/08/2018,PowerfulJRE,22,False,4460,"Shooter Jennings is a musician, radio host, record label president, and is also the son of country music legend Waylon Jennings. His new album ""Shooter"" is available now everywhere.",2943,2:08:47,6zXXj1mNoPQ,7727,False,True,"""Joe Rogan Experience"" podcast ""JRE #1157"" 1157 ""Joe Rogan"" ""Shooter Jennings"" ""Waylan Jennings"" ""Shooter (album)"" ""rock n roll"" music musician Deathsquad ""Freak Party"" comedy comedian jokes ""stand up"" funny UFC mma ""Ultimate Fighting Championship""",7727,7816,public,3.0,0.0,https://i.ytimg.com/vi/6zXXj1mNoPQ/default.jpg,1533865416,,Joe Rogan Experience #1157 - Shooter Jennings,zQUP1qoWDoEbmsQxvdjxgQ,812291,1533865416000,2018,8,10,1157,812291,128,Shooter Jennings
09/08/2018,PowerfulJRE,22,False,11071,"Jimmy Dore is a stand-up comedian, political commentator, host of “The Jimmy Dore Show” available on YouTube (https://www.youtube.com/channel/UC3M7l8ved_rYQ45AVzS0RGA) and as a podcast available on iTunes.",3906,2:17:28,k3YcGRCGEuY,8248,False,True,"""Joe Rogan Experience"" podcast ""JRE #1156"" 1156 ""Joe Rogan"" comedy comedian jokes funny ""stand up"" ""Jimmy Dore"" ""Jimmy Dore Show"" mma UFC ""Ultimate Fighting Championship""",8248,34019,public,4.0,0.0,https://i.ytimg.com/vi/k3YcGRCGEuY/default.jpg,1533766972,,Joe Rogan Experience #1156 - Jimmy Dore,zQUP1qoWDoEbmsQxvdjxgQ,2446889,1533766972000,2018,8,8,1156,2446889,137,Jimmy Dore
08/08/2018,PowerfulJRE,22,False,4747,"Henry Rollins is a musician, actor, writer, television and radio host. He has a special debuting on Showtime called ""Keep Talking, Pal"" on August 10.",2086,2:31:55,XdV9SwVtG18,9115,False,True,"""Joe Rogan Experience"" podcast ""JRE #1155"" 1155 ""Henry Rollins"" comedy comedian jokes ""Black Flag"" UFC mma ""Ultimate Fighting Championship"" funny Showtime ""Keep Talking Pal"" ""comedy special""",9115,25049,public,4.0,0.0,https://i.ytimg.com/vi/XdV9SwVtG18/default.jpg,1533682553,,Joe Rogan Experience #1155 - Henry Rollins,zQUP1qoWDoEbmsQxvdjxgQ,1865774,1533682553000,2018,8,7,1155,1865774,151,Henry Rollins
07/08/2018,PowerfulJRE,22,False,1626,"Doug Duren is a passionate hunter, farmer, land manager and conservationist. Bryan Richards is the CWD project leader for the U.S. Geological Survey's National Wildlife Health Center.",597,2:17:03,E3s6p2UP57Q,8223,False,True,"""Joe Rogan Experience"" podcast ""JRE #1154"" 1154 ""Doug Duren"" ""Bryan Richards"" ""Joe Rogan"" CWD deer ""chronic wasting disease"" mama UFC ""Ultimate Fighting Championship"" comedy jokes ""stand up"" funny comedian",8223,6961,public,4.0,0.0,https://i.ytimg.com/vi/E3s6p2UP57Q/default.jpg,1533253968,,Joe Rogan Experience #1154 - Doug Duren & Bryan Richards,zQUP1qoWDoEbmsQxvdjxgQ,643780,1533253968000,2018,8,2,1154,643780,137,Doug Duren & Bryan Richards
06/08/2018,PowerfulJRE,22,False,17188,Macaulay Culkin is an actor and musician. He recently started a website called BunnyEars.com - https://bunnyears.com - and also a podcast available on iTunes.,4419,1:48:02,Oyb1xz7waY8,6482,False,True,"""Joe Rogan Experience"" podcast ""JRE #1153"" 1153 ""Macaulay Culkin"" bunnyears comedy comedian jokes ""stand up"" funny mma UFC ""Ultimate Fighting Championship"" ""Home Alone"" ""My Girl"" ""Home Alone 2""",6482,61345,public,4.0,0.0,https://i.ytimg.com/vi/Oyb1xz7waY8/default.jpg,1533163780,,Joe Rogan Experience #1153 - Macaulay Culkin,zQUP1qoWDoEbmsQxvdjxgQ,5090379,1533163780000,2018,8,1,1153,5090379,108,Macaulay Culkin
01/08/2018,PowerfulJRE,22,False,3215,"John Joseph is a musician, author and triathlete from New York City, most famous for his work as the lead singer of the Cro-Mags in the 1980s.",1368,3:22:50,_5dMj7iFfGM,12170,False,True,"""Joe Rogan Experience"" ""JRE #1152"" 1152 JRE ""Joe Rogan"" podcast comedy comedian jokes ""stand up"" funny mma UFC ""Ultimate Fighting Championship"" ""John Joseph"" Cro-Mags ""Bad Brains"" CBGB NYC vegan diet vegetarian",12170,13961,public,4.0,0.0,https://i.ytimg.com/vi/_5dMj7iFfGM/default.jpg,1533084503,,Joe Rogan Experience #1152 - John Joseph,zQUP1qoWDoEbmsQxvdjxgQ,1051806,1533084503000,2018,8,1,1152,1051806,202,John Joseph
31/07/2018,PowerfulJRE,22,False,4191,"Sean Carroll is a cosmologist and physics professor specializing in dark energy and general relativity. He is a research professor in the Department of Physics at the California Institute of Technology. Check out ""Sean Carroll's Mindscape Podcast"" available on iTunes & Stitcher.",2164,2:34:27,ZtxzMb9CpTM,9267,False,True,"""Joe Rogan Experience"" podcast ""JRE #1151"" 1151 JRE ""Joe Rogan"" ""Sean Carroll"" science research space time relativity comedy comedian jokes ""stand up"" funny MMA UFC ""Ultimate Fighting Championship"" ""JRE #1003"" 1003 Mindscape",9267,16536,public,4.0,0.0,https://i.ytimg.com/vi/ZtxzMb9CpTM/default.jpg,1532984894,,Joe Rogan Experience #1151 - Sean Carroll,zQUP1qoWDoEbmsQxvdjxgQ,1508851,1532984894000,2018,7,30,1151,1508851,154,Sean Carroll
30/07/2018,PowerfulJRE,22,False,3983,"Felipe Esparza is an actor and stand up comedian, who won Last Comic Standing in 2010. Check out his podcast called ""What's Up Fool?"" available on iTunes & SoundCloud: https://felipesworld.com/podcast/",1908,3:27:16,CexD7dZo_nc,12436,False,True,"""Joe Rogan Experience"" podcast ""Joe Rogan"" JRE ""JRE #1150"" ""Feliipe Esparza"" ""Last Comic Standing"" comedy comedian jokes ""stand up"" funny mma UFC ""Ultimate Fighting Championship""",12436,14475,public,4.0,0.0,https://i.ytimg.com/vi/CexD7dZo_nc/default.jpg,1532747436,,Joe Rogan Experience #1150 - Felipe Esparza,zQUP1qoWDoEbmsQxvdjxgQ,1337942,1532747436000,2018,7,28,1150,1337942,207,Felipe Esparza
27/07/2018,PowerfulJRE,22,False,3019,"Michael Scott Moore is a novelist and journalist, who was kidnapped by Somali pirates and spent two and half years in captivity. His book ""The Desert and the Sea: 977 Days Captive on the Somali Pirate Coast"" is available on Amazon now: https://www.amazon.com/Desert-Sea-Captive-Somali-Pirate/dp/0062449176",1069,1:20:23,gQzRcjRGFNg,4823,False,True,"""Joe Rogan Experience"" podcast ""JRE #1149"" 1149 ""Michael Scott Moore"" ""Somali pirates"" ""Captian Phillips"" ""The Desert and The Sea"" ""Joe Rogan"" UFC mma ""Ultimate FIghting Championship"" comedy comedian ""stand up"" funny author journalist kidnapped captivity",4823,21742,public,4.0,0.0,https://i.ytimg.com/vi/gQzRcjRGFNg/default.jpg,1532736559,,Joe Rogan Experience #1149 - Michael Scott Moore,zQUP1qoWDoEbmsQxvdjxgQ,1507671,1532736559000,2018,7,28,1149,1507671,80,Michael Scott Moore
27/07/2018,PowerfulJRE,22,False,2307,Andrew Santino is a stand up comedian and actor. You can also see him the show “I’m Dying Up Here” on SHOWTIME.,1172,2:49:22,kQ2UGALEmFk,10162,False,True,"""Joe Rogan Experience"" podcast ""JRE #1148"" 1148 ""Andrew Santino"" ""Joe Rogan"" comedy comedian jokes ""stand up"" funny mma UFC ""Ultimate Fighting Championship"" JRE",10162,8848,public,4.0,0.0,https://i.ytimg.com/vi/kQ2UGALEmFk/default.jpg,1532646629,,Joe Rogan Experience #1148 - Andrew Santino,zQUP1qoWDoEbmsQxvdjxgQ,1223855,1532646629000,2018,7,26,1148,1223855,169,Andrew Santino
25/07/2018,PowerfulJRE,22,False,10625,"Dr. Debra Soh is a former sex researcher, neuroscientist, columnist, and podcast host. She is the co-host with Jonathan Kay of ""Wrongspeak"" available on iTunes & Google Play.",3308,3:09:48,Zere8WRepGo,11388,False,True,"""Joe Rogan Experience"" podcast JRE ""JRE #1147"" 1147 ""Joe Rogan"" mma UFC ""Ultimate Fighting Championship"" comedy comedian jokes ""stand up"" funny ""Dr. Debra Soh"" Wrongspeak ""sex research""",11388,40474,public,4.0,0.0,https://i.ytimg.com/vi/Zere8WRepGo/default.jpg,1532570626,,Joe Rogan Experience #1147 - Dr. Debra Soh,zQUP1qoWDoEbmsQxvdjxgQ,3318261,1532570626000,2018,7,26,1147,3318261,189,Dr. Debra Soh
11/07/2018,PowerfulJRE,22,False,1639,"Jeff Garlin is a comedian, actor, producer, director, and writer.",895,1:49:22,eaf9Zn6juts,6562,False,True,"""Joe Rogan Experience"" podcast JRE ""Joe Rogan"" ""JRE #1146"" ""Jeff Garlin"" ""Curb Your Enthusiasm"" ""The Goldbergs"" ""stand up"" funny comedy jokes comedian mma UFC ""Ultimate Fighting Championship""",6562,8454,public,4.0,0.0,https://i.ytimg.com/vi/eaf9Zn6juts/default.jpg,1531865335,,Joe Rogan Experience #1146 - Jeff Garlin,zQUP1qoWDoEbmsQxvdjxgQ,709785,1531865335000,2018,7,17,1146,709785,109,Jeff Garlin
16/07/2018,PowerfulJRE,22,False,15164,"Peter Schiff is an American businessman, investment broker, author and financial commentator. Schiff is CEO and chief global strategist of Euro Pacific Capital Inc. He also hosts his own podcast called “The Peter Schiff Podcast” available on iTunes and at SchiffRadio.com",5221,2:46:58,3u7kDfEtKfs,10018,False,True,"""Joe Rogan Experience"" JRE Joe Rogan podcast MMA comedy stand up funny Freak Party ""Joe Rogan"" ""Peter Schiff"" ""JRE #1145"" 1145 bitcoin crypto gold",10018,30575,public,4.0,0.0,https://i.ytimg.com/vi/3u7kDfEtKfs/default.jpg,1531729631,,Joe Rogan Experience #1145 - Peter Schiff,zQUP1qoWDoEbmsQxvdjxgQ,2304257,1531729631000,2018,7,16,1145,2304257,166,Peter Schiff
16/07/2018,PowerfulJRE,22,False,5238,"Doug Stanhope is a stand-up comedian, writer, and TV host, also currently hosting his own podcast, The Doug Stanhope Podcast. His book This Is Not Fame: A “From What I Re-Memoir” is available on Amazon.",1928,2:44:22,4RyL6qqzp8o,9862,False,True,"""Joe Rogan Experience"" JRE Joe Rogan podcast MMA comedy stand up funny Freak Party ""Doug Stanhope"" ""The Man Show"" ""Joe Rogan"" ""JRE #1144"" 1144",9862,12600,public,4.0,0.0,https://i.ytimg.com/vi/4RyL6qqzp8o/default.jpg,1531357189,,Joe Rogan Experience #1144 - Doug Stanhope,zQUP1qoWDoEbmsQxvdjxgQ,1584642,1531357189000,2018,7,12,1144,1584642,164,Doug Stanhope
10/07/2018,PowerfulJRE,22,False,4985,"Candice Thompson is a comedian, writer, and actor. Check out her podcast called ""The Struggle w/ Candice Thompson"" here: http://www.candicethompsoncomedy.com/the-struggle-podcast",5835,1:48:01,vY25O9TIY78,6481,False,True,"""Joe Rogan Experience"" podcast ""JRE #1143"" #1143 JRE ""Joe Rogan"" comedy comedian jokes ""stand up"" funny ""Candice Thompson"" UFC mma ""Ultimate Fighting Championship"" ""The Comedy Store""",6481,8246,public,3.0,0.0,https://i.ytimg.com/vi/vY25O9TIY78/default.jpg,1531272515,,Joe Rogan Experience #1143 - Candice Thompson,zQUP1qoWDoEbmsQxvdjxgQ,942433,1531272515000,2018,7,11,1143,942433,108,Candice Thompson
09/07/2018,PowerfulJRE,22,False,1555,Tony Rock is an actor and stand up comedian.  https://www.tonyrockcomedy.com/,912,2:08:16,XFuvnieExAo,7696,False,True,"""Joe Rogan Experience"" podcast ""JRE #1142"" ""Tony Rock"" ""Joe Rogan"" mma UFC ""Ultimate Fighting Championship"" comedy comedian funny ""stand up""",7696,7777,public,4.0,0.0,https://i.ytimg.com/vi/XFuvnieExAo/default.jpg,1530836247,,Joe Rogan Experience #1142 - Tony Rock,zQUP1qoWDoEbmsQxvdjxgQ,795229,1530836247000,2018,7,6,1142,795229,128,Tony Rock
04/07/2018,PowerfulJRE,22,False,9165,"Theo Von is a stand-up comedian, television personality, host, and actor. Check out his special on Netflix called ""No Offense"" & his podcast called ""This Past Weekend"" available on iTunes & YouTube. https://www.youtube.com/channel/UC5AQEUAwCh1sGDvkQtkDWUQ",2886,3:19:57,_Z-RdKb1TPg,11997,False,True,"""Joe Rogan Experience"" podcast ""JRE #1141"" 1141 JRE ""Theo Von"" ""Joe Rogan"" UFC mma ""Ultimate Fihgting Championship"" comedy comedian jokes ""stand up"" funny",11997,39967,public,4.0,0.0,https://i.ytimg.com/vi/_Z-RdKb1TPg/default.jpg,1530742875,,Joe Rogan Experience #1141 - Theo Von,zQUP1qoWDoEbmsQxvdjxgQ,5115335,1530742875000,2018,7,4,1141,5115335,199,Theo Von
03/07/2018,PowerfulJRE,22,False,11368,Joey “CoCo” Diaz is a Cuban-American stand up comedian and actor.  Joey also hosts his own podcast called “The Church of What’s Happening Now”.,4682,3:22:39,fXvgZF01OTk,12159,False,True,"""Joe Rogan Experience"" podcast ""JRE #1140"" 1140 ""The Church Of What's Happening Now"" JRE ""Joe Rogan"" ""Joey Diaz"" UFC mma comedy comedian jokes ""stand up"" funny",12159,73370,public,4.0,0.0,https://i.ytimg.com/vi/fXvgZF01OTk/default.jpg,1530571005,,Joe Rogan Experience #1140 - Joey Diaz,zQUP1qoWDoEbmsQxvdjxgQ,8542060,1530571005000,2018,7,2,1140,8542060,202,Joey Diaz
28/06/2018,PowerfulJRE,22,False,21371,"Jordan Peterson is a clinical psychologist and tenured professor of psychology at the University of Toronto.

https://www.youtube.com/channel/UCL_f53ZEJxp8TtlOkHwMV9Q

All Dr. Peterson’s self-improvement writing programs at www.selfauthoring.com 20% off for Rogan listeners. Code: ROGAN",6616,3:20:22,9Xc7DN-noAc,12022,False,True,"""Joe Rogan Experience"" podcast ""JRE #1139"" 1139 ""Joe Rogan"" ""Jordan Peterson"" comedy comedian jokes ""stand up"" funny mma UFC ""Ultimate Fighting Championship"" ""self authoring""",12022,127757,public,4.0,0.0,https://i.ytimg.com/vi/9Xc7DN-noAc/default.jpg,1530228347,,Joe Rogan Experience #1139 - Jordan Peterson,zQUP1qoWDoEbmsQxvdjxgQ,8573044,1530228347000,2018,6,28,1139,8573044,200,Jordan Peterson
27/06/2018,PowerfulJRE,22,False,13390,"Ted Nugent is a singer-songwriter, guitarist, hunter and activist.",7040,3:31:01,-Yp6ZdCIE3k,12661,False,True,"""Joe Rogan Experience"" podcast ""JRE #1138"" 1138 ""Joe Rogan"" ""Ted Nugent"" Stranglehold comedy comedian jokes ""stand up"" funny mma UFC ""Ultmiate Fighting Championship""",12661,37264,public,4.0,0.0,https://i.ytimg.com/vi/-Yp6ZdCIE3k/default.jpg,1530147204,,Joe Rogan Experience #1138 - Ted Nugent,zQUP1qoWDoEbmsQxvdjxgQ,2898531,1530147204000,2018,6,28,1138,2898531,211,Ted Nugent
26/06/2018,PowerfulJRE,22,False,8175,"Duncan Trussell is a stand-up comedian, and host of his own podcast “The Duncan Trussell Family Hour”.

http://www.duncantrussell.com/",2589,2:58:02,SIwSXODoJuU,10682,False,True,"""Joe Rogan Experience"" podcast ""JRE #1137"" 1137 ""Duncan Trussell"" ""Joe Rogan"" DTFH ""Duncan Trussell Family Hour"" comedy comedian jokes ""stand up"" funny UFC mma ""Ultimate Fighting Championship""",10682,34818,public,4.0,0.0,https://i.ytimg.com/vi/SIwSXODoJuU/default.jpg,1530053593,,Joe Rogan Experience #1137 - Duncan Trussell,zQUP1qoWDoEbmsQxvdjxgQ,2977220,1530053593000,2018,6,26,1137,2977220,178,Duncan Trussell
25/06/2018,PowerfulJRE,22,False,14109,"Hamilton Morris is a writer, documentarian, psychonaut and scientific researcher. His show ""Hamilton's Pharmacopeia"" is available on VICELAND and iTunes.",4504,2:53:37,HM8WDZIhs3M,10417,False,True,"""Joe Rogan Experience"" podcast ""JRE #1135"" 1135 ""Hamilton Morris"" ""Joe Rogan"" Deathsquad ""Freak Party"" VICELAND VICE comedy comedian jokes ""stand up"" funny mma UFC ""Ultimate Fighting Championship""",10417,78529,public,4.0,0.0,https://i.ytimg.com/vi/HM8WDZIhs3M/default.jpg,1529968545,,Joe Rogan Experience #1136 - Hamilton Morris,zQUP1qoWDoEbmsQxvdjxgQ,7193086,1529968545000,2018,6,25,1136,7193086,173,Hamilton Morris
22/06/2018,PowerfulJRE,22,False,4256,Ari Shaffir is a stand-up comedian and also hosts the podcasts Ari Shaffir’s Skeptic Tank & Punch Drunk Sports. See Ari at this year's Edinburgh Festival Fringe from August 3-27.,2562,3:21:35,p9ulSZyzRtg,12095,False,True,"""Joe Rogan Experience"" podcast ""JRE #1135"" 1135 ""Joe Rogan"" ""Ari Shaffir"" comedy comedian comedians jokes ""stand up"" funny mma UFC ""Ultimate Fighting Championship"" ""Punch Drunk Sports"" ""Skeptic Tank""",12095,22612,public,4.0,0.0,https://i.ytimg.com/vi/p9ulSZyzRtg/default.jpg,1529711465,,Joe Rogan Experience #1135 - Ari Shaffir,zQUP1qoWDoEbmsQxvdjxgQ,2749887,1529711465000,2018,6,22,1135,2749887,201,Ari Shaffir
21/06/2018,PowerfulJRE,22,False,2214,"Kyle Dunnigan is a writer, actor and comedian. Check out his hilarious Instagram page: https://www.instagram.com/kyledunnigan1/",1481,2:29:06,ANeILT_kkDM,8946,False,True,"""Joe Rogan Experience"" podcast ""JRE #1134"" 1134 ""Joe Rogan"" ""Kyle Dunnigan"" Instagram comedian jokes ""stand up"" funny ""Caitlyn Jenner"" Kardashian ""Bruce Jenner"" ""Donald Trump"" comedy",8946,12740,public,4.0,0.0,https://i.ytimg.com/vi/ANeILT_kkDM/default.jpg,1529622973,,Joe Rogan Experience #1134 - Kyle Dunnigan,zQUP1qoWDoEbmsQxvdjxgQ,1077691,1529622973000,2018,6,21,1134,1077691,149,Kyle Dunnigan
19/06/2018,PowerfulJRE,22,False,3628,"Dennis McKenna is an ethnopharmacologist, author, and brother to well-known psychedelics proponent Terence McKenna. His new book ""Ethnopharmacologic Search for Psychoactive Drugs: 50 Years of Research (1967-2017)"" is available here: http://www.synergeticpress.com/shop/ethnopharmacologic-search-psychoactive-drugs-50-years-research/",2182,2:42:18,9OQ6wFocx9M,9738,False,True,"""Joe Rogan Experience"" podcast ""JRE #1133"" 1133 ""Joe Rogan"" ""Dennis McKenna"" ""Terrence McKenna"" Psychedelics LSD MDMA mushrooms comedy comedian jokes ""stand up"" funny",9738,18663,public,4.0,0.0,https://i.ytimg.com/vi/9OQ6wFocx9M/default.jpg,1529362386,,Joe Rogan Experience #1133 - Dennis McKenna,zQUP1qoWDoEbmsQxvdjxgQ,1650327,1529362386000,2018,6,18,1133,1650327,162,Dennis McKenna
13/06/2018,PowerfulJRE,22,False,2815,Kyle Kingsbury is a retired professional mixed martial artist. He is currently the Director of Human Optimization at Onnit.,1234,3:14:53,lA18kveydd4,11693,False,True,"""Joe Rogan Experience"" podcast ""JRE #1132"" 1132 ""Kyle Kingsbury"" ""Joe Rogan"" Onnit mma UFC ""Ultimate Fighting Championship"" comedy comedian jokes ""stand up"" funny",11693,9987,public,4.0,0.0,https://i.ytimg.com/vi/lA18kveydd4/default.jpg,1528930974,,Joe Rogan Experience #1132 - Kyle Kingsbury,zQUP1qoWDoEbmsQxvdjxgQ,1120143,1528930974000,2018,6,13,1132,1120143,194,Kyle Kingsbury
12/06/2018,PowerfulJRE,22,False,13582,"Dave Rubin is a stand-up comedian, talk show host, and television personality. He is the creator and host of political comedy talk show “The Rubin Report” -- https://www.youtube.com/RubinReport",4995,2:57:13,Ev3-7HLcZ5o,10633,False,True,"""Joe Rogan Experience"" podcast ""JRE #1131"" ""Dave Rubin"" ""Joe Rogan"" comedy comedian jokes ""stand up"" funny MMA UFC ""Ultimate Fighting Championship"" ""The Rubin Report"" ""Jordan Peterson""",10633,29447,public,4.0,0.0,https://i.ytimg.com/vi/Ev3-7HLcZ5o/default.jpg,1528851636,,Joe Rogan Experience #1131 - Dave Rubin,zQUP1qoWDoEbmsQxvdjxgQ,2407071,1528851636000,2018,6,13,1131,2407071,177,Dave Rubin
11/06/2018,PowerfulJRE,22,False,8453,"Adam Frank is a physicist, astronomer, and writer. His scientific research has focused on computational astrophysics with an emphasis on star formation and late stages of stellar evolution. His new book ""Light of the Stars: Alien Worlds and the Fate of the Earth"" is available now on Amazon.",4233,2:23:50,MfHk_93x8_0,8630,False,True,"""Joe Rogan Experience"" podcast ""JRE #1130"" 1130 ""Adam Frank"" physics astronomy ""Joe Rogan"" aliens space Interstellar ""Doctor Strange"" sci-fi",8630,32959,public,4.0,0.0,https://i.ytimg.com/vi/MfHk_93x8_0/default.jpg,1528755265,,Joe Rogan Experience #1130 - Adam Frank,zQUP1qoWDoEbmsQxvdjxgQ,4142609,1528755265000,2018,6,11,1130,4142609,143,Adam Frank
06/06/2018,PowerfulJRE,22,False,1857,"Tom Papa is a comedian, actor, writer and television/radio host. His new book ""Your Dad Stole My Rake: And Other Family Dilemmas"" is available now on Amazon. https://www.amazon.com/Your-Dad-Stole-My-Rake/dp/1250144388",838,3:03:47,vsiQffJA2h8,11027,False,True,"""Joe Rogan Experience"" podcast ""JRE #1129"" 1129 ""Joe Rogan"" ""Tom Papa"" comedy comedian jokes ""stand up"" funny laugh MMA UFC ""Ultimate Fighting Championship"" baking bread ""dad stole my rake""",11027,8552,public,4.0,0.0,https://i.ytimg.com/vi/vsiQffJA2h8/default.jpg,1528328481,,Joe Rogan Experience #1129 - Tom Papa,zQUP1qoWDoEbmsQxvdjxgQ,936303,1528328481000,2018,6,6,1129,936303,183,Tom Papa
06/06/2018,PowerfulJRE,22,False,2824,"Ryan Sickler is a stand up comedian and co-host of ""The Crabfest Podcast."" https://www.thecrabfeast.com/",805,2:37:58,VX4qn8syLn0,9478,False,True,"""Joe Rogan Experience"" podcast ""JRE #1128"" 1128 ""Ryan Sickler"" Crabfeast comedy comedian jokes ""stand up"" funny mma UFC animals ""Ultimate Fighting Championship""",9478,11999,public,4.0,0.0,https://i.ytimg.com/vi/VX4qn8syLn0/default.jpg,1528325974,,Joe Rogan Experience #1128 - Ryan Sickler,zQUP1qoWDoEbmsQxvdjxgQ,1235824,1528325974000,2018,6,6,1128,1235824,157,Ryan Sickler
04/06/2018,PowerfulJRE,22,False,1296,"Jesse Itzler is an entrepreneur, author, and founder of The 100 Mile Group. Check out his new book ""Living With The Monks"" available at http://jesseitzler.com

https://www.instagram.com/jesseitzler

https://twitter.com/the100MileMan",770,1:47:11,b0GIO4lYFls,6431,False,True,"""Joe Rogan Experience"" podcast ""Joe Rogan"" ""JRE #1127"" ""Jesse Itzler"" comedy comedian jokes ""stand up"" funny mma UFC ""David Goggins"" monks author ZICO ""Atlanta Hawks"" ""Ultimate Fighting Championship"" running ""ultra marathon"" ""100 mile run""",6431,11701,public,4.0,0.0,https://i.ytimg.com/vi/b0GIO4lYFls/default.jpg,1528250743,,Joe Rogan Experience #1127 - Jesse Itzler,zQUP1qoWDoEbmsQxvdjxgQ,924041,1528250743000,2018,6,6,1127,924041,107,Jesse Itzler
31/05/2018,PowerfulJRE,22,False,2712,"Erik Griffin is a stand-up comedian, writer and actor. His new special ""AmERIKan Warrior"" premieres on June 8 on Showtime, and he can be also be seen in the Showtime show ""I'm Dying Up Here.""",1086,2:49:07,WsoWyanP5qo,10147,False,True,"""Joe Rogan Experience"" podcast ""JRE #1126"" 1126 ""Erik Griffin"" ""Joe Rogan"" comedy comedian jokes ""stand up"" funny mma UFC ""Ultimate Fighting Championship""",10147,10916,public,4.0,0.0,https://i.ytimg.com/vi/WsoWyanP5qo/default.jpg,1528149515,,Joe Rogan Experience #1126 - Erik Griffin,zQUP1qoWDoEbmsQxvdjxgQ,1011575,1528149515000,2018,6,4,1126,1011575,169,Erik Griffin
31/05/2018,PowerfulJRE,22,False,27500,"Candace Owens is the communication director for Turning Point USA, which is an American conservative nonprofit organization whose stated mission is ""to educate students about true free market values.""",10456,2:31:05,7Nnzpy5GRak,9065,False,True,"""Joe Rogan Experience"" ""JRE #1125"" ""Candace Owens"" ""Joe Rogan"" ""Donlad Trump"" Roseanne comedy comedian jokes ""stand up"" ""climate change"" funny UFC MMA ""Ultimate Fighting Championship""",9065,40944,public,4.0,0.0,https://i.ytimg.com/vi/7Nnzpy5GRak/default.jpg,1527812205,,Joe Rogan Experience #1125 - Candace Owens,zQUP1qoWDoEbmsQxvdjxgQ,2823128,1527812205000,2018,6,1,1125,2823128,151,Candace Owens
30/05/2018,PowerfulJRE,22,False,9290,"Robert Schoch is an associate professor of Natural Sciences at the College of General Studies, Boston University. He has been best known as a proponent of the Sphinx water erosion hypothesis. Check out links to more of his work at http://robertschoch.com",3345,2:54:43,Vka2ZgzZTvo,10483,False,True,"""Joe Rogan Experience"" podcast ""JRE #1124"" 1124 ""Robert Schoch"" Egypt pyramids Sphinx water comedy comedian jokes ""stand up"" funny mma UFC ""Ultimate Fighting Championship""",10483,50082,public,4.0,0.0,https://i.ytimg.com/vi/Vka2ZgzZTvo/default.jpg,1527810337,,Joe Rogan Experience #1124 - Robert Schoch,zQUP1qoWDoEbmsQxvdjxgQ,4781006,1527810337000,2018,5,31,1124,4781006,174,Robert Schoch
29/05/2018,PowerfulJRE,22,False,6683,"Kevin Smith is a filmmaker, actor, comedian, public speaker, comic book writer, author, and podcaster.",1832,3:12:51,aC7p0Upkh34,11571,False,True,"""Joe Rogan Experience"" podcast ""JRE #1123"" JRE ""Kevin Smith"" Clerks ""Jat & Silent Bob"" ""Mall Rats"" Dogma Tusk Comedy comedian jokes ""stand up"" funny mma UFC ""Ultimate Fighting Championship""",11571,35178,public,4.0,0.0,https://i.ytimg.com/vi/aC7p0Upkh34/default.jpg,1527740568,,Joe Rogan Experience #1123 - Kevin Smith,zQUP1qoWDoEbmsQxvdjxgQ,2414910,1527740568000,2018,5,31,1123,2414910,192,Kevin Smith
28/05/2018,PowerfulJRE,22,False,2045,"Donnie Vincent is a biologist, explorer, conservationist, sportsman, and filmmaker. Links to some of his recent work is available at: https://www.donnievincent.com",1147,2:36:09,WnClnjjJHhg,9369,False,True,"""Joe Rogan Experience"" podcast ""JRE #1122"" 1122 ""Joe Rogan"" ""Donnie Vincent"" hunting conservation archery bow arrow comedy comedian jokes ""stand up"" funny mma UFC ""Ultimate Fighting Championship""",9369,13026,public,4.0,0.0,https://i.ytimg.com/vi/WnClnjjJHhg/default.jpg,1527635259,,Joe Rogan Experience #1122 - Donnie Vincent,zQUP1qoWDoEbmsQxvdjxgQ,1214025,1527635259000,2018,5,29,1122,1214025,156,Donnie Vincent
23/05/2018,PowerfulJRE,22,False,3948,"Michael Pollan is an author, journalist, activist, and professor of journalism at the UC Berkeley Graduate School of Journalism. His new book ""How To Change Your Mind"" is available now.

""How To Change Your Mind"" on Amazon: https://www.amazon.com/Change-Your-Mind-Consciousness-Transcendence/dp/1594204225/ref=asap_bc?ie=UTF8",1231,1:25:07,tz4CrWE_P0g,5107,False,True,"""Joe Rogan Experience"" podcast ""JRE #1121"" 1121 ""Joe Rogan"" ""Michael Pollan"" ""How To Change Your MInd"" psychedelics mushrooms LSD comedy comedian writer author jokes funny ""stand up"" Journalism journalist",5107,34437,public,4.0,0.0,https://i.ytimg.com/vi/tz4CrWE_P0g/default.jpg,1527199293,,Joe Rogan Experience #1121 - Michael Pollan,zQUP1qoWDoEbmsQxvdjxgQ,2268825,1527199293000,2018,5,24,1121,2268825,85,Michael Pollan
22/05/2018,PowerfulJRE,22,False,2288,"Ben Greenfield is a Coach, Author, Speaker, ex-Bodybuilder and Ironman Triathlete. In 2008 he was voted as the Personal Trainer of the Year by the National Strength and Conditioning Association (NSCA) and recognized as the top 100 Most Influential People in Health in 2013.",2544,1:57:17,v9A3Jy7s5qY,7037,False,True,"""Joe Rogan Experience"" podccast ""JRE #1120"" 1120 ""Joe Rogan"" ""Ben Greenfield"" fitness diet ketogenic ketone exosomes comedy comedian jokes ""stand up"" funny MMA UFC ""Ultimate Fighting Championship""",7037,5160,public,3.0,0.0,https://i.ytimg.com/vi/v9A3Jy7s5qY/default.jpg,1527025258,,Joe Rogan Experience #1120 - Ben Greenfield,zQUP1qoWDoEbmsQxvdjxgQ,665441,1527025258000,2018,5,22,1120,665441,117,Ben Greenfield
18/05/2018,PowerfulJRE,22,False,5206,"Howard Bloom is an author and he was also a publicist in the 1970s and 1980s for singers and bands such as Prince, Billy Joel, and Styx. His latest book ""How I Accidentally Started The Sixties"" is available now on Amazon -- https://www.amazon.com/How-I-Accidentally-Started-Sixties/dp/1945572914/ref=la_B001KIRZ9U_1_6?s=books&ie=UTF8&qid=1526939581&sr=1-6",3423,2:53:53,-8X32zNup1o,10433,False,True,"""Joe Rogan Experience"" podcast ""Joe Rogan"" ""Howard Bloom"" ""JRE #1119"" 1119 comedy comedian jokes ""stand up"" funny mma UFC physics ""Ultimate Fighting Championship""",10433,12638,public,4.0,0.0,https://i.ytimg.com/vi/-8X32zNup1o/default.jpg,1526939734,,Joe Rogan Experience #1119 - Howard Bloom,zQUP1qoWDoEbmsQxvdjxgQ,1213437,1526939734000,2018,5,21,1119,1213437,173,Howard Bloom
17/05/2018,PowerfulJRE,22,False,7570,"Theo Von is a stand-up comedian, television personality, host, and actor. Check out his special on Netflix called ""No Offense"" & his podcast called ""This Past Weekend"" available on iTunes & YouTube.

https://www.youtube.com/channel/UC5AQEUAwCh1sGDvkQtkDWUQ",2109,1:54:06,dnpVNfHMlY4,6846,False,True,"""Joe Rogan Experience"" podcast ""JRE #1118"" 1118 ""Joe Rogan"" comedy comedian jokes ""stand up"" funny ""Theo Von"" ""This Past Weekend"" mma UFC ""Ultimate Fighting Championship""",6846,37554,public,4.0,0.0,https://i.ytimg.com/vi/dnpVNfHMlY4/default.jpg,1526680589,,Joe Rogan Experience #1118 - Theo Von,zQUP1qoWDoEbmsQxvdjxgQ,3465950,1526680589000,2018,5,18,1118,3465950,114,Theo Von
16/05/2018,PowerfulJRE,22,False,9243,"Tim Kennedy is a Ranger, sniper, Special Forces Operator, and recently retired UFC Fighter.",4314,2:52:52,iaL3EEWspLo,10372,False,True,"""Joe Rogan Experience"" ""Joe Rogan"" JRE ""JRE MMA Show"" #27 ""Tim Kennedy"" ""Special Forces"" UFC mma ""Ultimate Fighting Championship"" comedy comedian jokes ""stand up"" funny",10372,47280,public,4.0,0.0,https://i.ytimg.com/vi/iaL3EEWspLo/default.jpg,1526629778,,Joe Rogan Experience #1117 - Tim Kennedy,zQUP1qoWDoEbmsQxvdjxgQ,3998991,1526629778000,2018,5,18,1117,3998991,172,Tim Kennedy
16/05/2018,PowerfulJRE,22,False,9335,"Steven Tyler is a singer-songwriter, multi-instrumentalist, best known as the lead-singer of Aerosmith. He is also the subject of new documentary called ""Steven Tyler: Out On a Limb"" available to stream on demand.",2244,2:04:39,0HqLk_ZbHmI,7479,False,True,"""Joe Rogan Experience"" podcast ""JRE #1116"" 1116 JRE ""Joe Rogan"" ""Steven Tyler"" Aerosmith signer comedy comedian jokes funny ""stand up"" ""rock n roll"" ""Joe Perry""",7479,39626,public,4.0,0.0,https://i.ytimg.com/vi/0HqLk_ZbHmI/default.jpg,1526522207,,Joe Rogan Experience #1116 - Steven Tyler,zQUP1qoWDoEbmsQxvdjxgQ,2907753,1526522207000,2018,5,17,1116,2907753,124,Steven Tyler
09/05/2018,PowerfulJRE,22,False,3044,"Mike Baker is a former CIA covert operations officer. Currently he is the president of Diligence LLC, a global intelligence and security firm.",2159,2:45:25,V7iUoq9PZf8,9925,False,True,"""Joe Rogan Experience"" podcast ""JRE #1115"" 1115 ""Mike Baker"" ""Joe Rogan"" comedy coemdian jokes ""stand up"" funny UFC mma ""Ultimate Fighting Championship""",9925,9893,public,4.0,0.0,https://i.ytimg.com/vi/V7iUoq9PZf8/default.jpg,1525905811,,Joe Rogan Experience #1115 - Mike Baker,zQUP1qoWDoEbmsQxvdjxgQ,1199069,1525905811000,2018,5,9,1115,1199069,165,Mike Baker
08/05/2018,PowerfulJRE,22,False,3319,"Matt Taibbi is a journalist and author. He has reported on politics, media, finance, and sports, and has authored several books including: Insane Clown President, Griftopia, and The Business Secrets Of Drug Dealing.",2842,2:20:42,EB9JHwzzyX4,8442,False,True,"""Joe Rogan Experience"" podcast ""JRE #1114"" JRE 1114 ""Matt Taibbi"" ""Rolling Stone"" writer journalist ""Hunter S. Thompson"" comedy comedian jokes ""stand up"" funny mma UFC ""Ultimate Fighting Championship""",8442,11571,public,4.0,0.0,https://i.ytimg.com/vi/EB9JHwzzyX4/default.jpg,1525905484,,Joe Rogan Experience #1114 - Matt Taibbi,zQUP1qoWDoEbmsQxvdjxgQ,1175849,1525905484000,2018,5,9,1114,1175849,140,Matt Taibbi
07/05/2018,PowerfulJRE,22,False,2439,Brian Redban is a comedian and the founder of the Deathsquad podcast network.,1066,3:06:56,QL8voe1u7Ys,11216,False,True,"""Joe Rogan Experience"" podcast ""JRE #1113"" 1113 ""Joe Rogan"" ""Brian Redban"" Deathsquad ""Freak Party"" mma UFC comedy comedian jokes ""stand up"" ""Ultimate Fighting Championship""",11216,10086,public,4.0,0.0,https://i.ytimg.com/vi/QL8voe1u7Ys/default.jpg,1525825212,,Joe Rogan Experience #1113 - Brian Redban,zQUP1qoWDoEbmsQxvdjxgQ,1115919,1525825212000,2018,5,9,1113,1115919,186,Brian Redban
05/05/2018,PowerfulJRE,22,False,2237,"Cameron Hanes is a bowhunting athlete, “training intensively each and every day to become the Ultimate Predator” and he also has a podcast available on iTunes called Keep Hammering with Cameron Hanes.",1456,2:56:02,-WLPRX5C2Vc,10562,False,True,"""Joe Rogan Experience"" JRE Joe Rogan podcast MMA comedy stand up funny Freak Party ""Joe Rogan"" ""Cameron Hanes"" ""JRE #1112"" Hawaii ""Axis Deer"" hunting bow arrow archery",10562,8871,public,4.0,0.0,https://i.ytimg.com/vi/-WLPRX5C2Vc/default.jpg,1525573593,,Joe Rogan Experience #1112 - Cameron Hanes,zQUP1qoWDoEbmsQxvdjxgQ,1108144,1525573593000,2018,5,6,1112,1108144,176,Cameron Hanes
26/04/2018,PowerfulJRE,22,False,14876,"Abby Martin is a journalist and host of the ""The Empire Files""  -- http://theempirefiles.tv",13965,2:16:35,HCRefZ1_yNY,8195,False,True,"""Joe Rogan Experience"" podcast ""JRE #1111"" 1111 ""Joe Rogan"" ""Abby Martin"" ""The Empire Files"" mma UFC ""Ultimate Fighting Championship"" comedy comedian jokes ""stand up"" funny Deathsquad ""Freak Party""",8195,21551,public,3.0,0.0,https://i.ytimg.com/vi/HCRefZ1_yNY/default.jpg,1524787800,,Joe Rogan Experience #1111 - Abby Martin,zQUP1qoWDoEbmsQxvdjxgQ,1511771,1524787800000,2018,4,27,1111,1511771,136,Abby Martin
25/04/2018,PowerfulJRE,22,False,723,"Zach Bitter is an endurance athlete, ultramarathon runner and coach. He holds the current American 100-mile record at 11:40:55.",493,1:27:59,RsO61ZsihQM,5279,False,True,"""Joe Rogan Experience"" podcast ""JRE #1110"" 1110 ""Joe Rogan"" ""Zach Bitter"" ""ultra marathon"" running ""100 mile run"" ""record holder"" ""7 min mile"" comedy coemdian jokes ""stand up"" mma UFC ""Ultimate Fighting Championship""",5279,4721,public,4.0,0.0,https://i.ytimg.com/vi/RsO61ZsihQM/default.jpg,1524787238,,Joe Rogan Experience #1110 - Zach Bitter,zQUP1qoWDoEbmsQxvdjxgQ,553103,1524787238000,2018,4,27,1110,553103,87,Zach Bitter
24/04/2018,PowerfulJRE,22,False,8219,"Matthew Walker is Professor of Neuroscience and Psychology at the University of California, Berkeley, and Founder and Director of the Center for Human Sleep Science. Check out his book ""Why We Sleep: Unlocking the Power of Sleep and Dreams"" on Amazon. https://www.amazon.com/dp/1501144316",2151,1:55:33,pwaWilO_Pig,6933,False,True,,6933,86375,public,4.0,0.0,https://i.ytimg.com/vi/pwaWilO_Pig/default.jpg,1524696349,,Joe Rogan Experience #1109 - Matthew Walker,zQUP1qoWDoEbmsQxvdjxgQ,4686671,1524696349000,2018,4,25,1109,4686671,115,Matthew Walker
23/04/2018,PowerfulJRE,22,False,3372,"Peter Attia is the founder of Attia Medical, PC, a medical practice with offices in San Diego and New York City, focusing on the applied science of longevity.",1631,2:51:40,gP1NA5f4LfE,10300,False,True,"""Joe Rogan Experience"" podcast ""JRE #1108"" 1108 ""Joe Rogan"" ""Peter Attia"" comedy comedian jokes ""stand up"" funny laugh mma UFC ""Ultimate Fighting Championship""",10300,32216,public,4.0,0.0,https://i.ytimg.com/vi/gP1NA5f4LfE/default.jpg,1524607425,,Joe Rogan Experience #1108 - Peter Attia,zQUP1qoWDoEbmsQxvdjxgQ,2950662,1524607425000,2018,4,24,1108,2950662,171,Peter Attia
18/04/2018,PowerfulJRE,22,False,7093,"Sam Harris is a neuroscientist and author of the New York Times bestsellers, The End of Faith, Letter to a Christian Nation, and The Moral Landscape. Maajid Nawaz is a British activist, author, columnist, radio host and politician.",3069,1:58:04,lGdPcC0zBIQ,7084,False,True,"""Joe Rogan Experience"" podcast ""JRE #1107"" 1107 JRE ""Sam Harris"" ""Maajid Nawaz"" comedy comedian jokes ""stand up"" funny ""Waking Up"" ""Joe Rogan"" mma UFC ""Ultimate Fighting Championship""",7084,35127,public,4.0,0.0,https://i.ytimg.com/vi/lGdPcC0zBIQ/default.jpg,1524102509,,Joe Rogan Experience #1107 - Sam Harris & Maajid Nawaz,zQUP1qoWDoEbmsQxvdjxgQ,2651037,1524102509000,2018,4,19,1107,2651037,118,Sam Harris & Maajid Nawaz
16/04/2018,PowerfulJRE,22,False,7031,"Colion Noir is a gun rights activist, lawyer, member of the National Rifle Association, and host of the NRA Freestyle web series NOIR. https://www.youtube.com/channel/UC193r5YXcpQJV34N99ZbhzQ",1954,2:02:12,T8eea1pgrBM,7332,False,True,"""Joe Rogan Experience"" podcast JRE ""JRE #1106"" 1106 ""Joe Rogan"" ""Colion Noir"" NRA ""gun rights"" ""2nd Amendment"" comedy comedian jokes funny ""stand up"" mma UFC ""Ultimate Fighting Championship""",7332,32194,public,4.0,0.0,https://i.ytimg.com/vi/T8eea1pgrBM/default.jpg,1524101065,,Joe Rogan Experience #1106 - Colion Noir,zQUP1qoWDoEbmsQxvdjxgQ,1822673,1524101065000,2018,4,19,1106,1822673,122,Colion Noir
17/04/2018,PowerfulJRE,22,False,2806,Michael Hunter is the chef and owner of Antler Kitchen in Toronto. http://www.antlerkitchenbar.com/,807,1:46:27,8EkIKtHQz5Q,6387,False,True,"""Joe Rogan Experience"" JRE Joe Rogan podcast MMA comedy stand up funny Freak Party ""Joe Rogan"" ""Michael Hunter"" vegan restaurant protest UFC mma jokes comedian",6387,11411,public,4.0,0.0,https://i.ytimg.com/vi/8EkIKtHQz5Q/default.jpg,1524002135,,Joe Rogan Experience #1105 - Michael Hunter,zQUP1qoWDoEbmsQxvdjxgQ,857490,1524002135000,2018,4,17,1105,857490,106,Michael Hunter
13/04/2018,PowerfulJRE,22,False,1298,"Boyan Slat is an inventor, entrepreneur and former aerospace engineering student. He is the founder of The Ocean Cleanup organization: https://www.theoceancleanup.com/",502,1:14:33,J145vnEZX6w,4473,False,True,"""Joe Rogan Experience"" podcast ""JRE #1104"" 1104 ""Boyan Slat"" ""The Ocean Cleanup"" pollution plastic ""Pacfic Garbage Patch"" comedy coemdian jokes ""stand up"" funny mma UFC ""Ultimate Fighting Championship""",4473,8987,public,4.0,0.0,https://i.ytimg.com/vi/J145vnEZX6w/default.jpg,1523913754,,Joe Rogan Experience #1104 - Boyan Slat,zQUP1qoWDoEbmsQxvdjxgQ,602821,1523913754000,2018,4,16,1104,602821,74,Boyan Slat
11/04/2018,PowerfulJRE,22,False,3151,"Tom Segura is a stand-up comedian, and hosts his own podcast with his wife, Christina Pazsitzky called Your Mom’s House. His latest special “Disgraceful” is currently on Netflix.  http://tomsegura.com/
https://www.youtube.com/user/YourMomsHousePodcast",1661,2:12:51,VAFUK1mR-vs,7971,False,True,"""Joe Rogan Experience"" podcast ""JRE #1103"" 1103 JRE ""Joe Rogan"" YMH ""Tom Segura"" ""Your Mom's House"" comedy coemdian jokes ""stand up"" funny laugh",7971,18734,public,4.0,0.0,https://i.ytimg.com/vi/VAFUK1mR-vs/default.jpg,1523656290,,Joe Rogan Experience #1103 - Tom Segura,zQUP1qoWDoEbmsQxvdjxgQ,2106125,1523656290000,2018,4,13,1103,2106125,132,Tom Segura
10/04/2018,PowerfulJRE,22,False,2482,"Matt Farah is a car enthusiast and the host of ""The Smoking Tire"" seen on YouTube and also a podcast available on iTunes & Stitcher. www.youtube.com/thesmokingtire",1101,3:14:54,5NKTtKVZjZk,11694,False,True,"""Joe Rogan Experience"" podcast ""JRE #1102"" ""Matt Farah"" ""Joe Rogan"" car cars tires wheels mma UFC ""Ultimate Fighting Championship"" comedy comedian jokes ""stand up"" funny Porsche",11694,14106,public,4.0,0.0,https://i.ytimg.com/vi/5NKTtKVZjZk/default.jpg,1523490198,,Joe Rogan Experience #1102 - Matt Farah,zQUP1qoWDoEbmsQxvdjxgQ,1474339,1523490198000,2018,4,11,1102,1474339,194,Matt Farah
09/04/2018,PowerfulJRE,22,False,2626,"Chris Bell is a writer, director, and filmmaker known for the documentaries “Bigger, Stronger, Faster” and  “Prescription Thugs”. Mark Bell is an elite powerlifter and owner of Team Super Training Gym in Sacramento, CA. Together they are currently working on an untitled new project about food and health.",898,2:51:14,0JWjwJS_XZk,10274,False,True,"""Joe Rogan Experience"" JRE Joe Rogan podcast MMA comedy stand up funny Freak Party ""Joe Rogan"" ""Chris Bell"" ""Mark Bell"" ""JRE #1101"" 1101 Kratom ""Bigger Stonger Faster"" carbs diet health",10274,8271,public,4.0,0.0,https://i.ytimg.com/vi/0JWjwJS_XZk/default.jpg,1523323471,,Joe Rogan Experience #1101 - Chris & Mark Bell,zQUP1qoWDoEbmsQxvdjxgQ,992869,1523323471000,2018,4,10,1101,992869,171,Chris & Mark Bell
04/04/2018,PowerfulJRE,22,False,2952,"Liz Phair is a singer, songwriter, and guitarist. The 25th Anniversary box set celebrating her 7 LP's ""Girly Sound to Guyville"" releases on May 4 and she will also be touring this summer.",980,1:57:20,i9wqutwe-1w,7040,False,True,"""Joe Rogan Experience"" podcast ""JRE #1100"" 1100 JRE ""Joe Rogan"" ""Liz Phair"" comedy comedian jokes ""stand up"" funny mma UFC ""Ultimate Fighting Championship"" ""Girly Sound"" Guyville",7040,9885,public,4.0,0.0,https://i.ytimg.com/vi/i9wqutwe-1w/default.jpg,1522882943,,Joe Rogan Experience #1100 - Liz Phair,zQUP1qoWDoEbmsQxvdjxgQ,945489,1522882943000,2018,4,4,1100,945489,117,Liz Phair
02/04/2018,PowerfulJRE,22,False,1965,"Christopher Ryan, PhD is a psychologist, speaker, and author of New York Times best seller “Sex At Dawn” and he also hosts a podcast called “Tangentially Speaking” available on iTunes & Stitcher. His latest book ""Tangentially Reading"" is available now: https://www.amazon.com/Tangentially-Reading-Christopher-Ryan/dp/0995684812",1386,3:17:13,H_RLYuROOqY,11833,False,True,"""Joe Rogan Experience"" podcast ""JRE #1099"" 1099 ""Joe Rogan"" ""Chris Ryan PhD"" ""Christopher Ryan"" ""Sex at Dawn"" ""Tangentially Speaking"" ""Tangentially Reading"" comedy comedian jokes ""stand up"" funny mma UFC ""Ultimate Fighting Championship""",11833,10999,public,4.0,0.0,https://i.ytimg.com/vi/H_RLYuROOqY/default.jpg,1522796605,,Joe Rogan Experience #1099 - Christopher Ryan,zQUP1qoWDoEbmsQxvdjxgQ,1277199,1522796605000,2018,4,3,1099,1277199,197,Christopher Ryan
27/03/2018,PowerfulJRE,22,False,2615,"Legion of Skanks has been called ""the most offensive podcast on Earth"" and the hosts and creators are stand up comedians - Big Jay Oakerson, Luis J. Gomez, and Dave Smith. https://gasdigitalnetwork.com/gdn-show-channels/legion-of-skanks/",1200,3:00:04,Hb1AqvYR0zI,10804,False,True,"""Joe Rogan Experience"" podcast ""JRE #1097"" 1097 ""Legion of Skanks"" ""Big Jay Oakerson"" ""Luis J. Gomez"" ""Dave Smith"" ""Joe Rogan"" JRE MMA UFC ""Ultimate Fighting Championship"" comedy comedian jokes ""stand up"" funny",10804,12685,public,4.0,0.0,https://i.ytimg.com/vi/Hb1AqvYR0zI/default.jpg,1522280454,,Joe Rogan Experience #1097 - Legion of Skanks,zQUP1qoWDoEbmsQxvdjxgQ,1207825,1522280454000,2018,3,28,1097,1207825,180,Legion of Skanks
26/03/2018,PowerfulJRE,22,False,1660,"Todd Glass is a stand-up comedian and also hosts his own podcast called “The Todd Glass Show”. His latest special ""Act Happy"" is available now on Netflix.",947,2:33:31,2_acNtmiikY,9211,False,True,"""Joe Rogan Experience"" podcast ""JRE #1096"" 1096 ""Joe Rogan"" ""Todd Glass"" comedy comedian jokes ""stand up"" funny special Netflix ""Act Happy"" mma UFC ""Ultimate Fighting Championship""",9211,6681,public,4.0,0.0,https://i.ytimg.com/vi/2_acNtmiikY/default.jpg,1522189732,,Joe Rogan Experience #1096 - Todd Glass,zQUP1qoWDoEbmsQxvdjxgQ,781172,1522189732000,2018,3,27,1096,781172,153,Todd Glass
22/03/2018,PowerfulJRE,22,False,3295,"T.J. English is an author and journalist known primarily for his non-fiction books about the Irish mob, organized crime, criminal justice and the American underworld. His latest book ""The Corporation: An Epic Story of the Cuban American Underworld"" is available now. 
Joey “CoCo” Diaz is a Cuban-American stand up comedian and actor.  Joey also hosts his own podcast called “The Church of What’s Happening Now”. 
https://www.amazon.com/Corporation-Story-Cuban-American-Underworld/dp/0062568965",1320,2:32:10,Uui869yDoX0,9130,False,True,"""Joe Rogan Experience"" podcast ""JRE #1095"" 1095 ""TJ English"" ""Joey Diaz"" ""Joe Rogan"" ""The Corporation"" CUba Havanna mob ""the lottery"" numbers ""policy game"" comedy comedian jokes funny ""stand up"" mma UFC ""Ultimate Fighting Championship""",9130,26432,public,4.0,0.0,https://i.ytimg.com/vi/Uui869yDoX0/default.jpg,1522102301,,Joe Rogan Experience #1095 - TJ English & Joey Diaz,zQUP1qoWDoEbmsQxvdjxgQ,2137850,1522102301000,2018,3,26,1095,2137850,152,TJ English & Joey Diaz
19/03/2018,PowerfulJRE,22,False,2516,Brian Redban is a comedian and the founder of the Deathsquad podcast network. http://www.deathsquad.tv/,962,2:48:17,3xbmnYHhIr0,10097,False,True,"""Joe Rogan Experience"" podcast ""JRE #1094"" Deathsquad ""Freak Party"" ""Joe Rogan"" ""Brian Redban"" comedy comedian jokes ""stand up"" funny mma MMA UFC ""Ultimate Fighting Championship""",10097,9529,public,4.0,0.0,https://i.ytimg.com/vi/3xbmnYHhIr0/default.jpg,1521585196,,Joe Rogan Experience #1094 - Brian Redban,zQUP1qoWDoEbmsQxvdjxgQ,1076509,1521585196000,2018,3,20,1094,1076509,168,Brian Redban
14/03/2018,PowerfulJRE,22,False,5985,"Owen Benjamin is a stand up comedian and actor. His new special ""How Dare Me?"" is out now & check out his podcast called “Why Didn’t They Laugh?” available on iTunes. Kurt Metzger is a comedian, actor and writer.  He also has a podcast called “Race Wars” he co-hosts with comedian Sherrod Small available for download via iTunes.",5756,3:12:13,GMd6Vc5PG7Q,11533,False,True,"""Joe Rogan Experience"" podcast ""JRE #1093"" 1093 ""Owen Benjamin"" ""Kurt Metzger"" ""Race Wars"" ""Why Didn't They Laugh"" ""Joe Rogan"" mma UFC ""Ultimate Fighting Championship"" comedian jokes ""stand up"" funny comedy",11533,11429,public,3.0,0.0,https://i.ytimg.com/vi/GMd6Vc5PG7Q/default.jpg,1521502143,,Joe Rogan Experience #1093 - Owen Benjamin & Kurt Metzger,zQUP1qoWDoEbmsQxvdjxgQ,1258239,1521502143000,2018,3,19,1093,1258239,192,Owen Benjamin & Kurt Metzger
14/03/2018,PowerfulJRE,22,False,1761,Mary Lynn Rajskub is a stand up comedian and actress.,832,2:00:09,Vl8uClhAgNs,7209,False,True,"""Joe Rogan Experience"" podcast ""JRE #1092"" 1092 ""Mary Lynn Rajskub"" ""Joe Rogan"" 24 ""tv show"" ""It's Always Sunny In Philadelphia"" ""Gail the Snail"" comedy comedian jokes ""stand up"" funny laugh mma UFC ""Ultimate Fighting Championship""",7209,7159,public,4.0,0.0,https://i.ytimg.com/vi/Vl8uClhAgNs/default.jpg,1521071354,,Joe Rogan Experience #1092 - Mary Lynn Rajskub,zQUP1qoWDoEbmsQxvdjxgQ,810371,1521071354000,2018,3,14,1092,810371,120,Mary Lynn Rajskub
13/03/2018,PowerfulJRE,22,False,1327,"Daniele Bolelli is an Italian author, professor, and martial artist. His podcast called “History on Fire” is available on iTunes, and his most recent book “Not Afraid” is available on Amazon (http://amzn.to/1SYRwpU).",630,2:25:48,u3dzsfJ8TEQ,8748,False,True,"""Joe Rogan Experience"" podcast ""JRE #1091"" 1091 ""Joe Rogan"" ""Daniele Bolelli"" ""History On Fire"" ""Drunken Taoist"" comedy comedian jokes ""stand up"" funny mma UFC ""Ultimate Fighting Championship"" Deathsquad ""Freak Party""",8748,9018,public,4.0,0.0,https://i.ytimg.com/vi/u3dzsfJ8TEQ/default.jpg,1521070972,,Joe Rogan Experience #1091 - Daniele Bolelli,zQUP1qoWDoEbmsQxvdjxgQ,879634,1521070972000,2018,3,14,1091,879634,145,Daniele Bolelli
12/03/2018,PowerfulJRE,22,False,2304,"Andrew Santino is a stand up comedian and actor. You can also see him the show ""I'm Dying Up Here"" on SHOWTIME.",1048,3:08:09,6Ga2h-qMD6g,11289,False,True,"""Joe Rogan Experience"" podcast ""JRE #1090"" 1090 ""Andrew Santino"" ""Joe Rogan"" ""Im Dying Up Here"" ""Homefield Advantage"" comedy comedian jokes ""stand up"" funny UFC mma ""Ultimate Fighting Championship""",11289,11244,public,4.0,0.0,https://i.ytimg.com/vi/6Ga2h-qMD6g/default.jpg,1520985659,,Joe Rogan Experience #1090 - Andrew Santino,zQUP1qoWDoEbmsQxvdjxgQ,1408741,1520985659000,2018,3,14,1090,1408741,188,Andrew Santino
06/03/2018,PowerfulJRE,22,False,1460,"John Dudley is a pro archer and host of ""Nock On TV."" Check out his podcast ""Nock On"" available on iTunes.",1032,3:42:49,pN41VwpDS20,13369,False,True,"""Joe Rogan Experience"" podast ""JRE #1089"" 1089 ""Joe Rogan"" ""John Dudley"" ""Nock On TV"" NockON bow arrow archery targets MMA UFC ""Ultimate Fighting Championship"" comedy comedian jokes funny ""stand up""",13369,7601,public,4.0,0.0,https://i.ytimg.com/vi/pN41VwpDS20/default.jpg,1520476252,,Joe Rogan Experience #1089 - John Dudley,zQUP1qoWDoEbmsQxvdjxgQ,943440,1520476252000,2018,3,8,1089,943440,222,John Dudley
06/03/2018,PowerfulJRE,22,False,3958,"Bryan Callen is an actor and stand-up comedian, and together with Brendan Schaub he also hosts “The Fighter & The Kid” podcast.",2593,3:08:30,9o_ZwmgXDHQ,11310,False,True,"""Joe Rogan Experience"" podcast ""JRE #1088"" 1088 ""Joe Rogan"" ""Bryan Callen"" ""MAD TV"" TFATK ""The Fighter & The Kid"" comedy comedian jokes ""stand up"" funny mma UFC ""Ultimate Fighting Championship""",11310,18952,public,4.0,0.0,https://i.ytimg.com/vi/9o_ZwmgXDHQ/default.jpg,1520392213,,Joe Rogan Experience #1088 - Bryan Callen,zQUP1qoWDoEbmsQxvdjxgQ,2800434,1520392213000,2018,3,7,1088,2800434,188,Bryan Callen
28/02/2018,PowerfulJRE,22,False,1824,Sturgill Simpson is a Grammy Award-winning country music and roots rock singer-songwriter.,782,2:51:39,R0IqNaE513w,10299,False,True,"""Joe Rogan Experience"" ""Joe Rogan"" ""Sturgill Simpson"" ""JRE #1087"" 1087 JRE comedy comedian jokes ""stand up"" funny Grammy ""Album of the Year"" nominee ""country music"" ""folk music""",10299,9399,public,4.0,0.0,https://i.ytimg.com/vi/R0IqNaE513w/default.jpg,1520294208,,Joe Rogan Experience #1087 - Sturgill Simpson,zQUP1qoWDoEbmsQxvdjxgQ,1079788,1520294208000,2018,3,5,1087,1079788,171,Sturgill Simpson
27/02/2018,PowerfulJRE,22,False,2409,"Rory Albanese is a comedian, comedy writer and television producer. He was an executive producer and writer for The Daily Show with Jon Stewart and also appeared on The Nightly Show with Larry Wilmore.",1240,3:04:56,yi9z3SFFq0U,11096,False,True,"""Joe Rogan Experience"" podcast ""JRE #1086"" 1086 ""Joe Rogan"" ""Rory Albanese"" comedy comedian jokes ""stand up"" funny UFC ""Ultimate Fighting Championship"" ""Daily Show""",11096,8417,public,4.0,0.0,https://i.ytimg.com/vi/yi9z3SFFq0U/default.jpg,1519865824,,Joe Rogan Experience #1086 - Rory Albanese,zQUP1qoWDoEbmsQxvdjxgQ,1081359,1519865824000,2018,3,1,1086,1081359,184,Rory Albanese
26/02/2018,PowerfulJRE,22,False,13043,"Kyle Kulinski is a political activist, progressive talk radio host, social democratic political commentator, and the co-founder of Justice Democrats. His show ""Secular Talk"" is available on YouTube: https://www.youtube.com/SecularTalk",4360,3:01:26,Sq1rX54u69U,10886,False,True,"""Joe Rogan Experience"" podcast ""JRE #1085"" 1085 ""Kyle Kulinski"" ""Joe Rogan"" UFC mma ""Ultimate Fighting Championship"" comedy comedian jokes ""stand up"" funny ""Secular Talk""",10886,32977,public,4.0,0.0,https://i.ytimg.com/vi/Sq1rX54u69U/default.jpg,1519777430,,Joe Rogan Experience #1085 - Kyle Kulinski,zQUP1qoWDoEbmsQxvdjxgQ,2288348,1519777430000,2018,2,28,1085,2288348,181,Kyle Kulinski
22/02/2018,PowerfulJRE,22,False,11331,"Douglas Murray, author of ""The Strange Death of Europe"" which is out now, is an author, journalist, and political commentator. He is the founder of the Centre for Social Cohesion and is the associate director of the Henry Jackson Society and associate editor of The Spectator, a British magazine discussing culture and politics.",3285,1:56:18,rBp4afbDeLk,6978,False,True,"""Joe Rogan Experience"" podcast ""JRE #1084"" 1084 ""Joe Rogan"" ""Douglas Murray"" mma UFC ""Ultimate Fighting Championship"" comedy comedian jokes ""stand up"" funny",6978,39444,public,4.0,0.0,https://i.ytimg.com/vi/rBp4afbDeLk/default.jpg,1519687443,,Joe Rogan Experience #1084 - Douglas Murray,zQUP1qoWDoEbmsQxvdjxgQ,3273567,1519687443000,2018,2,26,1084,3273567,116,Douglas Murray
21/02/2018,PowerfulJRE,22,False,1403,"Dom Irrera is a stand up comedian, and also hosts his own podcast called “Dom Irrera Live from The Laugh Factory.”",549,1:36:58,vNc-9Y1057Y,5818,False,True,"""Joe Rogan Experience"" podcast ""JRE #1083"" 1083 ""Dom Irrera"" ""Joe Rogan"" comedy comedian comedians jokes funny ""stand up"" laugh ""Comedy Store"" mma UFC ""Ultimate Fighting Championship""",5818,5930,public,4.0,0.0,https://i.ytimg.com/vi/vNc-9Y1057Y/default.jpg,1519354313,,Joe Rogan Experience #1083 - Dom Irrera,zQUP1qoWDoEbmsQxvdjxgQ,615488,1519354313000,2018,2,23,1083,615488,96,Dom Irrera
20/02/2018,PowerfulJRE,22,False,1727,Greg Fitzsimmons is a writer and stand-up comedian. He also hosts his own podcast “FitzDog Radio” available on iTunes. http://www.gregfitzsimmons.com/,728,2:28:32,PiVNd7gXczY,8912,False,True,"""Joe Rogan Experience"" podcast ""JRE #1082"" 1082 ""Greg Fitzsimmons"" ""Joe Rogan"" comedy comedian jokes funny ""stand up"" laugh mma UFC ""Ultimate Fighting Championship"" ""Fitz Dog Radio""",8912,7944,public,4.0,0.0,https://i.ytimg.com/vi/PiVNd7gXczY/default.jpg,1519259489,,Joe Rogan Experience #1082 - Greg Fitzsimmons,zQUP1qoWDoEbmsQxvdjxgQ,898508,1519259489000,2018,2,22,1082,898508,148,Greg Fitzsimmons
19/02/2018,PowerfulJRE,22,False,5614,Bret Weinstein and Heather Heying are former professors of Evolutionary Biology at Evergreen State College. Watch more of Bret’s work at http://patreon.com/bretweinstein and read Heather’s writing at http://heatherheying.com.,1625,2:52:48,HYJFgyqs0sM,10368,False,True,"""Joe Rogan Experience"" podcast ""JRE #1081"" ""Joe Rogan"" JRE 1081 ""Bret Weinstein"" ""Heather Heying"" ""Evergreen State College"" comedy comedian jokes ""stand up"" funny laugh biology evolution gender mma UFC ""Ultimate Fighting Championship""",10368,31884,public,4.0,0.0,https://i.ytimg.com/vi/HYJFgyqs0sM/default.jpg,1519165734,,Joe Rogan Experience #1081 - Bret Weinstein & Heather Heying,zQUP1qoWDoEbmsQxvdjxgQ,1953504,1519165734000,2018,2,20,1081,1953504,172,Bret Weinstein & Heather Heying
15/02/2018,PowerfulJRE,22,False,12838,"David Goggins is a retired Navy SEAL and former USAF Tactical Air Control Party member who served in Iraq and Afghanistan. He is an ultramarathon runner, ultra-distance cyclist, triathlete and world record holder for the most pull-ups done in 24 hours. http://davidgoggins.com/",3473,1:54:23,5tSTk1083VY,6863,False,True,"""Joe Rogan Experience"" podcast ""JRE #1080"" ""Joe Rogan"" ""David Goggins"" ""ultra marathon"" endurance ""pull ups"" 1080 JRE ""Navy SEAL"" running jogging marathon comedy comedian jokes ""stand up"" funny Deathsquad ""Freak Party""",6863,129982,public,4.0,0.0,https://i.ytimg.com/vi/5tSTk1083VY/default.jpg,1519078527,,Joe Rogan Experience #1080 - David Goggins,zQUP1qoWDoEbmsQxvdjxgQ,6613316,1519078527000,2018,2,19,1080,6613316,114,David Goggins
13/02/2018,PowerfulJRE,22,False,3577,"Tony Hinchcliffe is a stand-up comedian, writer, and actor. Tony also hosts his own podcast called ""Kill Tony"" with Redban, and it's available on iTunes and and YouTube at: https://www.youtube.com/channel/UCwzCMiicL-hBUzyjWiJaseg",1803,3:00:31,UnI2Lap4yJo,10831,False,True,"""Joe Rogan Experience"" ""JRE #1079"" 1079 ""Tony Hinchcliffe"" ""Kill Tony"" comedy comedian funny",10831,9194,public,4.0,0.0,https://i.ytimg.com/vi/UnI2Lap4yJo/default.jpg,1518739370,,Joe Rogan Experience #1079 - Tony Hinchcliffe,zQUP1qoWDoEbmsQxvdjxgQ,1349023,1518739370000,2018,2,16,1079,1349023,180,Tony Hinchcliffe
12/02/2018,PowerfulJRE,22,False,10846,"Jimmy Dore is a stand-up comedian, political commentator, host of ""The Jimmy Dore Show"" available on YouTube (https://www.youtube.com/channel/UC3M7l8ved_rYQ45AVzS0RGA) and as a podcast available on iTunes.",3953,2:50:39,G-2_Bc_7Pos,10239,False,True,"""Joe Rogan Experience"" podcast ""JRE #1078"" 1078 ""Joe Rogan"" ""Jimmy Dore"" ""stand up"" comedy comedian jokes funny laugh Deathsquad ""Freak Party""",10239,37523,public,4.0,0.0,https://i.ytimg.com/vi/G-2_Bc_7Pos/default.jpg,1518574868,,Joe Rogan Experience #1078 - Jimmy Dore,zQUP1qoWDoEbmsQxvdjxgQ,2921327,1518574868000,2018,2,14,1078,2921327,170,Jimmy Dore
09/02/2018,PowerfulJRE,22,False,5207,"Johann Hari is a writer and journalist. He has written for a number of publications including The Independent (London) and The Huffington Post and has written books on the topic of the war on drugs, the monarchy, and depression, in an accessible and non-technical style. His new book ""Lost Connections"" is available now. https://thelostconnections.com/",1718,2:32:25,DQUgd9GQtoQ,9145,False,True,"""Joe Rogan Experience"" podcast ""JRE #1077"" 1077 ""Joe Rogan"" comedy comedian jokes ""stand up"" funny laugh mma UFC ""Ultimate Fighting Championship"" ""Johann Hari"" ""TED Talk"" depression ""Lost Connections""",9145,16154,public,4.0,0.0,https://i.ytimg.com/vi/DQUgd9GQtoQ/default.jpg,1518475966,,Joe Rogan Experience #1077 - Johann Hari,zQUP1qoWDoEbmsQxvdjxgQ,1148717,1518475966000,2018,2,12,1077,1148717,152,Johann Hari
08/02/2018,PowerfulJRE,22,False,2503,Phil Demers is a former professional marine mammal trainer and employee at Marineland in Canada. http://savesmooshi.com/,747,1:17:56,fE3SOIKO9pg,4676,False,True,"""Joe Rogan Experience"" podcast ""JRE #1076"" ""Joe Rogan"" ""Phil Demers"" Smooshi walrus Marineland SeaWorld mma UFC ""Ultimate Fighting Championship"" comedy comedian comedians jokes joke funny laugh",4676,12364,public,4.0,0.0,https://i.ytimg.com/vi/fE3SOIKO9pg/default.jpg,1518214055,,Joe Rogan Experience #1076 - Phil Demers,zQUP1qoWDoEbmsQxvdjxgQ,873005,1518214055000,2018,2,9,1076,873005,77,Phil Demers
27/12/2017,PowerfulJRE,22,False,1424,"Eddie Pepitone is an actor and stand up comedian. Check out his podcast called ""Pep Talks with the Bitter Buddha"" available on iTunes.
http://eddiepepitone.com/",1801,1:31:37,ft4m6u3rAJ4,5497,False,True,"""Joe Rogan Experience"" podcast ""JRE #1057"" 1057 ""Joe Rogan"" ""Eddie Pepitone"" comedy comedian jokes ""stand up"" funny mma UFC ""Ultimate Fighting Championship"" Deathsquad ""Freak Party""",5497,3900,public,3.0,0.0,https://i.ytimg.com/vi/ft4m6u3rAJ4/default.jpg,1518146738,,Joe Rogan Experience #1057 - Eddie Pepitone,zQUP1qoWDoEbmsQxvdjxgQ,451786,1518146738000,2018,2,9,1057,451786,91,Eddie Pepitone
07/02/2018,PowerfulJRE,22,False,7736,"Duncan Trussell is a stand-up comedian, and host of his own podcast “The Duncan Trussell Family Hour”.",2517,3:28:18,qNAScKkzgtg,12498,False,True,"""Joe Rogan Experience"" podcast ""JRE #1075"" 1075 ""Joe Rogan"" ""Duncan Trussell"" ""Family Hour"" comedy comedian jokes ""stand up"" funny laugh DTFH mma UFC ""Ultimate Fighting Championship""",12498,31335,public,4.0,0.0,https://i.ytimg.com/vi/qNAScKkzgtg/default.jpg,1518134437,,Joe Rogan Experience #1075 - Duncan Trussell,zQUP1qoWDoEbmsQxvdjxgQ,3239748,1518134437000,2018,2,9,1075,3239748,208,Duncan Trussell
04/02/2018,PowerfulJRE,22,False,2002,"Cameron Hanes is a bowhunting athlete, “training intensively each and every day to become the Ultimate Predator” and he also has a podcast available on iTunes called Keep Hammering with Cameron Hanes.",977,2:36:10,lQTQlGs6nBI,9370,False,True,"""Joe Rogan Experience"" podcast ""JRE #1074"" 1074 ""Joe Rogan"" ""Cam Hanes"" ""Cameron Hanes"" Deathsquad UFC ""Ultimate Fighting Championship"" mma hunting archery ""bow hunting"" ""bow arrow"" comedy comedian ""stand up"" funny jokes",9370,7959,public,4.0,0.0,https://i.ytimg.com/vi/lQTQlGs6nBI/default.jpg,1517959918,,Joe Rogan Experience #1074 - Cameron Hanes,zQUP1qoWDoEbmsQxvdjxgQ,793820,1517959918000,2018,2,6,1074,793820,156,Cameron Hanes
01/02/2018,PowerfulJRE,22,False,7271,"Steven Pinker is  a cognitive psychologist, linguist, and popular science author. He is Johnstone Family Professor in the Department of Psychology at Harvard University, and is known for his advocacy of evolutionary psychology and the computational theory of mind. His new book ""Enlightenment Now: The Case for Reason, Science, Humanism, and Progress"" will be released in February 2018.",3449,2:13:10,VUDAdOdF6Zg,7990,False,True,"""Joe Rogan Experience"" podcast ""JRE #1073"" 1073 ""Joe Rogan"" ""Steven Pinker"" JRE mma UFC ""Ultimate Fighting Championship"" comedy comedian jokes funny ""stand up"" psychology ""social science""",7990,34585,public,4.0,0.0,https://i.ytimg.com/vi/VUDAdOdF6Zg/default.jpg,1517776556,,Joe Rogan Experience #1073 - Steven Pinker,zQUP1qoWDoEbmsQxvdjxgQ,3426759,1517776556000,2018,2,4,1073,3426759,133,Steven Pinker
01/02/2018,PowerfulJRE,22,False,5098,Joey “CoCo” Diaz is a Cuban-American stand up comedian and actor.  Joey also hosts his own podcast called “The Church of What’s Happening Now”. http://joeydiaz.net/,1850,3:06:35,rsFWbDl-ICw,11195,False,True,"""Joe Rogan Experience"" JRE Joe Rogan podcast MMA comedy stand up funny Freak Party ""Joey Diaz"" ""Church of What's Happening Now"" ""JRE #1072"" 1072 ""Mad Flavor""",11195,33173,public,4.0,0.0,https://i.ytimg.com/vi/rsFWbDl-ICw/default.jpg,1517528255,,Joe Rogan Experience #1072 - Joey Diaz,zQUP1qoWDoEbmsQxvdjxgQ,3576086,1517528255000,2018,2,1,1072,3576086,186,Joey Diaz
30/01/2018,PowerfulJRE,22,False,10757,"Steven Crowder is an actor, comedian and former contributor for the Fox News Channel. He currently runs his own website and also a podcast along with producer NotGay Jared called “Louder With Crowder”",5043,2:27:53,PS_XL1tBnWw,8873,False,True,"""Joe Rogan Experience"" podcast ""JRE #1071"" 1071 ""Steven Crowder"" ""NotGay Jared"" ""Joe Rogan"" mma UFC ""Ultimate Fighting Championship"" comedy comedian comedians jokes funny ""stand up"" ""Louder with Crowder""",8873,60646,public,4.0,0.0,https://i.ytimg.com/vi/PS_XL1tBnWw/default.jpg,1517359555,,Joe Rogan Experience #1071 - Steven Crowder & NotGay Jared,zQUP1qoWDoEbmsQxvdjxgQ,4125439,1517359555000,2018,1,31,1071,4125439,147,Steven Crowder & NotGay Jared
29/01/2018,PowerfulJRE,22,False,21282,"Jordan Peterson is a clinical psychologist and tenured professor of psychology at the University of Toronto.

https://www.youtube.com/channel/UCL_f53ZEJxp8TtlOkHwMV9Q

All Dr. Peterson’s self-improvement writing programs at www.selfauthoring.com 20% off for Rogan listeners.  Code: ROGAN",7196,2:28:53,6T7pUEZfgdI,8933,False,True,"""Joe Rogan Experience"" ""JRE #1070"" podcast ""Jordan Peterson"" ""Joe Rogan"" JRE comedy comedian jokes ""stand up"" funny laugh UFC mma ""Ultimate Fighting Championship""",8933,168802,public,4.0,0.0,https://i.ytimg.com/vi/6T7pUEZfgdI/default.jpg,1517346979,,Joe Rogan Experience #1070 - Jordan Peterson,zQUP1qoWDoEbmsQxvdjxgQ,10457495,1517346979000,2018,1,30,1070,10457495,148,Jordan Peterson
29/01/2018,PowerfulJRE,22,False,3052,"Ben Greenfield is a Coach, Author, Speaker, ex-Bodybuilder and Ironman Triathlete. In 2008 he was voted as the Personal Trainer of the Year by the National Strength and Conditioning Association (NSCA) and recognized as the top 100 Most Influential People in Health in 2013.",2133,2:24:47,ehfdd1eH4g4,8687,False,True,"""Joe Rogan Experience"" JRE Joe Rogan podcast MMA comedy stand up funny Freak Party ""Ben Greenfield"" fitness health ""Joe Rogan""",8687,7692,public,4.0,0.0,https://i.ytimg.com/vi/ehfdd1eH4g4/default.jpg,1517270242,,Joe Rogan Experience #1069 - Ben Greenfield,zQUP1qoWDoEbmsQxvdjxgQ,931383,1517270242000,2018,1,29,1069,931383,144,Ben Greenfield
23/01/2018,PowerfulJRE,22,False,3797,"Michael Shermer is a science writer, historian of science, founder of The Skeptics Society, and Editor in Chief of its magazine Skeptic. His new book ""Heavens on Earth: The Scientific Search for the Afterlife, Immortality, and Utopia"" is available now.",2162,2:21:58,x2qwRJT4WGY,8518,False,True,"""Joe Rogan Experience"" ""JRE #1068"" 1068 JRE ""Joe Rogan"" ""Michael Shermer"" Skeptic UFC mma comedy comedian jokes ""stand up"" future AI funny ""Ultimate Fighting Championship""",8518,13822,public,4.0,0.0,https://i.ytimg.com/vi/x2qwRJT4WGY/default.jpg,1516831341,,Joe Rogan Experience #1068 - Michael Shermer,zQUP1qoWDoEbmsQxvdjxgQ,2130377,1516831341000,2018,1,24,1068,2130377,141,Michael Shermer
22/01/2018,PowerfulJRE,22,False,5836,"Whitney Cummings is a stand up comedian and actress. Her new movie ""The Female Brain"" premieres in theaters on February 9th.",11020,2:28:50,cn-Olrfv31U,8930,False,True,"""Joe Rogan Experience"" podcast ""JRE #1067"" 1067 ""Joe Rogan"" Whitney ""Whitney Cummings"" comedy comedian joke jokes funny ""stand up"" comedians UFC MMA ""Ultimate Fighiting Championship""",8930,10646,public,2.0,0.0,https://i.ytimg.com/vi/cn-Olrfv31U/default.jpg,1516754792,,Joe Rogan Experience #1067 - Whitney Cummings,zQUP1qoWDoEbmsQxvdjxgQ,925757,1516754792000,2018,1,24,1067,925757,148,Whitney Cummings
16/01/2018,PowerfulJRE,22,False,12693,"Mel Gibson is an actor and filmmaker. Neil Riordan, PA, PhD is one of the early pioneers and experts in applied stem cell research. https://www.cellmedicine.com/",2389,1:01:21,OtL1fEEtLaA,3681,False,True,"""Joe Rogan Experience"" ""Joe Rogan"" ""JRE #1066"" 1066 ""Dr. Neil Riordan"" ""Mel Gibson"" mma UFC comedy comedian comedians jokes ""stand up"" funny ""stem cells"" shot IV stem heal therapy medicine treatment",3681,52814,public,4.0,0.0,https://i.ytimg.com/vi/OtL1fEEtLaA/default.jpg,1516239092,,Joe Rogan Experience #1066 - Mel Gibson & Dr. Neil Riordan,zQUP1qoWDoEbmsQxvdjxgQ,3412120,1516239092000,2018,1,18,1066,3412120,61,Mel Gibson & Dr. Neil Riordan
16/01/2018,PowerfulJRE,22,False,5078,"Danica Patrick is a professional racing driver, model, and advertising spokeswoman. Her new book called ""Pretty Intense"" is available now. https://www.danicapatrick.com/",1239,2:14:28,iB_XgqdeU1o,8068,False,True,"""Joe Rogan Experience"" JRE Joe Rogan podcast MMA comedy stand up funny Freak Party ""Danica Patrick"" ""Joe Rogan"" ""JRE #1065"" 1065 racing NASCAR ""Indy Car"" ""Indy 500"" ""Daytona 500"" ""Ultimate Fighting Championship""",8068,16085,public,4.0,0.0,https://i.ytimg.com/vi/iB_XgqdeU1o/default.jpg,1516145291,,Joe Rogan Experience #1065 - Danica Patrick,zQUP1qoWDoEbmsQxvdjxgQ,1464636,1516145291000,2018,1,16,1065,1464636,134,Danica Patrick
15/01/2018,PowerfulJRE,22,False,4022,"Eddie Huang is a restaurateur, food personality, sandwich hack, former lawyer, and the host of “Huang’s World” on VICELAND. Jessica Rosenworcel is an American lawyer who currently serves as a member of the U.S. Federal Communications Commission.",2490,1:25:09,gShvnz-LJfE,5109,False,True,"""Joe Rogan Experience"" podcast ""JRE #1064"" 1064 ""Eddie Huang"" ""Jessica Rosenworcel"" ""Joe Rogan"" MMA UFC FCC ""Net Neutrality"" ""Ultimate Fighting Championship"" comedian comedians jokes joke funny ""stand up"" comedy Viceland",5109,8042,public,4.0,0.0,https://i.ytimg.com/vi/gShvnz-LJfE/default.jpg,1516054038,,Joe Rogan Experience #1064 - Eddie Huang & Jessica Rosenworcel,zQUP1qoWDoEbmsQxvdjxgQ,665030,1516054038000,2018,1,15,1064,665030,85,Eddie Huang & Jessica Rosenworcel
11/01/2018,PowerfulJRE,22,False,3592,"Tom Segura is a stand-up comedian, and hosts his own podcast with his wife, Christina Pazsitzky called Your Mom’s House. His new special ""Disgraceful"" premieres on Netflix on January 12.  http://tomsegura.com/",1850,2:43:50,nznRgMaGna4,9830,False,True,"""Joe Rogan Experience"" JRE Joe Rogan podcast UFC MMA comedy stand up Deathsquad funny Freak Party ""Joe Rogan"" ""Tom Segura"" ""JRE #1063"" 1063 Disgraceful Netflix special ""Janurary 12"" YMH ""Your Mom's House""",9830,22548,public,4.0,0.0,https://i.ytimg.com/vi/nznRgMaGna4/default.jpg,1515714029,,Joe Rogan Experience #1063 - Tom Segura,zQUP1qoWDoEbmsQxvdjxgQ,2926504,1515714029000,2018,1,11,1063,2926504,163,Tom Segura
09/01/2018,PowerfulJRE,22,False,1646,"Dan Harris is a correspondent for ABC News, an anchor for Nightline and co-anchor for the weekend edition of Good Morning America. With Jeff Warren, writer & meditator, he has written a new book ""Meditation for Fidgety Skeptics: A 10% Happier How-to Book"" -- http://www.10percenthappier.com/",862,2:30:27,QtPs6Kuqjs0,9027,False,True,"""Joe Rogan Experience"" podcast ""JRE #1062"" 1062 mma UFC ""Ultimate Fighting Championship"" mediation meditate mindfulness ""Dan Harris"" ""Jeff Warren"" ""Joe Rogan"" JRE comedy comedian jokes ""stand up"" funny ""Good Morning America"" Nightline",9027,7749,public,4.0,0.0,https://i.ytimg.com/vi/QtPs6Kuqjs0/default.jpg,1515623813,,Joe Rogan Experience #1062 - Dan Harris & Jeff Warren,zQUP1qoWDoEbmsQxvdjxgQ,744480,1515623813000,2018,1,10,1062,744480,150,Dan Harris & Jeff Warren
09/01/2018,PowerfulJRE,22,False,2195,"Tom Papa is a comedian, actor, writer and television/radio host. His latest special “Human Mule” is available on HULU now, and you can also listen to his podcast “Come To Papa” available on iTunes & Stitcher. http://tompapa.com/",552,3:05:22,kD-b_mpsPFQ,11122,False,True,"""Joe Rogan Experience"" JRE Joe Rogan podcast UFC MMA comedy stand up Deathsquad funny Freak Party ""Tom Papa"" ""Joe Rogan"" ""JRE #1061"" 1061",11122,5947,public,4.0,0.0,https://i.ytimg.com/vi/kD-b_mpsPFQ/default.jpg,1515541633,,Joe Rogan Experience #1061 - Tom Papa,zQUP1qoWDoEbmsQxvdjxgQ,751997,1515541633000,2018,1,9,1061,751997,185,Tom Papa
03/01/2018,PowerfulJRE,22,False,1823,"Remi Warren is a hunter, guide, writer, tv host and solo adventurer. Check out his show ""Apex Predator"" at http://apexpredator.tv",1186,2:32:36,PBTrYJ9UIGA,9156,False,True,"""Joe Rogan Experience"" podcast ""JRE #1060"" ""Remi Warren"" ""Apex Preedator"" Outdoors ""Solo Hunter"" ""Joe Rogan"" mma UFC ""Ultimate Fighting Championship"" comedy comedian jokes funny ""stand up"" hunting bow arrow archery ""bow hunting""",9156,12247,public,4.0,0.0,https://i.ytimg.com/vi/PBTrYJ9UIGA/default.jpg,1515111786,,Joe Rogan Experience #1060 - Remi Warren,zQUP1qoWDoEbmsQxvdjxgQ,1422908,1515111786000,2018,1,5,1060,1422908,152,Remi Warren
28/12/2017,PowerfulJRE,22,False,3536,"Brian Redban is a comedian and the founder of the Deathsquad podcast network. Check out his podcast called “What Brian Redban Do” at http://deathsquad.tv & on iTunes

SpaceX Timelapse video by Jesse Watson Photography: https://www.youtube.com/user/cyclemonkey",1160,2:55:20,F1tjuM5-6Y0,10520,False,True,"""Joe Rogan Experience"" #1059 1059 ""Joe Rogan"" ""Brian Redban"" comdian comedy jokes ""stand upfunny"" Deathsquad ""Freak Party"" mma UFC",10520,11806,public,4.0,0.0,https://i.ytimg.com/vi/F1tjuM5-6Y0/default.jpg,1514934165,,Joe Rogan Experience #1059 - Brian Redban,zQUP1qoWDoEbmsQxvdjxgQ,1205391,1514934165000,2018,1,2,1059,1205391,175,Brian Redban
28/12/2017,PowerfulJRE,22,False,3931,"Nina Teicholz is an investigative journalist and author of ""The Big Fat Surprise: Why Butter, Meat, & Cheese Belong in a Healthy Diet""",1702,1:18:19,2_kEmYTiHtc,4699,False,True,"""Joe Rogan Experience"" podcast ""JRE #1058"" 1058 ""Joe Rogan"" ""Nina Teicholz"" comedy comedian jokes ""stand up"" funny health diet meat vegan vegetarian ""What the Health"" ""Big Fat Surprise"" ""Freak Party"" Deathsquad",4699,10020,public,4.0,0.0,https://i.ytimg.com/vi/2_kEmYTiHtc/default.jpg,1514505865,,Joe Rogan Experience #1058 - Nina Teicholz,zQUP1qoWDoEbmsQxvdjxgQ,810349,1514505865000,2017,12,29,1058,810349,78,Nina Teicholz
26/12/2017,PowerfulJRE,22,False,1415,"Dr. Mark Gordon is the Medical Director of Education at Access Medical Laboratory and is recognized as a top leader world wide in Interventional Endocrinology (Anti Aging Medicine). Andrew Marr is a former Green Beret and founder of the Warrior Angels Foundation.
http://waftbi.org/",575,1:30:44,9jN6eBH8CFc,5444,False,True,"""Joe Rogan Experience"" podcast ""JRE #1056"" 1056 ""Jeo Rogan"" TBI ""Adnrew Marr"" ""green beret"" ""Dr. Mark Gordon"" comedy comedian jokes ""stand up"" funny mma UFC ""Ultimate Fighting Championship""",5444,8929,public,4.0,0.0,https://i.ytimg.com/vi/9jN6eBH8CFc/default.jpg,1514417096,,Joe Rogan Experience #1056 -  Dr. Mark Gordon & Andrew Marr,zQUP1qoWDoEbmsQxvdjxgQ,757654,1514417096000,2017,12,27,1056,757654,90,Dr. Mark Gordon & Andrew Marr
18/12/2017,PowerfulJRE,22,False,4591,"Bret Weinstein was a biology professor at Evergreen State College in Olympia, WA.  Sign up for a free crash course on Evolutionary Thinking at http://bretweinstein.net/early",1950,2:57:34,LzAgSp_O03I,10654,False,True,"""Joe Rogan Experience"" podcast ""JRE #1055"" 1055 ""Joe Rogan"" ""Bret Weinstein"" comedy comedian jokes ""stand up"" mma UFC ""Ultimate Fighting Championship"" Deathsquad ""Freak party""",10654,21282,public,4.0,0.0,https://i.ytimg.com/vi/LzAgSp_O03I/default.jpg,1513735558,,Joe Rogan Experience #1055 - Bret Weinstein,zQUP1qoWDoEbmsQxvdjxgQ,2060139,1513735558000,2017,12,20,1055,2060139,177,Bret Weinstein
18/12/2017,PowerfulJRE,22,False,3729,Dr. Rhonda Patrick is a Ph.D in biomedical science and expert on nutritional health. Her podcasts and other videos can be found at http://FoundMyFitness.com,1580,3:07:41,A9Mj0Q9y084,11261,False,True,"""Joe Rogan Experience"" JRE Joe Rogan podcast UFC MMA comedy stand up Deathsquad funny Freak Party ""Found My Fitness"" ""Dr. Rhonda Patrick"" ""Joe Rogan"" health fitness science",11261,19832,public,4.0,0.0,https://i.ytimg.com/vi/A9Mj0Q9y084/default.jpg,1513645810,,Joe Rogan Experience #1054 - Dr. Rhonda Patrick,zQUP1qoWDoEbmsQxvdjxgQ,1980330,1513645810000,2017,12,19,1054,1980330,187,Dr. Rhonda Patrick
13/12/2017,PowerfulJRE,22,False,3662,"Neal Brennan is a stand-up comedian, actor, writer, director and producer. He is known for co-creating and co-writing “Chappelle’s Show” with Dave Chappelle. His recent special ""Neal Brennan: 3 Mics"" is available now on Netflix.",3860,2:40:30,2YDKs9TdWGo,9630,False,True,"""Joe Rogan Experience"" podcast ""JRE #1053"" 1053 ""Neal Brennan"" ""Joe Rogan"" ""Chappelle Show"" comedy comedian jokes ""stand up"" funny mma UFC ""Ultimate Fighting Championship""",9630,9362,public,3.0,0.0,https://i.ytimg.com/vi/2YDKs9TdWGo/default.jpg,1513292916,,Joe Rogan Experience #1053 - Neal Brennan,zQUP1qoWDoEbmsQxvdjxgQ,1179311,1513292916000,2017,12,14,1053,1179311,160,Neal Brennan
11/12/2017,PowerfulJRE,22,False,6693,"Mick West is a game programmer, writer, and debunker. Currently runs a few websites including http://MetaBunk.org and http://ContrailScience.com.",3144,2:41:30,7A8Q8aEfGJg,9690,False,True,"""Joe Rogan Experience"" podcast ""JRE #1052"" 1052 ""Mick West"" ""Tony Hawk Pro Skater"" Neversoft MetaBunk debunk chemtrails contrails ""falt earth"" ""Joe Rogan"" mma ""Ultimate Fighting Championship"" UFC comedy comedian jokes ""stand up"" funny Deathsquad ""Freak Party""",9690,12181,public,4.0,0.0,https://i.ytimg.com/vi/7A8Q8aEfGJg/default.jpg,1513120539,,Joe Rogan Experience #1052 - Mick West,zQUP1qoWDoEbmsQxvdjxgQ,1901032,1513120539000,2017,12,12,1052,1901032,161,Mick West
07/12/2017,PowerfulJRE,22,False,6727,"Duncan Trussell is a stand-up comedian, and host of his own podcast ""The Duncan Trussell Family Hour"". Christopher Ryan, Ph.D. is a psychologist, speaker, and author of New York Times best seller Sex At Dawn, and also host of his own podcast ""Tangentially Speaking""",2579,3:50:25,XSdWHeSf86U,13825,False,True,"""Joe Rogan Experience"" podcast ""Joe Rogan"" ""JRE #1051"" 1051 JRE UFC ""Ultimate FIghting Championship"" mma comedy comedian jokes ""stand up"" funny ""Duncan Trussell"" ""Chris Ryan"" PhD ""Christopher Ryan"" Deathsquad ""Freak Party""",13825,25746,public,4.0,0.0,https://i.ytimg.com/vi/XSdWHeSf86U/default.jpg,1513039223,,Joe Rogan Experience #1051 - Duncan Trussell & Christopher Ryan,zQUP1qoWDoEbmsQxvdjxgQ,2847709,1513039223000,2017,12,12,1051,2847709,230,Duncan Trussell & Christopher Ryan
07/12/2017,PowerfulJRE,22,False,9223,"Dr. Shawn Baker is an orthopedic surgeon, weight lifting world record holder, and carnivore diet advocate.",3616,1:57:54,Yj_Bc9hdHa0,7074,False,True,"""Joe Rogan Experience"" JRE Joe Rogan podcast UFC MMA comedy stand up Deathsquad funny Freak Party ""Joe Rogan"" ""Dr Shawn Baker"" ""Carnivore Diet"" ""Ultimate Fighting Experience"" diet comedian jokes ""JRE #1050"" 1050",7074,27375,public,4.0,0.0,https://i.ytimg.com/vi/Yj_Bc9hdHa0/default.jpg,1512698212,,Joe Rogan Experience #1050 - Dr. Shawn Baker,zQUP1qoWDoEbmsQxvdjxgQ,2557480,1512698212000,2017,12,8,1050,2557480,117,Dr. Shawn Baker
06/12/2017,PowerfulJRE,22,False,2459,"Chris Stapleton is a Grammy Award winning singer-songwriter and guitarist. His new album ""From A Room: Volume 2"" is available now. http://www.chrisstapleton.com/",895,1:36:01,26JaoS-zbz8,5761,False,True,"""Joe Rogan Experience"" podcast ""JRE #1049"" 1049 ""Chris Stalpleton"" ""Joe Rogan"" ""Tennessee Whiskey"" comedy comedian jokes ""stand up"" funny music ""country music"" guitar blues",5761,18133,public,4.0,0.0,https://i.ytimg.com/vi/26JaoS-zbz8/default.jpg,1512609706,,Joe Rogan Experience #1049 - Chris Stapleton,zQUP1qoWDoEbmsQxvdjxgQ,1652241,1512609706000,2017,12,7,1049,1652241,96,Chris Stapleton
04/12/2017,PowerfulJRE,22,False,3278,"Doug Stanhope is a stand-up comedian, writer, and TV host, also currently hosting his own podcast, The Doug Stanhope Podcast. His new book This Is Not Fame: A ""From What I Re-Memoir"" is available today on Amazon.",1457,2:52:58,Z0LMYKsaUYs,10378,False,True,"""Joe Rogan Experience"" podcast ""JRE #1048"" 1048 ""Joe Rogan"" ""Doug Stanhope"" comedy comedian jokes ""stand up"" funny laugh mma UFC ""Ultimate Fighting Championship"" ""Freak Party"" Deathsquad",10378,14496,public,4.0,0.0,https://i.ytimg.com/vi/Z0LMYKsaUYs/default.jpg,1512527339,,Joe Rogan Experience #1048 - Doug Stanhope,zQUP1qoWDoEbmsQxvdjxgQ,1649450,1512527339000,2017,12,6,1048,1649450,172,Doug Stanhope
04/12/2017,PowerfulJRE,22,False,3400,"Andy Stumpf is a retired Navy SEAL and is also currently a wingsuit world record holder. He hosts his own podcast called ""Cleared Hot"" that can be found on iTunes & Stitcher. https://www.andystumpf.com/",1205,2:53:58,kRo_9g0g9-k,10438,False,True,"""Joe Rogan Experience"" JRE Joe Rogan podcast UFC MMA comedy stand up Deathsquad funny Freak Party ""Joe Rogan"" ""Andy Stumpf"" ""JRE #1047"" 1047 ""wing suit"" ""plane jump"" parachute ""sky dive"" ""Navy SEAL""",10438,12631,public,4.0,0.0,https://i.ytimg.com/vi/kRo_9g0g9-k/default.jpg,1512434125,,Joe Rogan Experience #1047 - Andy Stumpf,zQUP1qoWDoEbmsQxvdjxgQ,1615061,1512434125000,2017,12,5,1047,1615061,173,Andy Stumpf
28/11/2017,PowerfulJRE,22,False,914,"Owen Smith is a comedian, writer, actor and television producer. https://owensmithisfunny.com/",456,1:58:01,J-DdgS0zhjQ,7081,False,True,"""Joe Rogan Experience"" podcast ""JRE #1046"" 1046 ""Owen Smith"" comedian comedy jokes ""stand up"" funny laugh mma UFC ""Ultimate Fighting Championship"" ""Everybody hates Chris"" writer writing ""Joe Rogan""",7081,6177,public,4.0,0.0,https://i.ytimg.com/vi/J-DdgS0zhjQ/default.jpg,1512004844,,Joe Rogan Experience #1046 - Owen Smith,zQUP1qoWDoEbmsQxvdjxgQ,552982,1512004844000,2017,11,30,1046,552982,118,Owen Smith
28/11/2017,PowerfulJRE,22,False,3033,"Bryan Callen is an actor and stand-up comedian, and together with Brendan Schaub he also hosts “The Fighter & The Kid” podcast.",1815,3:00:56,_ERIRyhQ_34,10856,False,True,"""Joe Rogan Experience"" podcast ""JRE #1045"" 1045 JRE ""Joe Rogan"" ""Bryan Callen"" UFC mma ""Ultimate Fighting Championship"" comedy comedian jokes ""stand up"" funny laugh ""Fighter & The Kid"" TFATK ""Brendan Schaub""",10856,16178,public,4.0,0.0,https://i.ytimg.com/vi/_ERIRyhQ_34/default.jpg,1511922716,,Joe Rogan Experience #1045 - Bryan Callen,zQUP1qoWDoEbmsQxvdjxgQ,1919683,1511922716000,2017,11,29,1045,1919683,180,Bryan Callen
27/11/2017,PowerfulJRE,22,False,2110,"C.T. Fletcher is an ex-powerlifter, actor, and video-blogger. He is a  3-Time World Bench Press Champion and 3-Time World Strict Curl Champion. https://odysseynutraceuticals.com",1069,1:57:59,D2HVKlqYwks,7079,False,True,"""Joe Rogan Experience"" podcast ""JRE #1044"" 1044 JRE ""CT Fletcher"" ""Joe Rogan"" Deathsquad ""Freak Party"" comedy comedian jokes funny laugh lifting weights heavyweight powerlift bench squat curl mma UFC ""Ultimate Fighting Championship""",7079,17771,public,4.0,0.0,https://i.ytimg.com/vi/D2HVKlqYwks/default.jpg,1511919524,,Joe Rogan Experience #1044 - C.T. Fletcher,zQUP1qoWDoEbmsQxvdjxgQ,1185848,1511919524000,2017,11,29,1044,1185848,117,C.T. Fletcher
20/11/2017,PowerfulJRE,22,False,3103,Brian Redban is a comedian and the founder of the Deathsquad podcast network. Check out his podcast called “What Brian Redban Do” at http://deathsquad.tv & on iTunes,1068,3:09:58,_T4JubS9c10,11398,False,True,"""Joe Rogan Experience"" podcast ""JRE #1043"" 1043 ""Joe Rogan"" ""Brian Redban"" Deathsquad ""Freak Party"" mma jokes funny ""stand up"" comic comedian comedy",11398,8291,public,4.0,0.0,https://i.ytimg.com/vi/_T4JubS9c10/default.jpg,1511824815,,Joe Rogan Experience #1043 - Brian Redban,zQUP1qoWDoEbmsQxvdjxgQ,879259,1511824815000,2017,11,27,1043,879259,189,Brian Redban
16/11/2017,PowerfulJRE,22,False,6401,"Krystyna Hutchinson & Corinne Fisher are both stand up comedians, also known by the comedy duo name of Sorry About Last Night, and they also host a podcast called ""Guys We Fucked"" that is available for download via iTunes.",10688,2:18:58,GezkCeOCoys,8338,False,True,"""Joe Rogan Experience"" podcast ""JRE #1042"" 1042 ""Joe Rogan"" ""Guys We Fucked"" ""Krystyna Hutchinson"" ""Corinne Fisher"" comedy comedian jokes ""stand up"" funny mma UFC ""Ultmiate FIghitng Championship"" Deathsquad ""Freak Party""",8338,16191,public,3.0,0.0,https://i.ytimg.com/vi/GezkCeOCoys/default.jpg,1511222552,,Joe Rogan Experience #1042 - Krystyna Hutchinson & Corinne Fisher,zQUP1qoWDoEbmsQxvdjxgQ,1567236,1511222552000,2017,11,21,1042,1567236,138,Krystyna Hutchinson & Corinne Fisher
16/11/2017,PowerfulJRE,22,False,5290,"Dan Carlin is an amateur historian and former radio talk show host. He now hosts two popular podcasts available on iTunes, or through his website, to download: Common Sense and Hardcore History.

http://dancarlin.com",1850,2:55:03,ceItMiYZe9Y,10503,False,True,"""Joe Rogan Experience"" JRE Joe Rogan podcast UFC MMA comedy stand up Deathsquad funny Freak Party ""Dan Carlin"" ""JRE #1041"" 1041 ""Joe Rogan"" ""Hardcore History"" ""Common Sense""",10503,28376,public,4.0,0.0,https://i.ytimg.com/vi/ceItMiYZe9Y/default.jpg,1510894096,,Joe Rogan Experience #1041- Dan Carlin,zQUP1qoWDoEbmsQxvdjxgQ,2687035,1510894096000,2017,11,17,1041,2687035,175,Dan Carlin
14/11/2017,PowerfulJRE,22,False,2025,"Brian Regan is one of the top stand-up comedians working today. His new Netflix special ""Nunchucks and Flamethrowers"" comes out on November 21, and you can find him touring all over the country at BrianRegan.com",787,1:46:51,xJdyXBjMQx4,6411,False,True,"""Joe Rogan Experience"" podcast ""JRE #1040"" 1040 ""Brian Regan"" ""Joe Rogan"" comedy comedian jokes ""stand up"" funny mma UFC ""Ultimate Fighting Championship"" ""Nunchucks and Flamethrowers""",6411,7917,public,4.0,0.0,https://i.ytimg.com/vi/xJdyXBjMQx4/default.jpg,1510790166,,Joe Rogan Experience #1040 - Brian Regan,zQUP1qoWDoEbmsQxvdjxgQ,854108,1510790166000,2017,11,15,1040,854108,106,Brian Regan
10/11/2017,PowerfulJRE,22,False,7786,"Iliza Shlesinger is a comedian, host, and writer. She was the 2008 winner of NBC's Last Comic Standing and went on to host the dating show Excused and also Separation Anxiety on TBS. Her new book ""Girl Logic: The Genius and the Absurdity"" is available now on Amazon.",19978,1:57:42,xBVbkPxSV1c,7062,False,True,"""Joe Rogan Experience"" podcast ""JRE #1039"" 1039 ""Joe Rogan"" Iliza ""Iliza Shlesinger"" Deathsquad ""Freak Party"" coemdy comedian jokes ""stand up"" funny laugh book ""Girl Logic"" mma UFC ""Ultimate Fighting Championship""",7062,9824,public,2.0,0.0,https://i.ytimg.com/vi/xBVbkPxSV1c/default.jpg,1510703001,,Joe Rogan Experience #1039 - Iliza Shlesinger,zQUP1qoWDoEbmsQxvdjxgQ,1025257,1510703001000,2017,11,14,1039,1025257,117,Iliza Shlesinger
08/11/2017,PowerfulJRE,22,False,7445,"Billy Corgan is a musician, songwriter, producer, poet, and entrepreneur. His new album ""Ogilala"" produced by Rick Rubin, is available now.",1411,1:52:18,sb-mU6wgeF8,6738,False,True,"""Joe Rogan Experience"" podcast ""JRE #1038"" 1038 ""Billy Corgan"" ""Joe Rogan"" comedy comedian jokes ""stand up"" ""Smashing Pumpkins"" UFC mma ""Ultimate Fighting Championship"" ""NWA Wrestiling"" NWA ""Rick Flair""",6738,31497,public,4.0,0.0,https://i.ytimg.com/vi/sb-mU6wgeF8/default.jpg,1510355670,,Joe Rogan Experience #1038 - Billy Corgan,zQUP1qoWDoEbmsQxvdjxgQ,2344057,1510355670000,2017,11,10,1038,2344057,112,Billy Corgan
07/11/2017,PowerfulJRE,22,False,3606,"Joe is joined by Ari Shaffir, Bert Kreischer & Tom Segura to recap #SoberOctobert and discuss a new challenge.",2047,2:51:57,vnNgAxHfFo8,10317,False,True,"""Joe Rogan Experience"" podcast ""Joe Rogan"" ""JRE #1036"" #SoberOctobert ""Bert Kreischer"" ""Tom Segura"" ""Ari Shaffir"" JRE mma comedy UFC ""Ultimate Fighting Championship"" comedian jokes ""stand up"" funny ""Freak Party"" Deathsquad",10317,29701,public,4.0,0.0,https://i.ytimg.com/vi/vnNgAxHfFo8/default.jpg,1510113111,,"Joe Rogan Experience #1036 - Ari Shaffir, Bert Kreischer & Tom Segura",zQUP1qoWDoEbmsQxvdjxgQ,3426229,1510113111000,2017,11,8,1036,3426229,171,"Ari Shaffir, Bert Kreischer & Tom Segura"
06/11/2017,PowerfulJRE,22,False,15168,"Paul Stamets is a mycologist, author and advocate of bioremediation and medicinal fungi. Check out https://www.youtube.com/paulstamets",3609,2:13:49,mPqWstVnRjQ,8029,False,True,"""Joe Rogan Experience"" podcast ""JRE #1035"" ""Joe Rogan"" ""Paul Stamets"" fungi mushroom Deathsquad ""Freak party"" 1035 JRE comedy comedian jokes ""stand up"" funny mma UFC ""Ultimate Fighting Championship""",8029,116688,public,4.0,0.0,https://i.ytimg.com/vi/mPqWstVnRjQ/default.jpg,1510111208,,Joe Rogan Experience #1035 - Paul Stamets,zQUP1qoWDoEbmsQxvdjxgQ,6667456,1510111208000,2017,11,8,1035,6667456,133,Paul Stamets
07/11/2017,PowerfulJRE,22,False,3200,"Chris Kresser is a health detective specializing in investigative medicine, blogger, podcaster, teacher and a Paleo diet and lifestyle enthusiast. His new book ""Unconventional Medicine"" is out now, available on Amazon and https://unconventionalmedicinebook.com/",1417,2:46:17,bYOIhmZ0Osg,9977,False,True,"""Joe Rogan Experience"" podcast ""JRE #1037"" 1037 ""Joe Rogan"" ""Chris Kresser"" comedy comedian jokes ""stand up"" funny mma UFC ""Ultimate Fighting Championship"" Deathsquad ""Freak Party"" Paleo Diet fasting Keto ketogenic ""ketogenic diet""",9977,15352,public,4.0,0.0,https://i.ytimg.com/vi/bYOIhmZ0Osg/default.jpg,1510014912,,Joe Rogan Experience #1037 - Chris Kresser,zQUP1qoWDoEbmsQxvdjxgQ,1402157,1510014912000,2017,11,7,1037,1402157,166,Chris Kresser
01/11/2017,PowerfulJRE,22,False,3100,"Sebastian Junger is the author of The Perfect Storm, War, and Tribe. He also is the co-director of the Oscar-nominated documentary “Restrepo.” His latest documentary “Hell On Earth” can been seen on NatGeo.",1748,2:03:02,iurXFfNriyg,7382,False,True,"""Joe Rogan Experience"" podcast ""JRE #1034"" 1034 JRE ""Joe Rogan"" UFC comedy mma ""Ultimate Fighting Championship"" Restrepo ""war journalist"" journalist journalism ""Sebastian Junger"" comedian jokes ""stand up"" funny",7382,14635,public,4.0,0.0,https://i.ytimg.com/vi/iurXFfNriyg/default.jpg,1510013743,,Joe Rogan Experience #1034 - Sebastian Junger,zQUP1qoWDoEbmsQxvdjxgQ,1545659,1510013743000,2017,11,7,1034,1545659,123,Sebastian Junger
31/10/2017,PowerfulJRE,22,False,5290,Owen Benjamin is a stand up comedian and actor. Check out his podcast called “Why Didn’t They Laugh?” available on iTunes. https://www.youtube.com/user/owenbenjamincomedy,1642,3:09:06,YFAOwr1lRTw,11346,False,True,"""Joe Rogan Experience"" podcast ""JRE #1033"" 1033 ""Owen Benjamin"" comedy comedian jokes ""stand up"" funny ""Joe Rogan"" Deathsquad ""Freak Party"" UFC mma ""Ultimate Fighting Championship""",11346,19504,public,4.0,0.0,https://i.ytimg.com/vi/YFAOwr1lRTw/default.jpg,1509584573,,Joe Rogan Experience #1033 - Owen Benjamin,zQUP1qoWDoEbmsQxvdjxgQ,1734086,1509584573000,2017,11,2,1033,1734086,189,Owen Benjamin
30/10/2017,PowerfulJRE,22,False,3001,"Colin Moriarty is the co-founder of Kinda Funny and creator of Colin’s Last Stand, a series of videos about history and politics. https://www.youtube.com/channel/UCe3Dpne2qWldzpuiOd9hPLw",1413,3:23:06,NeTHwruEjhM,12186,False,True,"""Joe Rogan Experience"" podcast ""JRE #1032"" 1032 ""Joe Rogan"" UFC mma ""Ultimate Fighting Championship"" ""Colin Moriarty"" comedy comedian jokes ""stand up"" funny ""Never Not Funny"" ""video games""",12186,12553,public,4.0,0.0,https://i.ytimg.com/vi/NeTHwruEjhM/default.jpg,1509488847,,Joe Rogan Experience #1032 - Colin Moriarty,zQUP1qoWDoEbmsQxvdjxgQ,963106,1509488847000,2017,10,31,1032,963106,203,Colin Moriarty
27/10/2017,PowerfulJRE,22,False,3448,"Jamie Kilstein is a writer, radio host, and stand up comic.",5015,2:39:56,_fa_ZA9k5t4,9596,False,True,"""Joe Roga Experience"" podcast ""JRE #1031"" 1031 JRE comedy comedian jokes ""stand up"" funny Deathsquad ""Freak Party"" mma UFC ""Ultimate Fighting Championship""",9596,7377,public,3.0,0.0,https://i.ytimg.com/vi/_fa_ZA9k5t4/default.jpg,1509400388,,Joe Rogan Experience #1031 - Jamie Kilstein,zQUP1qoWDoEbmsQxvdjxgQ,840199,1509400388000,2017,10,30,1031,840199,159,Jamie Kilstein
26/10/2017,PowerfulJRE,22,False,7056,Joey “CoCo” Diaz is a Cuban-American stand up comedian and actor.  Joey also hosts his own podcast called “The Church of What’s Happening Now”.  http://joeydiaz.net,3121,3:04:35,kRtwWV32f0k,11075,False,True,"""Joe Rogan Experience"" podcast ""JRE #1030"" 1030 ""Joe Rogan"" comedy comedian jokes ""stand up"" ""Joey Diaz"" ""The Church of What's Happening Now"" ""Mad Flavor"" mma UFC Deathsquad ""Freak Party"" ""Ultimate Fighting Championship"" funny",11075,47700,public,4.0,0.0,https://i.ytimg.com/vi/kRtwWV32f0k/default.jpg,1509141922,,Joe Rogan Experience #1030 - Joey Diaz,zQUP1qoWDoEbmsQxvdjxgQ,5419546,1509141922000,2017,10,27,1030,5419546,184,Joey Diaz
25/10/2017,PowerfulJRE,22,False,28723,"Tom DeLonge is a musician, singer, songwriter, record producer, entrepreneur, and film producer. Get more info about To The Stars Academy and read the Offering Circular at https://dpo.tothestarsacademy.com/#offering-circular",8637,1:40:50,5n_3mnJfHzY,6050,False,True,"""Joe Rogan Experience"" podcast ""JRE #1029"" 1029 ""Joe Rogan"" JRE ""Tom DeLonge"" ""To The Stars Academy"" comedy comedian joeks ""stand up"" funny mma UF ""Ultimate Fighting Championship""",6050,33494,public,4.0,0.0,https://i.ytimg.com/vi/5n_3mnJfHzY/default.jpg,1509067141,,Joe Rogan Experience #1029 - Tom DeLonge,zQUP1qoWDoEbmsQxvdjxgQ,3495113,1509067141000,2017,10,27,1029,3495113,100,Tom DeLonge
24/10/2017,PowerfulJRE,22,False,2525,"Adam Greentree is a bowhunter and photographer from Australia. He also hosts his own podcast called ""Bowhunter's Life"" available for download via iTunes.",1335,2:30:45,1uvKczCPQok,9045,False,True,"""Joe Rogan Experience"" podcast ""JRE #1028"" 1028 comedy comedian jokes ""stand up"" funny bow hunting bowhunting walkabout Australia ""Adam Greentree"" Hoyt ""Joe Rogan"" UFC ""Ultimate FIghting Championship"" mma",9045,17796,public,4.0,0.0,https://i.ytimg.com/vi/1uvKczCPQok/default.jpg,1508986127,,Joe Rogan Experience #1028 - Adam Greentree,zQUP1qoWDoEbmsQxvdjxgQ,1970580,1508986127000,2017,10,26,1028,1970580,150,Adam Greentree
23/10/2017,PowerfulJRE,22,False,5528,Courtney Dauwalter is an ultra-marathon runner who recently won the MOAB 240 race in Utah in under 58 hours.,1028,1:42:39,V8DfjXnIk6c,6159,False,True,"""Joe Rogan Experience"" podcast ""JRE #1027"" 1027 ""Joe Rogan"" ""Courtney Dauwalter"" Ultra ""Ultra Marathon"" ""MOAB 240"" Utah running ""long distance"" comedy comedian jokes ""stand up"" funny",6159,27466,public,4.0,0.0,https://i.ytimg.com/vi/V8DfjXnIk6c/default.jpg,1508876300,,Joe Rogan Experience #1027 - Courtney Dauwalter,zQUP1qoWDoEbmsQxvdjxgQ,1990383,1508876300000,2017,10,24,1027,1990383,102,Courtney Dauwalter
21/10/2017,PowerfulJRE,22,False,3494,"Brian Redban is a comedian and the founder of the Deathsquad podcast network. Check out his newest podcast called ""What Brian Redban Do"" at http://deathsquad.tv & on iTunes",957,1:44:22,cTdE-vlbm58,6262,False,True,"""Joe Rogan Experience"" podcast ""JRE #1026"" ""Brian Redban"" Redban Deathsquad ""Freak Party"" ""Joe Rogan"" mma UFC ""Ultimate Fighting Championship"" comedy comedian jokes ""stand up"" funny laugh",6262,9054,public,4.0,0.0,https://i.ytimg.com/vi/cTdE-vlbm58/default.jpg,1508803635,,Joe Rogan Experience #1026 - Brian Redban,zQUP1qoWDoEbmsQxvdjxgQ,854666,1508803635000,2017,10,24,1026,854666,104,Brian Redban
22/10/2017,PowerfulJRE,22,False,1249,"Greg Fitzsimmons is a writer and stand-up comedian. He also hosts his own podcast ""FitzDog Radio"" available on iTunes.",522,2:37:57,ca30mO_8NDY,9477,False,True,"""Joe Rogan Experience"" podcast ""JRE #1025"" #1025 ""Joe Rogan"" JRE ""Greg Fitzsimmons"" comedy comedian comedians joke jokes ""stand up"" funny laugh ""FitzDog Radio"" UFC ""Ultimate Fighting Championship"" mma",9477,7086,public,4.0,0.0,https://i.ytimg.com/vi/ca30mO_8NDY/default.jpg,1508740700,,Joe Rogan Experience #1025 - Greg Fitzsimmons,zQUP1qoWDoEbmsQxvdjxgQ,481800,1508740700000,2017,10,23,1025,481800,157,Greg Fitzsimmons
11/10/2017,PowerfulJRE,22,False,3462,"Bert Kreischer is a stand-up comedian, actor and reality television host. Check out his book “Life of the Party” on Amazon and his podcast “The Bertcast” on iTunes.",1430,3:00:14,ELUCUFQp1_k,10814,False,True,"""Joe Rogan Experience"" podcast ""JRE #1024"" 1024 ""Joe Rogan"" ""Freak Party"" Deathsquad UFC mma ""Ultimate Fighting Championship"" ""Bert Kresicher"" ""The Machine"" BertCast ""Bert is Fat"" ""Sober Octobert""",10814,18479,public,4.0,0.0,https://i.ytimg.com/vi/ELUCUFQp1_k/default.jpg,1507855234,,Joe Rogan Experience #1024 - Bert Kreischer,zQUP1qoWDoEbmsQxvdjxgQ,2178671,1507855234000,2017,10,13,1024,2178671,180,Bert Kreischer
10/10/2017,PowerfulJRE,22,False,2353,"Christina P is a stand-up comedian, and hosts also own podcast with her husband, Tom Segura, called “Your Mom’s House.” Her new special ""Mother Inferior"" is now available on Netflix.",1276,2:47:39,K1XrqZsV0-Y,10059,False,True,"""Joe Rogan Experience"" podcast ""JRE #1023"" 1023 ""Christina P"" ""Your Mom's House"" ""Tom Segura"" ""Joe Rogan"" Deathsquad ""Freak Party"" ""Mother Inferior"" Netflix comedy comedian ""stand up"" special funny",10059,11979,public,4.0,0.0,https://i.ytimg.com/vi/K1XrqZsV0-Y/default.jpg,1507767173,,Joe Rogan Experience #1023 - Christina P,zQUP1qoWDoEbmsQxvdjxgQ,1200335,1507767173000,2017,10,12,1023,1200335,167,Christina P
05/10/2017,PowerfulJRE,22,False,4276,"Eric Weinstein is a mathematician and economist, and he is also the managing director at Thiel Capital.",1381,2:41:08,lMzjEaNFbAk,9668,False,True,"""Joe Rogan Experience"" podcast ""JRE #1022"" 1022 ""Eric Weinstein"" ""Thiel Capital"" ""Bret Weinstein"" mma UFC ""Ultimate Fighting Championship"" JRE Deathsquad ""Freak Party"" ""Joe Rogan"" comedy comedian jokes funny ""stand up""",9668,15913,public,4.0,0.0,https://i.ytimg.com/vi/lMzjEaNFbAk/default.jpg,1507683339,,Joe Rogan Experience #1022 - Eric Weinstein,zQUP1qoWDoEbmsQxvdjxgQ,1474315,1507683339000,2017,10,11,1022,1474315,161,Eric Weinstein
05/10/2017,PowerfulJRE,22,False,10953,"Russell Brand is an English comedian, actor, radio host, author, and activist. His new book ""Recovery: Freedom From Our Addictions"" is available now, and his podcast called ""Under The Skin"" is available on iTunes.",4938,2:19:24,iZPH6r_ZDvM,8364,False,True,"""Joe Rogan Experience"" podcast ""JRE #1021"" ""Russell Brand"" ""Joe Rogan"" Recovery ""Under the Skin"" comedy comedian jokes ""stand up"" funny UFC mma ""Ultimate Fighting Championship"" ""Conor McGregor""",8364,41813,public,4.0,0.0,https://i.ytimg.com/vi/iZPH6r_ZDvM/default.jpg,1507253301,,Joe Rogan Experience #1021 - Russell Brand,zQUP1qoWDoEbmsQxvdjxgQ,3704572,1507253301000,2017,10,6,1021,3704572,139,Russell Brand
04/10/2017,PowerfulJRE,22,False,1290,"Amy Alkon, also known as the Advice Goddess, writes a weekly advice column, Ask the Advice Goddess, which is published in over 100 newspapers within North America. Look for her new book called ""Unf*ckology: A Field Guide to Living with Guts and Confidence"" coming out in 2018.",1186,2:03:24,YKBbN4bxg0U,7404,False,True,"""Joe Rogan Experience"" podcast ""JRE #1020"" ""Joe Rogan"" ufc mma ""Ultimate Fighting Championship"" Deathsquad ""Freak Party"" comedy comedian jokes ""stand up"" funny advice ""Advice Goddess"" ""Amy Alkon"" ""Science Goddess""",7404,4348,public,4.0,0.0,https://i.ytimg.com/vi/YKBbN4bxg0U/default.jpg,1507252622,,Joe Rogan Experience #1020 - Amy Alkon,zQUP1qoWDoEbmsQxvdjxgQ,574885,1507252622000,2017,10,6,1020,574885,123,Amy Alkon
03/10/2017,PowerfulJRE,22,False,1889,"Bryan Fogel is an American film director, producer, author and playwright. His documentary ""Icarus"" available now on Netflix, documents the uncovering of the Russian doping scandal. GoFundMe Page for Dr. Grigory Rodchenkov https://www.gofundme.com/how-is-grigory",917,2:48:05,P2FCBIpKCdI,10085,False,True,"""Joe Rogan Experience"" podcast ""JRE #1019"" 1019 ""Bryan Fogel"" Icarus ""Russian doping"" Olympics steroids athletes HGH mma UFC ""Ultimate Fighting Championship"" comedian comedy jokes ""stand up""",10085,9881,public,4.0,0.0,https://i.ytimg.com/vi/P2FCBIpKCdI/default.jpg,1507156181,,Joe Rogan Experience #1019 - Bryan Fogel,zQUP1qoWDoEbmsQxvdjxgQ,936669,1507156181000,2017,10,4,1019,936669,168,Bryan Fogel
28/09/2017,PowerfulJRE,22,False,3054,Alonzo Bodden is a stand up comedian and winner of Last Comic Standing Season 3. He hosts his own podcast called “Who’s Paying Attention” available on iTunes.,2437,2:38:21,R5ddRZFtZTM,9501,False,True,"""Joe Rogan Experience"" podcast ""JRE #1018"" 1018 JRE ""Alonzo Bodden"" ""Joe Rogan"" UFC ""Las Vegas"" shooting ""Ultimate Fighting Championship"" comedy comedian jokes ""stand up"" funny motorcycle",9501,7364,public,4.0,0.0,https://i.ytimg.com/vi/R5ddRZFtZTM/default.jpg,1507079487,,Joe Rogan Experience #1018 - Alonzo Bodden,zQUP1qoWDoEbmsQxvdjxgQ,750310,1507079487000,2017,10,4,1018,750310,158,Alonzo Bodden
27/09/2017,PowerfulJRE,22,False,2039,"Jim Norton is a stand-up comedian, radio personality, author, and actor. Tickets to his tour ""Kneeling Room Only"" are available now at http://jimnorton.com and also check out the ""Chip Chipperson Podacast"" available on iTunes and the Riotcast Podcast Network.",1151,2:31:48,9AwFGXHLCuI,9108,False,True,"""Joe Rogan Experience"" podcast ""JRE #1017"" 1017 Deathsquad ""Freak Party"" ""Joe Rogan"" mma UFC ""Ultimate Fighting Championship"" ""Jim Norton"" ""Jim & Sam"" ""O & A""",9108,11805,public,4.0,0.0,https://i.ytimg.com/vi/9AwFGXHLCuI/default.jpg,1506646171,,Joe Rogan Experience #1017 - Jim Norton,zQUP1qoWDoEbmsQxvdjxgQ,1468737,1506646171000,2017,9,29,1017,1468737,151,Jim Norton
26/09/2017,PowerfulJRE,22,False,3974,"Whitney Cummings is a stand up comedian and actress. She is best known as the creator and star of the NBC sitcom Whitney, as well as the co-creator of the CBS sitcom 2 Broke Girls. Her new book ""I'm Fine.... and Other Lies"" will be released on October 3.",3613,3:19:14,zefq4BACQn4,11954,False,True,"""Joe Rogan Experience"" podcast ""JRE #1016"" 1016 ""Joe Rogan"" JRE ""Whitney Cummings"" Whitney UFC mma ""Ultimate Fighting Championship"" Deathsquad ""Freak Party"" comedy comedian jokes ""stand up"" funny ""I'm Fine and other lies""",11954,16688,public,4.0,0.0,https://i.ytimg.com/vi/zefq4BACQn4/default.jpg,1506555030,,Joe Rogan Experience #1016 - Whitney Cummings,zQUP1qoWDoEbmsQxvdjxgQ,2007700,1506555030000,2017,9,27,1016,2007700,199,Whitney Cummings
25/09/2017,PowerfulJRE,22,False,1628,"Reggie Watts is a musician, singer, beatboxer, actor, and comedian. His improvised musical sets are created using only his voice, a keyboard, and a looping machine.",1125,3:04:06,B8oZV2CSsAY,11046,False,True,"""Joe Rogan Experience"" podcast ""JRE #1015"" 1015 JRE ""Joe Rogan"" mma UFC ""Ultimate Fighting Championship"" Deathsquad ""Freak Party"" ""Reggie Watts"" music ""beat box""",11046,11294,public,4.0,0.0,https://i.ytimg.com/vi/B8oZV2CSsAY/default.jpg,1506462236,,Joe Rogan Experience #1015 - Reggie Watts,zQUP1qoWDoEbmsQxvdjxgQ,1134722,1506462236000,2017,9,26,1015,1134722,184,Reggie Watts
22/09/2017,PowerfulJRE,22,False,1792,"Dave Smith is a stand up comedian & host of Part Of The Problem podcast available on iTunes, and he is also one-third of The Legion of Skanks. He recently released his first comedy special called ""Libertas"" available on iTunes.",2041,3:06:17,Lgxu9Zetj10,11177,False,True,"""Joe Rogan Experience"" podcast ""JRE #1014"" 1014 ""Joe Rogan"" UFC ""Ultimate FIghting Championship"" mma comedy comedian jokes ""stand up"" funny ""Dave Smith"" ""Legion of Skanks"" Libertas ""Part of the Problem"" ""GAS Digital""",11177,9858,public,4.0,0.0,https://i.ytimg.com/vi/Lgxu9Zetj10/default.jpg,1506377142,,Joe Rogan Experience #1014 - Dave Smith,zQUP1qoWDoEbmsQxvdjxgQ,861893,1506377142000,2017,9,25,1014,861893,186,Dave Smith
16/09/2017,PowerfulJRE,22,False,1292,"Cameron Hanes is a bowhunting athlete, “training intensively each and every day to become the Ultimate Predator” and he also has a podcast available on iTunes called Keep Hammering with Cameron Hanes.",1240,2:53:47,0mBDcyX6WGk,10427,False,True,"""Joe Rogan Experience"" podcast ""JRE #1013"" ""Cameron Hanes"" 1013 JRE ""Cam Hanes"" bow hunting ""bow hunting"" arrow archery mma UFC ""Ultimate Fighting Championship"" Utah elk ""Under Armour"" comedy comedian jokes ""stand up"" funny Deathsquad ""Freak Party""",10427,9230,public,4.0,0.0,https://i.ytimg.com/vi/0mBDcyX6WGk/default.jpg,1506114769,,Joe Rogan Experience #1013 - Cameron Hanes,zQUP1qoWDoEbmsQxvdjxgQ,977755,1506114769000,2017,9,22,1013,977755,173,Cameron Hanes
14/09/2017,PowerfulJRE,22,False,3245,Joe sits down with Brendan Schaub to discuss the upcoming boxing and UFC fights.,1951,3:05:42,1aVtVX1-j5E,11142,False,True,"""Joe Rogan Experience"" podcast JRE ""Brendan Schaub"" ""JRE #1012"" UFC mma ""Ultmiate Fighting Championship"" ""Fighter & The Kid"" TFATK comedy comedian jokes ""stand up"" funny",11142,18000,public,4.0,0.0,https://i.ytimg.com/vi/1aVtVX1-j5E/default.jpg,1505511917,,Joe Rogan Experience #1012 - Brendan Schaub,zQUP1qoWDoEbmsQxvdjxgQ,2382407,1505511917000,2017,9,15,1012,2382407,185,Brendan Schaub
07/09/2017,PowerfulJRE,22,False,1064,"Tom Papa is a comedian, actor, writer and television/radio host. His latest special ""Human Mule"" is available on HULU now, and you can also listen to his podcast ""Come To Papa"" available on iTunes & Stitcher.",1145,3:19:46,k9PAuyB2IVQ,11986,False,True,"""Joe Rogan Experience"" podcast ""JRE #1011"" 1011 MMA UFC ""Ultimate Fighting Championship"" comedy comedian jokes ""stand up"" funny ""Joe Rogan"" ""Tom Papa""",11986,6243,public,4.0,0.0,https://i.ytimg.com/vi/k9PAuyB2IVQ/default.jpg,1505427197,,Joe Rogan Experience #1011 - Tom Papa,zQUP1qoWDoEbmsQxvdjxgQ,759196,1505427197000,2017,9,14,1011,759196,199,Tom Papa
06/09/2017,PowerfulJRE,22,False,1825,"Brian Redban is a comedian and the founder of the Deathsquad podcast network. Check out his podcast called ""What Brian Redban Do"" at http://deathsquad.tv & on iTunes",1035,2:46:11,mAJyHE8RAFY,9971,False,True,"""Joe Rogan Experience"" podcast ""JRE #1010"" 1010 ""Joe Rogan"" Redban ""Brian Redban"" Deathsquad ""Freak Party"" mma UFC ""Ultimate Fighting Championship"" comedy comedian jokes funny hurricane Irma",9971,8852,public,4.0,0.0,https://i.ytimg.com/vi/mAJyHE8RAFY/default.jpg,1504834333,,Joe Rogan Experience #1010 - Brian Redban,zQUP1qoWDoEbmsQxvdjxgQ,1099879,1504834333000,2017,9,8,1010,1099879,166,Brian Redban
05/09/2017,PowerfulJRE,22,False,4819,"James Damore is a former Google Senior software engineer, who was recently fired by Google after an internal memo he wrote about its diversity policies was leaked online.",1702,2:39:41,uQ1JeII0eGo,9581,False,True,"""Joe Rogan Experience"" podcast ""JRE #1009"" 1009 mma UFC ""Ultimate Fighting Championship"" ""James Damore"" Google memo diversity",9581,27643,public,4.0,0.0,https://i.ytimg.com/vi/uQ1JeII0eGo/default.jpg,1504738017,,Joe Rogan Experience #1009 - James Damore,zQUP1qoWDoEbmsQxvdjxgQ,1587579,1504738017000,2017,9,6,1009,1587579,159,James Damore
04/09/2017,PowerfulJRE,22,False,2036,Cody Garbrandt is a mixed martial artist and UFC Bantamweight World Champion. Urijah Faber is a retired mixed martial artist who fought as a bantamweight and featherweight in the UFC.,1486,2:40:48,q5_9sLvLsEM,9648,False,True,"""Joe Rogan Experience"" podcast ""JRE #1008"" 1008 ""Joe Rogan"" ""Cody Garbrandt"" ""Urijah Faber"" mma UFC ""Ultimate Fighting Championship"" comedy comedian jokes ""stand up"" ""UFC 217"" ""Madison Square Garden""",9648,20170,public,4.0,0.0,https://i.ytimg.com/vi/q5_9sLvLsEM/default.jpg,1504651565,,Joe Rogan Experience #1008 - Cody Garbrandt & Urijah Faber,zQUP1qoWDoEbmsQxvdjxgQ,2280862,1504651565000,2017,9,5,1008,2280862,160,Cody Garbrandt & Urijah Faber
02/09/2017,PowerfulJRE,22,False,4933,"Joe is joined by Ari Shaffir, Bert Kreischer & Tom Segura to discuss a new challenge.",2567,4:04:48,tjegWo2oPVg,14688,False,True,"""Joe Rogan Experience"" podcast mma UFC ""Ultimate Fighting Championship"" ""Ari Shaffir"" ""Joe Rogan"" ""Tom Segura"" ""Bert Kreischer"" ""JRE #1007"" JRE comedian comedy jokes funny ""stand up""",14688,32876,public,4.0,0.0,https://i.ytimg.com/vi/tjegWo2oPVg/default.jpg,1504572965,,"Joe Rogan Experience #1007 - Ari Shaffir, Bert Kreischer & Tom Segura",zQUP1qoWDoEbmsQxvdjxgQ,3698207,1504572965000,2017,9,5,1007,3698207,244,"Ari Shaffir, Bert Kreischer & Tom Segura"
30/08/2017,PowerfulJRE,22,False,37815,"Jordan Peterson is a clinical psychologist and tenured professor of psychology at the University of Toronto. You can check out all Dr. Peterson's self-improvement writing programs at www.selfauthoring.com 
Bret Weinstein is a biology professor at Evergreen State College in Olympia, WA. Currently he is in the middle of an intense controversy that has been documented by the Wall Street Journal, New York Times, and several other mainstream media outlets. Sign up for a free crash course on Evolutionary Thinking at http://bretweinstein.net/early",6463,2:44:56,6G59zsjM2UI,9896,False,True,"""Joe Rogan Experience"" podcast ""JRE #1006"" 1006 ""Jordan Peterson"" ""Bret Weinstein"" ""Joe Rogan"" ""Evergreen State College"" comedy comedian jokes funny ""stand up"" mma UFC ""Ultimate Fighting Championship"" Deathsquad ""Freak Party""",9896,128026,public,4.0,0.0,https://i.ytimg.com/vi/6G59zsjM2UI/default.jpg,1504312319,,Joe Rogan Experience #1006 - Jordan Peterson & Bret Weinstein,zQUP1qoWDoEbmsQxvdjxgQ,9429358,1504312319000,2017,9,2,1006,9429358,164,Jordan Peterson & Bret Weinstein
29/08/2017,PowerfulJRE,22,False,3851,"Hannibal Buress is a stand-up comedian, actor, television writer and host. Check out his podcast called ""The Handsome Rambler"" available on iTunes/Stitcher.",3128,2:39:26,Z736qeg4Z1Y,9566,False,True,"""Joe Rogan Experience"" podcast ""JRE #1005"" 1005 ""Hannibal Buress"" ""Joe Rogan"" comedy comedian jokes ""stand up"" funny UFC mma ""Ultimate Fighting Championship"" Deathsquad ""Freak Party""",9566,31101,public,4.0,0.0,https://i.ytimg.com/vi/Z736qeg4Z1Y/default.jpg,1504138286,,Joe Rogan Experience #1005 - Hannibal Buress,zQUP1qoWDoEbmsQxvdjxgQ,3161362,1504138286000,2017,8,31,1005,3161362,159,Hannibal Buress
28/08/2017,PowerfulJRE,22,False,3178,"W. Kamau Bell is a host, writer, and stand-up comic. Watch is show ""United Shades of America"" on CNN and check out his podcast ""Politically Reactive"" available on iTunes. He also has a recently released book ""The Awkward Thoughts of W. Kamau Bell"" available on Amazon.",8081,2:46:22,6RzIwA7CVRQ,9982,False,True,"""Joe Rogan Experience"" podcast 1004 JRE ""W Kamau Bell"" ""United SHades of America"" comedy comic ""stand up"" comedian ""Joe Rogan"" Deathsquad ""Freak Party"" UFC ""Ultimate Fighting Championship"" mma CNN ""JRE #1004""",9982,7462,public,2.0,0.0,https://i.ytimg.com/vi/6RzIwA7CVRQ/default.jpg,1504047641,,Joe Rogan Experience #1004 - W. Kamau Bell,zQUP1qoWDoEbmsQxvdjxgQ,574557,1504047641000,2017,8,29,1004,574557,166,W. Kamau Bell
23/08/2017,PowerfulJRE,22,False,6055,Sean Carroll is a cosmologist and physics professor specializing in dark energy and general relativity. He is a research professor in the Department of Physics at the California Institute of Technology. Check out his books and more of his work at https://www.preposterousuniverse.com/,2858,2:41:35,hHMSvSqCDKc,9695,False,True,"""Joe Rogan Experience"" podcast ""JRE #1003"" 1003 mma UFC ""Ultimate Fighting Championship"" funny jokes ""stand up"" comedy comedian Deathsquad ""Freak Party"" ""Joe Rogan"" ""Sean Carrol"" space physics ""quantum physics"" ""black hole"" relativity gravity ""flat earth"" ""round earth""",9695,34080,public,4.0,0.0,https://i.ytimg.com/vi/hHMSvSqCDKc/default.jpg,1503618646,,Joe Rogan Experience #1003 - Sean Carroll,zQUP1qoWDoEbmsQxvdjxgQ,4006829,1503618646000,2017,8,24,1003,4006829,161,Sean Carroll
21/08/2017,PowerfulJRE,22,False,10330,"Peter Schiff is an American businessman, investment broker, author and financial commentator. Schiff is CEO and chief global strategist of Euro Pacific Capital Inc. He also hosts his own podcast called ""The Peter Schiff Podcast"" available on iTunes and at SchiffRadio.com",4514,2:45:11,by1OgqQQANg,9911,False,True,"""Joe Rogan Experience"" podcast ""JRE #1002"" 1002 ""Joe Rogan"" ""Peter Schiff"" ""Schiff Gold"" mma UFC ""Ultimate Fighting Championship"" comedy comedian jokes funny laugh bitcoin cryptocurrency crypto currency",9911,24496,public,4.0,0.0,https://i.ytimg.com/vi/by1OgqQQANg/default.jpg,1503533207,,Joe Rogan Experience #1002 - Peter Schiff,zQUP1qoWDoEbmsQxvdjxgQ,1594539,1503533207000,2017,8,24,1002,1594539,165,Peter Schiff
18/08/2017,PowerfulJRE,22,False,3072,"Mike Baker is a former CIA covert operations officer. Currently he is the president of Diligence LLC, a global intelligence and security firm.",2625,2:49:02,FL_tzFPyVVk,10142,False,True,"""Joe Rogan Experience"" podcast ""JRE #1001"" 1001 ""Mike Baker"" CIA comedy comedian jokes ""stand up"" funny history UFC MMA ""Ultimate Fighting Championship"" ""Joe Rogan""",10142,12788,public,4.0,0.0,https://i.ytimg.com/vi/FL_tzFPyVVk/default.jpg,1503361169,,Joe Rogan Experience #1001 - Mike Baker,zQUP1qoWDoEbmsQxvdjxgQ,1674379,1503361169000,2017,8,22,1001,1674379,169,Mike Baker
17/07/2017,PowerfulJRE,22,False,3676,"(This episode has been re-uploaded.)

Joey “CoCo” Diaz is a Cuban-American stand up comedian and actor.  Joey also hosts his own podcast called “The Church of What’s Happening Now”",2574,2:55:51,Ii0PKGLAdyE,10551,False,True,"""Joe Rogan Experience"" JRE Joe Rogan podcast UFC MMA comedy stand up Deathsquad funny Freak Party ""Joey Diaz"" ""Brian Redban"" ""Joe Rogan"" ""JRE #669"" 669",10551,27127,public,4.0,0.0,https://i.ytimg.com/vi/Ii0PKGLAdyE/default.jpg,1500330887,,Joe Rogan Experience #669 - Joey Diaz   **Re-Upload**,zQUP1qoWDoEbmsQxvdjxgQ,4556091,1500330887000,2017,7,17,669,4556091,175,Joey Diaz   **Re
11/01/2017,PowerfulJRE,22,False,1468,"Bryan Callen is an actor and stand-up comedian, and together with Brendan Schaub he also hosts ""The Fighter & The Kid"" podcast.",988,2:33:38,aZ3IVET8b_M,9218,False,True,"""Joe Rogan Experience"" podcast JRE ""JRE #899"" 899 ""Bryan Callen"" ""Joe Rogan"" ""Brendan Schaub"" ""Fighter & The Kid"" comedy comedian funny jokes ""stand up"" MMA UFC",9218,6963,public,4.0,0.0,https://i.ytimg.com/vi/aZ3IVET8b_M/default.jpg,1484184853,,Joe Rogan Experience #899 - Bryan Callen,zQUP1qoWDoEbmsQxvdjxgQ,825622,1484184853000,2017,1,12,899,825622,153,Bryan Callen
10/01/2017,PowerfulJRE,22,False,2298,"Bas Rutten & Mauro Ranallo are the former announcing team for Pride FC, and can now be heard together on their podcast ""Rutten & Ranallo"" available on iTunes.",450,2:56:47,rlaNNbBXzAM,10607,False,True,"""Joe Rogan Experience podcast"" JRE ""JRE #898"" 898 ""Pride FC"" UFC ""Ultimate Fighting Championship"" ""Bas Rutten"" ""Mauro Ranallo"" ""Joe Rogan"" ""Freak Party"" Deathsquad comedy funny jokes ""stand up"" comedian",10607,10477,public,4.0,0.0,https://i.ytimg.com/vi/rlaNNbBXzAM/default.jpg,1484102964,,Joe Rogan Experience #898 - Bas Rutten & Mauro Ranallo,zQUP1qoWDoEbmsQxvdjxgQ,1057473,1484102964000,2017,1,11,898,1057473,176,Bas Rutten & Mauro Ranallo
10/01/2017,PowerfulJRE,22,False,2807,"Hunter Maats is the co-author of ""The Straight-A Conspiracy"" and also co-host of The Bryan Callen Show podcast available on iTunes.",977,3:18:16,nZJwvRcaBaI,11896,False,True,"""Joe Rogan Experience"" podcast MMA UFC ""Hunter Maats"" ""Bryan Callen"" JRE ""JRE #897"" 897 ""Ultimate Fighting Championship"" funny jokes comedy comedian ""stand up"" laugh ""Joe Rogan""",11896,7545,public,4.0,0.0,https://i.ytimg.com/vi/nZJwvRcaBaI/default.jpg,1484100628,,Joe Rogan Experience #897 - Hunter Maats,zQUP1qoWDoEbmsQxvdjxgQ,683880,1484100628000,2017,1,11,897,683880,198,Hunter Maats
10/01/2017,PowerfulJRE,22,False,1983,Joe chats with Young Jamie about his recent trip to the Consumer Electronics Show (CES) in Las Vegas to see what's coming out this year.,255,2:21:01,EyPYLhAjh5Q,8461,False,True,"""Joe Rogan Experience"" JRE Joe Rogan podcast UFC MMA comedy stand up Deathsquad funny Freak Party ""JRE #896"" ""Young Jamie"" ""Jamie Vernon"" CES ""Las Vegas""",8461,9673,public,4.0,0.0,https://i.ytimg.com/vi/EyPYLhAjh5Q/default.jpg,1483492681,,Joe Rogan Experience #896 - CES Review with Young Jamie,zQUP1qoWDoEbmsQxvdjxgQ,778746,1483492681000,2017,1,4,896,778746,141,CES Review with Young Jamie
02/01/2017,PowerfulJRE,22,False,2091,Joe is joined by Tom Segura & Bert Kreischer for Day 2 weigh-in of their weight loss challenge.,485,3:44:05,5r-vP3N2uAg,13445,False,True,"""Joe Rogan Experience"" podcast JRE ""JRE #894"" ""Joe Rogan"" UFC mma ""Ultimate FIghting Championship"" ""Tom Segura"" ""Bert Kreischer"" 894 weigh-in ""weight loss"" fat ""fat shaming"" Deathsquad ""Freak Party""",13445,12882,public,4.0,0.0,https://i.ytimg.com/vi/5r-vP3N2uAg/default.jpg,1483395517,,Joe Rogan Experience #895 - #WhoIsFat Weigh-in - Day 2,zQUP1qoWDoEbmsQxvdjxgQ,1271134,1483395517000,2017,1,2,895,1271134,224,#WhoIsFat Weigh
01/01/2017,PowerfulJRE,22,False,1235,Joe is joined by Tom Segura & Bert Kreischer for Day 1 weigh-in of their weight loss challenge.,430,2:20:41,gw_jzesLHVw,8441,False,True,"""Joe Rogan Experience"" podcast JRE ""JRE #894"" ""Joe Rogan"" UFC mma ""Ultimate FIghting Championship"" ""Tom Segura"" ""Bert Kreischer"" 894 weigh-in ""weight loss"" fat ""fat shaming"" Deathsquad ""Freak Party""",8441,11077,public,4.0,0.0,https://i.ytimg.com/vi/gw_jzesLHVw/default.jpg,1483334304,,Joe Rogan Experience #894 - #WhoIsFat Weigh-in - Day 1,zQUP1qoWDoEbmsQxvdjxgQ,1047624,1483334304000,2017,1,2,894,1047624,140,#WhoIsFat Weigh
28/12/2016,PowerfulJRE,22,False,4913,"Joe sits down with Joey Diaz, Eddie Bravo & Brendan Schaub to discuss upcoming fights in MMA.",1011,3:17:59,l5rwIv41ACM,11879,False,True,"""UFC 207"" ""Amanda Nunes"" ""Cody Garbrandt"" ""Dominck Cruz"" ""Joe Rogan"" ""Joey Diaz"" ""Brendan Schaub"" ""Eddie Bravo"" ""Ronda Rousey"" ""JRE #893"" 893 ""Ultimate Fighting Championship"" UFC MMA comedian comedy funny jokes ""stand up""",11879,24905,public,4.0,0.0,https://i.ytimg.com/vi/l5rwIv41ACM/default.jpg,1482974836,,Joe Rogan Experience #893 - Fight Recap,zQUP1qoWDoEbmsQxvdjxgQ,2712663,1482974836000,2016,12,29,893,2712663,197,Fight Recap
27/12/2016,PowerfulJRE,22,False,1251,"Greg Fitzsimmons is a writer and stand-up comedian. He also hosts his own podcast ""FitzDog Radio"" available on iTunes.",562,3:09:16,VUXwEiFodms,11356,False,True,"""Joe Rogan Experience"" podcast ""JRE #892"" 892 ""Greg Fitzsimmons"" JRE ""Joe Rogan"" comedy comedian jokes funny ""stand up"" mma UFC ""UFC 207"" ""Ultimate Fighting Championship"" Deathsquad ""Freak Party""",11356,5239,public,4.0,0.0,https://i.ytimg.com/vi/VUXwEiFodms/default.jpg,1482802625,,Joe Rogan Experience #892 - Greg Fitzsimmons,zQUP1qoWDoEbmsQxvdjxgQ,560071,1482802625000,2016,12,27,892,560071,189,Greg Fitzsimmons
23/12/2016,PowerfulJRE,22,False,2128,Joe sits down with Eddie Bravo & Brendan Schaub to discuss upcoming fights in MMA.,396,3:42:38,AKp5ea8h-Jw,13358,False,True,"""Joe Rogan Experience"" podcast UFC ""Ultimate Fighting Championship"" ""JRE #890"" 890 ""Joe Rogan"" ""Brendan Schaub"" ""Eddie Bravo"" comedy funny fight fights jokes comedian ""stand up"" ""Ronda Rousey"" ""Amanda Nunes""",13358,7674,public,4.0,0.0,https://i.ytimg.com/vi/AKp5ea8h-Jw/default.jpg,1482544871,,Joe Rogan Experience #890 - Fight Breakdown,zQUP1qoWDoEbmsQxvdjxgQ,899974,1482544871000,2016,12,24,890,899974,222,Fight Breakdown
22/12/2016,PowerfulJRE,22,False,1438,"Brian Redban is a comedian and the founder of the Deathsquad podcast network. Check out his newest podcast called ""What Brian Redban Do"" at http://deathsquad.tv & on iTunes",416,3:07:27,lA0atLQJ5Aw,11247,False,True,"""Joe Rogan Experience"" podcast ""JRE #889"" 889 ""Brian Redban"" ""Joe Rogan"" Deathsquad ""Freak Party"" comedy comedian jokes funny mma UFC ""Ultimate Fighting Championship""",11247,4422,public,4.0,0.0,https://i.ytimg.com/vi/lA0atLQJ5Aw/default.jpg,1482457088,,Joe Rogan Experience #889 - Brian Redban,zQUP1qoWDoEbmsQxvdjxgQ,517693,1482457088000,2016,12,23,889,517693,187,Brian Redban
16/12/2016,PowerfulJRE,22,False,3384,"Ron White is a stand up comedian and actor, best known as a charter member of the Blue Collar Comedy Tour.",1433,3:00:46,tka857PmVXg,10846,False,True,"""Joe Rogan Experience"" podcast ""JRE #888"" 888 ""Joe Rogan"" ""Ron White"" comedy comedian jokes funny ""stand up"" UFC MMA ""Ultimate Fighting Chamionship"" Deathsquad ""Freak Party""",10846,22188,public,4.0,0.0,https://i.ytimg.com/vi/tka857PmVXg/default.jpg,1481929107,,Joe Rogan Experience #888 - Ron White,zQUP1qoWDoEbmsQxvdjxgQ,2740176,1481929107000,2016,12,16,888,2740176,180,Ron White
15/12/2016,PowerfulJRE,22,False,9704,"James Hetfield is a musician, singer and songwriter known for being the co-founder, lead vocalist, rhythm guitarist and main songwriter for the American heavy metal band Metallica.",1488,1:56:43,5O6QPTawR14,7003,False,True,"""Joe Rogan Experience"" podcast ""JRE #887"" 887 ""Joe Rogan"" MMA UFC ""Ultimate Fighting Championship"" Metallica ""James Hetfield"" comedy comedian ""stand up"" ""heavy metal"" ""hard rock"" funny jokes hunting bees",7003,55602,public,4.0,0.0,https://i.ytimg.com/vi/5O6QPTawR14/default.jpg,1481848288,,Joe Rogan Experience #887 - James Hetfield,zQUP1qoWDoEbmsQxvdjxgQ,3554367,1481848288000,2016,12,16,887,3554367,116,James Hetfield
13/12/2016,PowerfulJRE,22,False,469,"Hank Shaw is a former restaurant cook and journalist, Hank Shaw is the author of three wild game cookbooks as well as the James Beard Award-winning wild foods website Hunter Angler Gardener Cook(http://honest-food.net/). His latest book ""Buck, Buck, Moose"" is available now.",185,2:07:05,ACokM8ybgnw,7625,False,True,"""Joe Rogan Experience"" podcast MMA UFC ""Ultimate Fighting Championship"" food hunting comedy comedian ""stand up"" jokes funny ""Hank Shaw"" ""JRE JRE #886"" 886 Deathsquad ""Freak Party"" ""Joe Rogan""",7625,1882,public,4.0,0.0,https://i.ytimg.com/vi/ACokM8ybgnw/default.jpg,1481682701,,Joe Rogan Experience #886 - Hank Shaw,zQUP1qoWDoEbmsQxvdjxgQ,268854,1481682701000,2016,12,14,886,268854,127,Hank Shaw
07/12/2016,PowerfulJRE,22,False,1393,"Tom Segura is a stand-up comedian, and hosts his own podcast with his wife, Christina Pazsitzky called Your Mom's House. His ""No Teeth No Entry"" tour starts in 2017, tickets are available at http://tomsegura.com now.

Powerful Hoodies - http://www.youngjamie.com/shop/powerful-hoodie-black",767,3:25:45,vEv-vSu78IY,12345,False,True,"""Joe Rogan Experience"" podcast ""JRE #885"" 885 MMA UFC ""Ultimate Fighting CHampionship"" comedian comedy funny jokes ""Your Mom's House"" ""Joe Rogan"" ""Tom Segura""",12345,10639,public,4.0,0.0,https://i.ytimg.com/vi/vEv-vSu78IY/default.jpg,1481155440,,Joe Rogan Experience #885 - Tom Segura,zQUP1qoWDoEbmsQxvdjxgQ,1608688,1481155440000,2016,12,8,885,1608688,205,Tom Segura
06/12/2016,PowerfulJRE,22,False,3747,"Joey “CoCo” Diaz is a Cuban-American stand up comedian and actor.  Check out his special coming out December 8 on Seeso called ""Sociably UnAcceptable"" using code ""JOEY"" for a free 2-month trial. Joey also hosts his own podcast called “The Church of What’s Happening Now” available on iTunes & Stitcher.",2003,2:45:24,RUNNavAIZJg,9924,False,True,"""Joe Rogan Experience"" podcast ""JRE #884"" 884 ""Joe Rogan"" ""Joey Diaz"" UFC MMA ""Ultimate Fighting Championship"" comedy comedian funny jokes ""stand up"" special ""Mad Flavor"" CoCo ""Sociably UnAcceptable""",9924,29727,public,4.0,0.0,https://i.ytimg.com/vi/RUNNavAIZJg/default.jpg,1481081214,,Joe Rogan Experience #884 - Joey Diaz,zQUP1qoWDoEbmsQxvdjxgQ,3785859,1481081214000,2016,12,7,884,3785859,165,Joey Diaz
05/12/2016,PowerfulJRE,22,False,5688,"Kevin Smith is a filmmaker, actor, comedian, public speaker, comic book writer, author, and podcaster. His latest movie ""Yoga Hosers"" is now available on Netflix.",1481,4:03:36,FCL9n8mMqJw,14616,False,True,"""Joe Rogan Experience"" podcast ""JRE #883"" 883 ""Joe Rogan"" ""Kevin Smith"" Smodcast ""Yoga Hosers"" ""Red State"" MMA UFC ""Ultimate Fighting Championship"" director comedy comedian jokes funy ""stand up"" ""movie making"" filmmaking",14616,25443,public,4.0,0.0,https://i.ytimg.com/vi/FCL9n8mMqJw/default.jpg,1480978132,,Joe Rogan Experience #883 - Kevin Smith,zQUP1qoWDoEbmsQxvdjxgQ,2316260,1480978132000,2016,12,5,883,2316260,243,Kevin Smith
03/12/2016,PowerfulJRE,22,False,782,"Tom Papa is a comedian, actor, writer and television/radio host. Check out his new special ""Human Mule"" debuts on EPIX on December 9 at 8pm.",255,2:55:55,ChAl0c5ipiY,10555,False,True,"""Joe Rogan Experience"" podcast ""JRE #882"" 882 ""Tom Papa"" ""Human Mule"" comedy comedian special ""stand up"" funny jokes ""Joe Rogan"" MMA UFC ""Ultimate Fighting Championshi"" Deathsquad ""Freak Party""",10555,2788,public,4.0,0.0,https://i.ytimg.com/vi/ChAl0c5ipiY/default.jpg,1480720763,,Joe Rogan Experience #882 - Tom Papa,zQUP1qoWDoEbmsQxvdjxgQ,329593,1480720763000,2016,12,2,882,329593,175,Tom Papa
01/12/2016,PowerfulJRE,22,False,1571,"Lee Camp is a stand-up comedian, writer, actor, and activist. He is the host of the weekly comedy news show ""Redacted Tonight with Lee Camp"" on RT America.",625,2:49:15,mvNP6blyg4E,10155,False,True,"""Joe Rogan Experience"" ""Joe Rogan"" ""JRE #881"" 881 ""Lee Camp"" UFC MMA ""RT America"" ""Ultimate Fighting Championship"" comedy comdian jokes ""stand up"" funny Deathsquad ""Freak party""",10155,4032,public,4.0,0.0,https://i.ytimg.com/vi/mvNP6blyg4E/default.jpg,1480634433,,Joe Rogan Experience #881 - Lee Camp,zQUP1qoWDoEbmsQxvdjxgQ,367202,1480634433000,2016,12,1,881,367202,169,Lee Camp
30/11/2016,PowerfulJRE,22,False,9131,"Jon Jones is an American mixed martial artist and a two-time former Light Heavyweight Champion of the Ultimate Fighting Championship. He will compete against Dan Henderson in a submission grappling match at Submission Underground 2 on Sunday, Dec. 11, in Portland, Oregon.",3152,1:55:04,cBSwJnZpUI8,6904,False,True,"""Joe Rogan Experience"" podcast ""JRE #880"" 880 ""Jon Jones"" Bones ""Jon Bones Jones"" UFC ""Ultimate Fighting Championship"" ""Joe Rogan"" comedian fighting MMA ""Daniel Cormier"" ""Rumble Johnson"" ""Light Heavyweight"" comedy funny ""stand up""",6904,40303,public,4.0,0.0,https://i.ytimg.com/vi/cBSwJnZpUI8/default.jpg,1480550601,,Joe Rogan Experience #880 - Jon Jones,zQUP1qoWDoEbmsQxvdjxgQ,3976204,1480550601000,2016,12,1,880,3976204,115,Jon Jones
29/11/2016,PowerfulJRE,22,False,1243,"Steven Rinella is an outdoorsman, author, and television host. He currently hosts ""MeatEater"" on the Sportsman Channel & Netflix, and a podcast also called ""MeatEater"" available on iTunes & Stitcher.",507,2:49:15,9KjHdnNdcjI,10155,False,True,"""Joe Rogan Experience"" podcast JRE ""JRE #879"" ""Steve Rinella"" ""Steven Rinella"" MeatEater UFC MMA Hunting ""Ultimate Fighting Championship"" comedian comedy funny animals bear wolf elk deer megafauna 879",10155,7358,public,4.0,0.0,https://i.ytimg.com/vi/9KjHdnNdcjI/default.jpg,1480474218,,Joe Rogan Experience #879 - Steven Rinella,zQUP1qoWDoEbmsQxvdjxgQ,866203,1480474218000,2016,11,30,879,866203,169,Steven Rinella
28/11/2016,PowerfulJRE,22,False,985,"Aubrey Marcus is writer, entrepreneur, and adventurer. He also hosts his own podcast available for download via iTunes called The Aubrey Marcus Podcast. Check out his new documentary called ""AYAHUASCA"" available at http://drinkthejungle.com",577,3:24:39,2xplJOx3Vjw,12279,False,True,"""Joe Rogan Experience"" ""Joe Rogan"" ""JRE #878"" JRE MMA UFC ""Ultimate Fighting Championship"" Onnit comedy comedian ""stand up"" funny jokes supplements DMT AYAHUASCA ""Aubrey Marcus""",12279,4977,public,4.0,0.0,https://i.ytimg.com/vi/2xplJOx3Vjw/default.jpg,1480375003,,Joe Rogan Experience #878 - Aubrey Marcus,zQUP1qoWDoEbmsQxvdjxgQ,560120,1480375003000,2016,11,28,878,560120,204,Aubrey Marcus
21/11/2016,PowerfulJRE,22,False,26209,"Jordan Peterson is a clinical psychologist and tenured professor of psychology at the University of Toronto. 

https://www.youtube.com/user/JordanPetersonVideos

http://www.selfauthoring.com/

100% off the Future Authoring Program code:

""ChangeYourself"" - The offer is extended until the end of December 7th",8519,2:50:06,04wyGK6k6HE,10206,False,True,"""Joe Rogan Experience"" podcast JRE UFC ""Ultimate Fighting Championship"" MMA ""Joe rogan"" ""Stand up"" comedian comedy funny jokes ""JRE #877"" 877 ""Jordan Peterson"" ""University of Toronto"" ""gender pronoun"" ideology Deathsquad ""Freak Party""",10206,159857,public,4.0,0.0,https://i.ytimg.com/vi/04wyGK6k6HE/default.jpg,1479770367,,Joe Rogan Experience #877 - Jordan Peterson,zQUP1qoWDoEbmsQxvdjxgQ,11450473,1479770367000,2016,11,21,877,11450473,170,Jordan Peterson
17/11/2016,PowerfulJRE,22,False,3344,"Shannon Briggs is an American professional boxer. A twenty-year veteran of the sport, he held the lineal heavyweight title from 1997 to 1998, and the WBO heavyweight title from 2006 to 2007.",393,1:44:37,iNxq97ictVw,6277,False,True,"""Joe Rogan Experience"" JRE ""Joe Rogan"" podcast UFC MMA ""Ultimate Fighting Championship"" ""JRE #875"" 875 ""Shannon Briggs"" ""the Cannon"" ""Let's Go Champ"" boxing heavyweight champion",6277,16240,public,4.0,0.0,https://i.ytimg.com/vi/iNxq97ictVw/default.jpg,1479432156,,Joe Rogan Experience #875 - Shannon Briggs,zQUP1qoWDoEbmsQxvdjxgQ,903569,1479432156000,2016,11,18,875,903569,104,Shannon Briggs
16/11/2016,PowerfulJRE,22,False,2212,"Scott Adams is creator of the Dilbert comic strip and the author of several nonfiction works of satire, commentary, business, and general speculation.",546,3:10:03,NJCJpmUAy0s,11403,False,True,"""Joe Rogan Experience"" ""Joe Rogan"" UFC mma JRE ""JRE #874"" 874 Dilbert ""Scott Adams"" funny jokes comic comedian comedy ""stand up"" Deathsquad ""Ultimate Fighting Championship"" ""Donald Trump"" President ""Freak Party""",11403,8836,public,4.0,0.0,https://i.ytimg.com/vi/NJCJpmUAy0s/default.jpg,1479364519,,Joe Rogan Experience #874 - Scott Adams,zQUP1qoWDoEbmsQxvdjxgQ,743239,1479364519000,2016,11,17,874,743239,190,Scott Adams
16/11/2016,PowerfulJRE,22,False,887,"Steven Kotler is a bestselling author, journalist, entrepreneur, and co-founder and Director of Research Flow Genome Project.",249,2:59:17,KNobzrnSRMc,10757,False,True,"""Joe Rogan Experience"" JRE Joe Rogan podcast UFC MMA comedy stand up Deathsquad funny Freak Party ""Joe Rogan"" Flow ""Steven Kotler"" ""JRE #873""",10757,4350,public,4.0,0.0,https://i.ytimg.com/vi/KNobzrnSRMc/default.jpg,1479288477,,Joe Rogan Experience #873 - Steven Kotler,zQUP1qoWDoEbmsQxvdjxgQ,444391,1479288477000,2016,11,16,873,444391,179,Steven Kotler
16/11/2016,PowerfulJRE,22,False,10652,"Graham Hancock is an English author and journalist, well known for books such as ""Fingerprints Of The Gods"" & his latest book ""Magicians of the Gods"" is available now. Randall Carlson is a master builder and architectural designer, teacher, geometrician, geomythologist, geological explorer and renegade scholar.

Comet Research Group Crowdfunding: https://www.indiegogo.com/projects/killer-comets-are-coming/

Magicians of the Gods: http://grahamhancock.com/magicians/

Graham Hancock website: http://grahamhancock.com/

Randall Carlson websites: http://sacredgeometryinternational.com/
& http://geocosmicrex.com/",6343,3:38:52,0H5LCLljJho,13132,False,True,"""Joe Rogan Experience"" JRE Joe Rogan podcast UFC MMA comedy stand up Deathsquad funny Freak Party ""Joe Rogan"" ""Graham Hancock"" ""Randall Carlson"" ""JRE #872"" 872 ""UFC 205""",13132,62126,public,4.0,0.0,https://i.ytimg.com/vi/0H5LCLljJho/default.jpg,1479173387,,Joe Rogan Experience #872 - Graham Hancock & Randall Carlson,zQUP1qoWDoEbmsQxvdjxgQ,8542467,1479173387000,2016,11,15,872,8542467,218,Graham Hancock & Randall Carlson
09/11/2016,PowerfulJRE,22,False,2443,"Brendan Schaub is a mixed martial artist and also a former college & pro football player. He also hosts a podcast with Bryan Callen called ""The Fighter & The Kid"" available on iTunes. 

Subscribe to The Fighter & The Kid on YouTube: https://www.youtube.com/channel/UC6AbsTfBMQ_dHjtipwh3bZg",618,1:57:06,BBLt67Va21Y,7026,False,True,"""Joe Rogan Experience"" JRE Joe Rogan podcast UFC MMA comedy stand up Deathsquad funny Freak Party ""Joe Rogan (Celebrity)"" ""Stand-up Comedy (TV Genre)"" Humor Comedian ""Brendan Schaub (Athlete)"" ""Ultimate Fighting Championship (Sports Association)"" ""JRE #871"" ""UFC 205"" ""Conor McGregor"" ""Eddie Alvarez"" ""Tyron Woodley"" Khabib Wonderboy ""Stephen Thompson"" ""Madison Square Garden""",7026,9764,public,4.0,0.0,https://i.ytimg.com/vi/BBLt67Va21Y/default.jpg,1478706636,,Joe Rogan Experience #871 - Brendan Schaub,zQUP1qoWDoEbmsQxvdjxgQ,1160008,1478706636000,2016,11,9,871,1160008,117,Brendan Schaub
31/10/2016,PowerfulJRE,22,False,1801,"Dave Rubin is an American stand-up comedian, talk show host, and television personality. He is the creator and host of political comedy talk show ""The Rubin Report"" - https://www.youtube.com/RubinReport",562,3:29:40,EIFZV89Zhp8,12580,False,True,"""Joe Rogan (Celebrity)"" ""Dave Rubin (TV Personality)"" ""Comedy (Theater Genre)"" ""Celebrity (Media Genre)"" ""Joe Rogan Experience"" Deathsquad ""Freak Party"" ""Ultimate Fighting Championship (Sports Association)"" UFC ""ORA TV"" TYT ""The Young Turks (Award-Winning Work)"" ""JRE #869"" 869 ""Election 2016"" ""Donald Trump"" ""Hillary Clinton""",12580,8866,public,4.0,0.0,https://i.ytimg.com/vi/EIFZV89Zhp8/default.jpg,1478325312,,Joe Rogan Experience #869 - Dave Rubin,zQUP1qoWDoEbmsQxvdjxgQ,710653,1478325312000,2016,11,5,869,710653,209,Dave Rubin
04/11/2016,PowerfulJRE,22,False,387,"Joe and John Dudley sat down to do a podcast while on a recent hunting trip in Iowa.

http://podcasts.joerogan.net",218,1:54:44,Nh9890JMuG4,6884,False,True,"""Joe Rogan Experience"" JRE Joe Rogan podcast UFC MMA comedy stand up Deathsquad funny Freak Party ""JRE #868"" 868 ""John Dudley"" Hunting Deer Arrow Bow ""Bow Hunting"" Hoyt ""Nock On"" NockOn",6884,535,public,3.0,0.0,https://i.ytimg.com/vi/Nh9890JMuG4/default.jpg,1477951770,,Joe Rogan Experience #868 - John Dudley (Audio Only),zQUP1qoWDoEbmsQxvdjxgQ,127790,1477951770000,2016,10,31,868,127790,114,John Dudley (Audio Only)
24/10/2016,PowerfulJRE,22,False,1549,"Christine Hassler is an author, speaker, and life coach. Check out her podcast ""Over It And On With It"" available on iTunes.",1064,2:20:09,1OppNik5nSM,8409,False,True,"""Joe Rogan Experience"" podcast ""JRE #866"" 866 ""Joe Rogan"" ""Christine Hassler"" mma UFC ""Ultimate Fighting Championship"" jokes ""stand up"" ""life coach"" funny comedian comedy",8409,3303,public,4.0,0.0,https://i.ytimg.com/vi/1OppNik5nSM/default.jpg,1477901987,,Joe Rogan Experience #866 - Christine Hassler,zQUP1qoWDoEbmsQxvdjxgQ,395765,1477901987000,2016,10,31,866,395765,140,Christine Hassler
25/10/2016,PowerfulJRE,22,False,2653,Joey “CoCo” Diaz is a Cuban-American stand up comedian and actor.  Joey also hosts his own podcast called “The Church of What’s Happening Now” -- https://www.youtube.com/madflavorsworld,2106,3:37:15,l1DXJ3uDVkQ,13035,False,True,"""Joe Rogan Experience"" podcast ""JRE #867"" 867 ""Joey Diaz"" ""Joe Rogan"" MMA UFC ""Ultimate FIghting Championship"" jokes funny comedy comedian ""stand up"" ""Church of What's Happening Now"" Deathsquad ""Freak Party""",13035,24471,public,4.0,0.0,https://i.ytimg.com/vi/l1DXJ3uDVkQ/default.jpg,1477444264,,Joe Rogan Experience #867 - Joey Diaz,zQUP1qoWDoEbmsQxvdjxgQ,3989315,1477444264000,2016,10,26,867,3989315,217,Joey Diaz
24/10/2016,PowerfulJRE,22,False,2771,"Wim Hof is a Dutch world record holder, adventurer and daredevil, commonly nicknamed the Iceman for his ability to withstand extreme cold.",484,2:22:16,H2NtdOKn630,8536,False,True,"""Joe Rogan Experience"" podcast ""Joe Rogan"" ""Wim Hof"" ""Wim Hof Method"" ""JRE #865"" 865 UFC MMA ""Ultimate Fighting Championship"" funny jokes ""stand up"" comedian comedy breathing oxygen acidic alkalyne alkaline ""ph level"" auto-immune ""auto immune""",8536,13471,public,4.0,0.0,https://i.ytimg.com/vi/H2NtdOKn630/default.jpg,1477348363,,Joe Rogan Experience #865 - Wim Hof,zQUP1qoWDoEbmsQxvdjxgQ,932108,1477348363000,2016,10,24,865,932108,142,Wim Hof
21/10/2016,PowerfulJRE,22,False,407,"Kevin ""The Soul Assassin"" Ross is an American Muay Thai kickboxer and former mixed martial artist. Gaston ""The Dreamkiller"" Bolanos is a professional Muay Thai fighter, recently signed to Bellator.",201,2:11:48,ANigdGqsAlE,7908,False,True,"""Joe Rogan Experience"" podcast ""JRE #864"" 864 ""Joe Rogan"" ""Ultimate Fighting Championship"" ""Lion Fights"" ""muay thai"" mma ""Kevin Ross"" ""Gaston Bolanos"" comedy ""stand up"" funny jokes fighing Bellator kickboxing",7908,2583,public,4.0,0.0,https://i.ytimg.com/vi/ANigdGqsAlE/default.jpg,1477014063,,Joe Rogan Experience #864 - Kevin Ross & Gaston Bolanos,zQUP1qoWDoEbmsQxvdjxgQ,275278,1477014063000,2016,10,21,864,275278,131,Kevin Ross & Gaston Bolanos
19/10/2016,PowerfulJRE,22,False,4194,"Duncan Trussell is a stand-up comedian, and host of his own podcast “The Duncan Trussell Family Hour”.",1447,3:10:17,sh8xuequtdo,11417,False,True,"""Joe Rogan Experience"" podcast ""JRE #863"" 863 ""Duncan Trussell"" DTFH ""Joe Rogan"" comedy coemdian funny jokes ""stand up"" Deathsquad ""Freak Party"" UFC mma ""Ultimate Fighting Championship""",11417,20000,public,4.0,0.0,https://i.ytimg.com/vi/sh8xuequtdo/default.jpg,1476929140,,Joe Rogan Experience #863 - Duncan Trussell,zQUP1qoWDoEbmsQxvdjxgQ,2241416,1476929140000,2016,10,20,863,2241416,190,Duncan Trussell
18/10/2016,PowerfulJRE,22,False,5521,"Trevor Valle is field paleontologist, scientist, and show host.

Link to video with missing audio: https://youtu.be/knWCsonQVG4",2101,3:02:29,w0tG7a2nn8A,10949,False,True,"""Joe Rogan Experience"" podcast ""JRE #862"" 862 ""Joe Rogan"" mma UFC science ""Trevor Valle"" ""Tattoos and Bones"" paleo paleontologist ""flat earth"" dinosaurs",10949,23495,public,4.0,0.0,https://i.ytimg.com/vi/w0tG7a2nn8A/default.jpg,1476859801,,Joe Rogan Experience #862 - Trevor Valle,zQUP1qoWDoEbmsQxvdjxgQ,1931854,1476859801000,2016,10,19,862,1931854,182,Trevor Valle
14/10/2016,PowerfulJRE,22,False,1241,"Bryan Callen is an actor and stand-up comedian, and together with Brendan Schaub he also hosts ""The Fighter & The Kid"" podcast. http://tfatk.com",542,2:59:51,LSILESmMWm4,10791,False,True,"""Joe Rogan Experience"" JRE Joe Rogan podcast UFC MMA comedy stand up Deathsquad funny Freak Party ""Joe Rogan (Celebrity)"" ""Bryan Callen (TV Actor)"" ""Stand-up Comedy (TV Genre)"" ""Television (Invention)"" Humor FTATK ""The Fighter & The Kid"" ""Brendan Schaub (Athlete)"" ""JRE #861"" 861",10791,4485,public,4.0,0.0,https://i.ytimg.com/vi/LSILESmMWm4/default.jpg,1476859800,,Joe Rogan Experience #861 - Bryan Callen,zQUP1qoWDoEbmsQxvdjxgQ,541206,1476859800000,2016,10,19,861,541206,179,Bryan Callen
13/10/2016,PowerfulJRE,22,False,1387,"Russell Peters is an actor and standup comedian, currently touring internationally all over the world. His latest stand-up comedy special ""Almost Famous"" is now on Netflix.",522,3:08:28,bGQxsgvOtqw,11308,False,True,"""Joe Rogan Experience"" podcast UFC mma ""Ultimate Fighting Championship"" JRE ""JRE #860"" 860 ""Russell Peters"" ""Joe Rogan"" ""stand up"" ""stand-up comedy"" jokes funny comedian comedy Deathsquad ""Freak Party""",11308,7081,public,4.0,0.0,https://i.ytimg.com/vi/bGQxsgvOtqw/default.jpg,1476411657,,Joe Rogan Experience #860 - Russell Peters,zQUP1qoWDoEbmsQxvdjxgQ,935074,1476411657000,2016,10,14,860,935074,188,Russell Peters
13/10/2016,PowerfulJRE,22,False,1332,"Brian Redban is a comedian and the founder of the Deathsquad podcast network. Check out his newest podcast called ""What Brian Redban Do"" at http://deathsquad.tv & on iTunes",356,3:24:53,4YxQVPES1fw,12293,False,True,"""Joe Rogan Experience"" podcast mma UFC ""Ultimate Fighting Championship"" Redban ""Joe Rogan"" Deathsquad ""Freak Party"" ""JRE #859"" 859 funny jokes ""stand up"" comedian comedy",12293,3284,public,4.0,0.0,https://i.ytimg.com/vi/4YxQVPES1fw/default.jpg,1476411177,,Joe Rogan Experience #859 - Brian Redban,zQUP1qoWDoEbmsQxvdjxgQ,448050,1476411177000,2016,10,14,859,448050,204,Brian Redban
12/10/2016,PowerfulJRE,22,False,20935,"Jesse Ventura is a former Navy SEAL, professional wrestler, actor, political commentator, author, and politician who served as the 38th Governor of Minnesota from 1999 to 2003.",4649,2:11:22,d2P1L_7uHrY,7882,False,True,"""Joe Rogan Experience"" podcast ""JRE #858"" 858 JRE ""Jesse Ventura"" MMA UFC ""Ultimate Fighting Championship"" ""Joe Rogan"" Deathsquad ""Freak Party"" funny jokes ""stand up"" comedy comedian",7882,59336,public,4.0,0.0,https://i.ytimg.com/vi/d2P1L_7uHrY/default.jpg,1476324245,,Joe Rogan Experience #858 - Jesse Ventura,zQUP1qoWDoEbmsQxvdjxgQ,5757010,1476324245000,2016,10,13,858,5757010,131,Jesse Ventura
05/10/2016,PowerfulJRE,22,False,1431,"Joe sits down to do a late-night podcast from a hotel room in Ohio with Tony Hinchcliffe & Young Jamie.

http://podcasts.joerogan.net

Kill Tony on YouTube - https://www.youtube.com/channel/UCwzCMiicL-hBUzyjWiJaseg",286,1:45:52,sywnldE9YIA,6352,False,True,"""Joe Rogan Experience"" JRE Joe Rogan podcast UFC MMA comedy stand up Deathsquad funny Freak Party ""JRE #856"" ""Tony Hinchcliffe"" ""Young Jamie"" ""Jamie Vernon"" 856 ""Joe Rogan"" Columbus OHIO",6352,4421,public,4.0,0.0,https://i.ytimg.com/vi/sywnldE9YIA/default.jpg,1475545848,,Joe Rogan Experience #856 - Tony Hinchcliffe & Young Jamie,zQUP1qoWDoEbmsQxvdjxgQ,458165,1475545848000,2016,10,4,856,458165,105,Tony Hinchcliffe & Young Jamie
28/09/2016,PowerfulJRE,22,False,2314,"Tom Segura & Christina Pazsitzky are stand-up comedians, and together host their own podcast called ""Your Mom's House"" https://www.youtube.com/YourMomsHousePodcast http://www.yourmomshousepodcast.com",1067,3:25:01,riYY_tWgcIY,12301,False,True,"""Joe Rogan Experience"" ""Your Mom's House Podcast"" podcast ""Joe Rogan"" ""Tom Segura"" ""Christina Pazsitzky"" ""JRE #855"" 855 JRE mma UFC ""Ultimate Fighting Championship"" non-binary poly comedy comedian funny jokes ""stand up""",12301,15070,public,4.0,0.0,https://i.ytimg.com/vi/riYY_tWgcIY/default.jpg,1475362462,,Joe Rogan Experience #855 - Tom Segura & Christina Pazsitzky,zQUP1qoWDoEbmsQxvdjxgQ,2081097,1475362462000,2016,10,1,855,2081097,205,Tom Segura & Christina Pazsitzky
01/10/2016,PowerfulJRE,22,False,2222,"Louie Simmons is an American powerlifter and strength coach. He is noted for owning a private powerlifting gym, Westside Barbell; developing the 'Westside Barbell' method of training and applying it to powerlifting and other sports; and inventing several pieces of strength training equipment.",631,1:36:47,U_qkB5905FU,5807,False,True,"""Joe Rogan Experience"" JRE Joe Rogan podcast UFC MMA comedy stand up Deathsquad funny Freak Party ""Louis Simmons"" ""Louie Simmons"" ""Westside Barbell"" ""JRE #854"" 854 ""Ultimate Fighting Championship"" ""Joe Rogan"" ""Power lifting"" weightlifting",5807,11106,public,4.0,0.0,https://i.ytimg.com/vi/U_qkB5905FU/default.jpg,1475124185,,Joe Rogan Experience #854 - Louie Simmons,zQUP1qoWDoEbmsQxvdjxgQ,910003,1475124185000,2016,9,29,854,910003,96,Louie Simmons
27/09/2016,PowerfulJRE,22,False,1015,Adam Greentree is a bowhunter and photographer from Australia.,455,3:09:30,Xcq9BhnNa7w,11370,False,True,"""Joe Rogan Experience"" podcast ""JRE #853"" 853 ""Adam Greentree"" UFC MMA ""Ultimate Fighting Championship"" hunting ""bow hunting"" bow arrow photography Australia outback ""night photography""",11370,5825,public,4.0,0.0,https://i.ytimg.com/vi/Xcq9BhnNa7w/default.jpg,1475025091,,Joe Rogan Experience #853 - Adam Greentree,zQUP1qoWDoEbmsQxvdjxgQ,647141,1475025091000,2016,9,28,853,647141,189,Adam Greentree
26/09/2016,PowerfulJRE,22,False,8045,"John Anthony West is an author, lecturer, guide and a proponent of Sphinx water erosion hypothesis in geology. 
http://www.jawest.net/",3654,3:05:54,bGu7MLp574A,11154,False,True,"""Joe Rogan Experience"" JRE ""Joe Rogan"" MMA UFC ""Ultimate Fighting Championship"" ""John Anthony West"" ""Ancient Egpyt"" Sphinx ""Great Pyramid"" Cairo Egypt ""JRE #852"" 852 comedian comedy jokes ""stand up"" funny podcast",11154,35659,public,4.0,0.0,https://i.ytimg.com/vi/bGu7MLp574A/default.jpg,1474928654,,Joe Rogan Experience #852 - John Anthony West,zQUP1qoWDoEbmsQxvdjxgQ,4430582,1474928654000,2016,9,26,852,4430582,185,John Anthony West
22/09/2016,PowerfulJRE,22,False,770,"Shane Mauss is a stand-up comedian and also hosts his own podcast called ""Here We Are"" available on iTunes. You can also check out his Netflix special called ""Mating Season"". http://shanemauss.com",268,2:44:56,JBSzuTvd7Kk,9896,False,True,"""Joe Rogan Experience"" podcast ""Shane Mauss"" comedian comedy ""stand up"" funny jokes laugh ""Joe Rogan"" mma UFC ""Ultimate Fighting Championship"" ""JRE #851"" 851 Deathsquad ""Freak Party""",9896,3068,public,4.0,0.0,https://i.ytimg.com/vi/JBSzuTvd7Kk/default.jpg,1474591491,,Joe Rogan Experience #851 - Shane Mauss,zQUP1qoWDoEbmsQxvdjxgQ,339040,1474591491000,2016,9,23,851,339040,164,Shane Mauss
20/09/2016,PowerfulJRE,22,False,1552,"George Perez is a stand up comedian. Previously seen on Comedy Central, Showtime, and MTV's ""Yo Mama"", you can now see George headlining all over the country.",282,2:56:38,Wnb6jXg0VB4,10598,False,True,"""Joe Rogan Experience"" podcast ""JRE #850"" 850 JRE ""Joe Rogan"" mma UFC ""Ultimate Fighting Championship"" comedian comedy jokes funny laugh ""George Perez"" ""Yo Mama"" Deathsquad ""Freak Party"" ""prison stories""",10598,7428,public,4.0,0.0,https://i.ytimg.com/vi/Wnb6jXg0VB4/default.jpg,1474416330,,Joe Rogan Experience #850 - George Perez,zQUP1qoWDoEbmsQxvdjxgQ,663519,1474416330000,2016,9,21,850,663519,176,George Perez
20/09/2016,PowerfulJRE,22,False,1001,"James Kingston is a British freerunner, adventurer, and YouTuber, where he can be seen climbing some of the world's tallest buildings and cranes. https://www.youtube.com/jamesmedias",243,1:21:10,19bAXOQ-BEA,4870,False,True,"""Joe Rogan Experience"" mma UFC ""Ultimate Fighting Championship"" ""James Kingston"" ""Crazy Russians"" ""JRE #849"" 849 parkour ""free running"" ""Joe Rogan"" ""Eiffel Tower"" climbing adventure ""extreme sports"" go-pro",4870,5459,public,4.0,0.0,https://i.ytimg.com/vi/19bAXOQ-BEA/default.jpg,1474415463,,Joe Rogan Experience #849 - James Kingston,zQUP1qoWDoEbmsQxvdjxgQ,423986,1474415463000,2016,9,20,849,423986,81,James Kingston
17/09/2016,PowerfulJRE,22,False,1393,"Bryan Callen is an actor and stand-up comedian, and together with Brendan Schaub he also hosts ""The Fighter & The Kid"" podcast. http://tfatk.com",472,2:25:54,oxGQ-1WOZhk,8754,False,True,"""Joe Rogan Experience"" JRE Joe Rogan podcast UFC MMA comedy stand up Deathsquad funny Freak Party ""Joe Rogan (Celebrity)"" ""Bryan Callen (TV Actor)"" ""Stand-up Comedy (TV Genre)"" ""Television (Invention)"" Humor FTATK ""The Fighter & The Kid"" ""Brendan Schaub (Athlete)"" ""JRE #848"" 848",8754,4792,public,4.0,0.0,https://i.ytimg.com/vi/oxGQ-1WOZhk/default.jpg,1474000046,,Joe Rogan Experience #848 - Bryan Callen,zQUP1qoWDoEbmsQxvdjxgQ,571652,1474000046000,2016,9,16,848,571652,145,Bryan Callen
14/09/2016,PowerfulJRE,22,False,1691,"Dan Carlin is an amateur historian and former radio talk show host. He now hosts two popular podcasts available on iTunes, or through his website, to download: Common Sense and Hardcore History.",732,3:01:00,VgNq12jnj1s,10860,False,True,"""Joe Rogan Experience"" podcast JRE ""Joe Rogan"" MMA UFC ""Ultimate Fighing Championship"" ""Dan Carlin"" history ""Hardcore History"" ""Common Sense"" ""JRE #847"" 847 comedy comedian jokes funny ""JFK assassination""",10860,10636,public,4.0,0.0,https://i.ytimg.com/vi/VgNq12jnj1s/default.jpg,1473901519,,Joe Rogan Experience #847 - Dan Carlin,zQUP1qoWDoEbmsQxvdjxgQ,1206480,1473901519000,2016,9,15,847,1206480,181,Dan Carlin
12/09/2016,PowerfulJRE,22,False,1804,"Michael Shermer is a science writer, historian of science, founder of The Skeptics Society, and Editor in Chief of its magazine Skeptic, which is largely devoted to investigating pseudoscientific and supernatural claims.",919,2:57:28,V-hYHqnyhvI,10648,False,True,"""Joe Rogan Experience"" JRE ""Joe Rogan"" ""Michael Shermer"" ""JRE #846"" 846 UFC MMA ""Ultimate Fighting Championship"" ""Skeptic Magazine"" skeptic comedian comedy jokes funny laugh ""stand up""",10648,7623,public,4.0,0.0,https://i.ytimg.com/vi/V-hYHqnyhvI/default.jpg,1473719706,,Joe Rogan Experience #846 - Michael Shermer,zQUP1qoWDoEbmsQxvdjxgQ,1229423,1473719706000,2016,9,12,846,1229423,177,Michael Shermer
07/09/2016,PowerfulJRE,22,False,2234,"TJ Dillashaw is a mixed martial arts fighter and former Bantamweight champion currently fighting in the UFC. Duane Ludwig is a former mixed martial arts fighter and is now a coach. Bas Rutten is a retired MMA fighter and former UFC Heavyweight Champion.  He currently is the co-host of Inside MMA, and hosts a podcast with Mauro Ranallo called ""Rutten & Ranallo"" available on iTunes.",728,2:23:56,c7cHV_35F6E,8636,False,True,"""Joe Rogan Experience"" JRE Joe Rogan podcast UFC MMA comedy stand up Deathsquad funny ""Ultimate Fighting Championship (Organization)"" ""Stand-up Comedy (TV Genre)"" ""TJ Dillashaw"" ""Duane Ludwig (TV Actor)"" ""Bang Muy Thai"" ""Bas Rutten"" ""Joe Rogan"" ""JRE #845"" 845 ""UFC 203"" 203",8636,8837,public,4.0,0.0,https://i.ytimg.com/vi/c7cHV_35F6E/default.jpg,1473291855,,"Joe Rogan Experience #845 - TJ Dillashaw, Duane Ludwig & Bas Rutten",zQUP1qoWDoEbmsQxvdjxgQ,1556361,1473291855000,2016,9,7,845,1556361,143,"TJ Dillashaw, Duane Ludwig & Bas Rutten"
06/09/2016,PowerfulJRE,22,False,2376,"Andreas Antonopoulos is a bitcoin entrepreneur, he also serves on the advisory boards of several bitcoin startups and serves as the Chief Security Officer of Blockchain.

Links to ""The Internet of Money"":

Paperback - https://www.amazon.com/Internet-Money-Andreas-M-Antonopoulos/dp/1537000454

Kindle - https://www.amazon.com/Internet-Money-collection-Andreas-Antonopoulos-ebook/dp/B01L9WM0H8/

Give-away (No purchase necessary)

(5)Paperbacks - https://giveaway.amazon.com/p/e9a610a7c83ddeff?ref_=pe_1771210_134854370#ln-fo

(5)Kindle copies - https://giveaway.amazon.com/p/8ac158adbe11d197?ref_=pe_1771210_134854370#ln-fo",435,2:18:47,1sOxtBiBpE4,8327,False,True,"""Joe Rogan Experience"" JRE Joe Rogan podcast UFC MMA comedy stand up Deathsquad funny ""Joe Rogan (Celebrity)"" ""Andreas Antonopoulos"" ""Crypto Currenct"" Crypto ""Freak Party"" ""Stand-up Comedy (TV Genre)"" Humor Bitcoin ""JRE #844"" 844",8327,9906,public,4.0,0.0,https://i.ytimg.com/vi/1sOxtBiBpE4/default.jpg,1473207221,,Joe Rogan Experience #844 - Andreas Antonopoulos,zQUP1qoWDoEbmsQxvdjxgQ,706841,1473207221000,2016,9,7,844,706841,138,Andreas Antonopoulos
05/09/2016,PowerfulJRE,22,False,1353,"Tony Hinchcliffe is a stand-up comedian, writer, and actor. Tony also hosts his own podcast called ""Kill Tony"" with Redban, and it's available on iTunes and and YouTube at: https://www.youtube.com/channel/UCwzCMiicL-hBUzyjWiJaseg",537,2:42:49,gRkeaH1WmnE,9769,False,True,"""Joe Rogan Experience"" podcast ""JRE #843"" 843 ""Joe Rogan"" ""Tony Hinchcliffe"" ""Brian Redban"" redban UFC ""Ultimate Fighting Championship"" mma fighting comedy comedian jokes funny laugh hilarious ""stand up"" roast ""ann coulter"" ""rob lowe""",9769,4429,public,4.0,0.0,https://i.ytimg.com/vi/gRkeaH1WmnE/default.jpg,1473108262,,Joe Rogan Experience #843 - Tony Hinchcliffe,zQUP1qoWDoEbmsQxvdjxgQ,593614,1473108262000,2016,9,5,843,593614,162,Tony Hinchcliffe
03/09/2016,PowerfulJRE,22,False,1776,"Chris Kresser is a health detective specializing in investigative medicine, blogger, podcaster, teacher and a Paleo diet and lifestyle enthusiast.",671,2:24:28,v_2vNj8pshY,8668,False,True,"""Joe Rogan Experience"" podcast JRE ""JRE #842"" 842 ""Joe Rogan"" ""Chris Kresser"" Paleo diet lifestyle food gut probiotics comedy funny jokes ""stand up"" UFC ""Ultimate Fighting Championship"" comedian",8668,6143,public,4.0,0.0,https://i.ytimg.com/vi/v_2vNj8pshY/default.jpg,1472706856,,Joe Rogan Experience #842 - Chris Kresser,zQUP1qoWDoEbmsQxvdjxgQ,489060,1472706856000,2016,9,1,842,489060,144,Chris Kresser
30/08/2016,PowerfulJRE,22,False,1087,"Greg Fitzsimmons is a stand-up comedian. He also hosts his own podcast ""FitzDog Radio"" available on iTunes.",402,3:14:46,XUXtHzOFOqE,11686,False,True,"""Joe Rogan Experience"" JRE Joe Rogan podcast UFC MMA comedy stand up Deathsquad funny Freak Party ""GReg Fitzsimmons"" ""Joe Rogan"" comedian ""JRE #841"" 841",11686,3139,public,4.0,0.0,https://i.ytimg.com/vi/XUXtHzOFOqE/default.jpg,1472604553,,Joe Rogan Experience #841 - Greg Fitzsimmons,zQUP1qoWDoEbmsQxvdjxgQ,411465,1472604553000,2016,8,31,841,411465,194,Greg Fitzsimmons
29/08/2016,PowerfulJRE,22,False,3683,Donald Cerrone is a professional mixed martial artist and former professional kickboxer currently competing in the UFC's welterweight division.,846,3:24:13,dIFjasurnb0,12253,False,True,"""Joe Rogan Experience"" podcast mma UFC ""Ultimate Fighting Championship"" JRE ""Donal Cerrone"" ""Cowboy Cerrone"" Cowboy ""Joe Rogan"" fighting ""stand up"" comedy funny jokes laugh ""JRE #840"" 840",12253,16165,public,4.0,0.0,https://i.ytimg.com/vi/dIFjasurnb0/default.jpg,1472515111,,Joe Rogan Experience #840 - Donald Cerrone,zQUP1qoWDoEbmsQxvdjxgQ,1816752,1472515111000,2016,8,29,840,1816752,204,Donald Cerrone
27/08/2016,PowerfulJRE,22,False,542,"Tom Papa is a comedian, actor, writer and television/radio host. Check out his podcast ""Come To Papa"" available to download on iTunes & Stitcher.",258,2:59:07,-elDJUd6Tqw,10747,False,True,"""Joe Rogan Experience"" podcast ""JRE #839"" 839 ""Joe Rogan"" ""Tom Papa"" UFC ""ultimate Fighting Championship"" MMA mma comedy funny jokes comedian ""stand up comedy"" ""stand up"" deathsquad",10747,2862,public,4.0,0.0,https://i.ytimg.com/vi/-elDJUd6Tqw/default.jpg,1472016575,,Joe Rogan Experience #839 - Tom Papa,zQUP1qoWDoEbmsQxvdjxgQ,323406,1472016575000,2016,8,24,839,323406,179,Tom Papa
23/08/2016,PowerfulJRE,22,False,1139,Josh Zepps is the host of #WeThePeople LIVE available on iTunes (https://t.co/6eWfSu8tRM) and at http://wtplive.com,238,3:13:33,qrdttfch9Q0,11613,False,True,"""Joe Rogan Experience"" JRE Joe Rogan podcast UFC MMA comedy stand up Deathsquad funny Freak Party ""Joe Rogan (Celebrity)"" Humor ""Stand-up Comedy (TV Genre)"" ""Josh Zepps"" ""HuffPost Live (Award-Winning Work)"" ""We The People Live"" ""JRE #838"" 838",11613,2140,public,4.0,0.0,https://i.ytimg.com/vi/qrdttfch9Q0/default.jpg,1472016480,,Joe Rogan Experience #838 - Josh Zepps,zQUP1qoWDoEbmsQxvdjxgQ,310055,1472016480000,2016,8,24,838,310055,193,Josh Zepps
23/08/2016,PowerfulJRE,22,False,1476,"Gad Saad is Professor of Marketing & Concordia University Research Chair in Evolutionary Behavioral Sciences and Darwinian Consumption and author of ""The Evolutionary Bases of Consumption"" and ""The Consuming Instinct""

""The Saad Truth"" on YouTube -- https://www.youtube.com/playlist?list=PLa-VfOWrqWJ1TUk6pvudnkhI91whoR7XP",303,2:40:01,TjBgeuTvnnk,9601,False,True,"""Joe Rogan Experience"" podcast ""Gad Saad"" ""Joe Rogan"" MMA comedy comedian ""Ultimate Fighting Championship"" UFC Deathsquad ""Freak Party"" ""Saad Truth"" funny JRE ""JRE #837"" 837",9601,4883,public,4.0,0.0,https://i.ytimg.com/vi/TjBgeuTvnnk/default.jpg,1471935339,,Joe Rogan Experience #837 - Gad Saad,zQUP1qoWDoEbmsQxvdjxgQ,405349,1471935339000,2016,8,23,837,405349,160,Gad Saad
22/08/2016,PowerfulJRE,22,False,2434,"Hannibal Buress is a stand-up comedian, actor, television writer and host. Look for his Hannibal Montanabal Tour all over the country this fall. http://hannibalburess.com",704,2:52:40,K0rPG8AkpDI,10360,False,True,"""Joe Rogan Experience"" podcast ""Joe Rogan"" JRE UFC MMA ""Hannibal Buress"" ""JRE #836"" 836 comedian comedy jokes ""stand up"" funny laugh hilarious ""Ultimate Fighting Championship"" ""UFC 202"" ""Conor McGregor"" ""Nate Diaz"" ""Diaz vs McGregor 2""",10360,10789,public,4.0,0.0,https://i.ytimg.com/vi/K0rPG8AkpDI/default.jpg,1471927691,,Joe Rogan Experience #836 - Hannibal Buress,zQUP1qoWDoEbmsQxvdjxgQ,1221783,1471927691000,2016,8,23,836,1221783,172,Hannibal Buress
22/08/2016,PowerfulJRE,22,False,6619,"Louis Theroux is best known for his documentaries in the television series ""Louis Theroux's Weird Weekends"" and ""When Louis Met..."", as well as his Louis Theroux's BBC Two specials.",3627,2:23:46,uXyS-74sRTE,8626,False,True,"""Joe Rogan Experience"" ""JRE #836"" 836 ""Joe Rogan"" comedy comedian jokes funny UFC ""Ultimate Fighting Championship"" mma scientology documentary ""Louis Theroux"" ""UFC 202""",8626,42606,public,4.0,0.0,https://i.ytimg.com/vi/uXyS-74sRTE/default.jpg,1471556389,,Joe Rogan Experience #835 - Louis Theroux,zQUP1qoWDoEbmsQxvdjxgQ,6958597,1471556389000,2016,8,18,835,6958597,143,Louis Theroux
18/08/2016,PowerfulJRE,22,False,571,"Dan Doty is a writer, producer, and cameraman for MeatEater TV. 

(This episode was recorded on location)",498,1:36:09,z22axzm3ias,5769,False,True,"""Joe Rogan Experience"" JRE Joe Rogan podcast UFC MMA comedy stand up Deathsquad funny Freak Party ""Dan Doty"" ""Joe Rogan"" ""JRE #834"" 834 MeatEater hunting",5769,1147,public,3.0,0.0,https://i.ytimg.com/vi/z22axzm3ias/default.jpg,1470967541,,Joe Rogan Experience #834 - Dan Doty,zQUP1qoWDoEbmsQxvdjxgQ,184195,1470967541000,2016,8,12,834,184195,96,Dan Doty
11/08/2016,PowerfulJRE,22,False,2186,"Brian Redban is a comedian and the founder of the Deathsquad podcast network. Check out his newest podcast called ""What Brian Redban Do"" at http://deathsquad.tv & on iTunes",376,3:24:22,JGakNyTMyNY,12262,False,True,"""Joe Rogan Experience"" JRE Joe Rogan podcast UFC MMA comedy stand up Deathsquad funny Freak Party ""Brian Redban"" comedian ""JRE #833"" 833",12262,4007,public,4.0,0.0,https://i.ytimg.com/vi/JGakNyTMyNY/default.jpg,1470879360,,Joe Rogan Experience #833 - Brian Redban,zQUP1qoWDoEbmsQxvdjxgQ,553679,1470879360000,2016,8,11,833,553679,204,Brian Redban
10/08/2016,PowerfulJRE,22,False,644,Vinny Shoreman is a mind coach and kickboxing & muay thai commentator and coach.,260,2:03:37,DLH3C_EJE-w,7417,False,True,"""Joe Rogan Experience"" JRE Joe Rogan podcast UFC MMA comedy stand up Deathsquad funny ""Joe Rogan (Celebrity)"" Humor ""Stand-up Comedy (TV Genre)"" ""Hypnosis (Film Subject)"" ""self help"" ""Joe Schilling (Martial Artist)"" ""Martial Arts (Sport)"" ""Muay Thai (Martial Art)"" ""Kickboxing (Martial Art)"" ""Freak Party"" ""Vinny Shoreman"" ""JRE #832"" 832",7417,1813,public,4.0,0.0,https://i.ytimg.com/vi/DLH3C_EJE-w/default.jpg,1470779494,,Joe Rogan Experience #832 - Vinny Shoreman,zQUP1qoWDoEbmsQxvdjxgQ,237746,1470779494000,2016,8,9,832,237746,123,Vinny Shoreman
09/08/2016,PowerfulJRE,22,False,1594,"Byron Bowers is a stand up comedian, who can be seen performing all over the country including The Comedy Store in Hollywood, CA.",1255,3:01:14,zcIl0woE7nI,10874,False,True,"""Joe Rogan Experience"" ""Joe Rogan"" JRE ""JRE #831"" 831 ""Byron Bowers"" UFC ""Ultimate Fighting Championship"" MMA comedy comedian funny jokes laugh storytellers",10874,1914,public,3.0,0.0,https://i.ytimg.com/vi/zcIl0woE7nI/default.jpg,1470282120,,Joe Rogan Experience #831 - Byron Bowers,zQUP1qoWDoEbmsQxvdjxgQ,234962,1470282120000,2016,8,4,831,234962,181,Byron Bowers
03/08/2016,PowerfulJRE,22,False,1057,"Neal Brennan is a stand-up comedian, actor, writer, director and producer. He is known for co-creating and co-writing ""Chappelle's Show"" with Dave Chappelle.",320,3:12:48,Y9Us4QH7JbY,11568,False,True,"""Joe Rogan Experience"" ""JRE #830"" 830 ""Joe Rogan"" ""Neal Brennan"" Champs ""Chapelle's Show"" comedy jokes ""stand up"" funny comedian Deathsquad ""Freak Party"" UFC ""Ultimate Fighting Championship""",11568,3163,public,4.0,0.0,https://i.ytimg.com/vi/Y9Us4QH7JbY/default.jpg,1470192256,,Joe Rogan Experience #830 - Neal Brennan,zQUP1qoWDoEbmsQxvdjxgQ,459364,1470192256000,2016,8,3,830,459364,192,Neal Brennan
02/08/2016,PowerfulJRE,22,False,1074,"Wayne Federman is an American comedian, actor, author, comedy writer, and musician.",434,2:59:39,_0OoG7OKnZY,10779,False,True,"""Joe Rogan Experience"" podcast ""JRE #829"" 829 ""Joe Rogan"" ""Wayne Federman"" MMA UFC ""Ultimate Fighting Championship"" comedy comedian jokes funny ""stand up"" Deathsquad ""Freak Party""",10779,1552,public,4.0,0.0,https://i.ytimg.com/vi/_0OoG7OKnZY/default.jpg,1470105154,,Joe Rogan Experience #829 - Wayne Federman,zQUP1qoWDoEbmsQxvdjxgQ,221929,1470105154000,2016,8,2,829,221929,179,Wayne Federman
01/08/2016,PowerfulJRE,22,False,4222,"Duncan Trussell is a stand-up comedian, and host of his own podcast “The Duncan Trussell Family Hour”.

http://podcasts.joerogan.net
http://duncantrussell.com",1245,3:43:48,UJd1Q6hFff8,13428,False,True,"""Joe Rogan Experience"" podcast MMA UFC ""Ultimate Fighting Championship"" JRE ""JRE #828"" 828 ""Joe Rogan"" ""Duncan Trussell"" comedy funny jokes ""stand up"" comedian ""Duncan Trussell Family Hour""",13428,15885,public,4.0,0.0,https://i.ytimg.com/vi/UJd1Q6hFff8/default.jpg,1469849029,,Joe Rogan Experience #828 - Duncan Trussell,zQUP1qoWDoEbmsQxvdjxgQ,2077147,1469849029000,2016,7,30,828,2077147,223,Duncan Trussell
29/07/2016,PowerfulJRE,22,False,1493,Joe sits down in a hotel room in Atlanta to answer some questions from fans on Twitter.,273,1:46:22,iwcP6dAAffs,6382,False,True,"""Joe Rogan Experience"" JRE Joe Rogan podcast UFC MMA comedy stand up Deathsquad funny Freak Party ""JRE #827"" 827 ""UFC 201"" ""Joe Rogan"" Twitter Questions Answers AMA ""Q & A""",6382,3905,public,4.0,0.0,https://i.ytimg.com/vi/iwcP6dAAffs/default.jpg,1469664811,,Joe Rogan Experience #827 - Twitter Q&A with Joe,zQUP1qoWDoEbmsQxvdjxgQ,359867,1469664811000,2016,7,28,827,359867,106,Twitter Q&A with Joe
27/07/2016,PowerfulJRE,22,False,1578,Justin Wren is an American MMA fighter. Justin is currently fighting in Bellator to help raise more awareness for helping the Pygmy people of the Democratic Republic of the Congo.,208,2:25:48,GBlXxfoGkpU,8748,False,True,"""Joe Rogan Experience"" JRE ""JRE #825"" 825 MMA UFC ""Ultimate Fighting Championship"" ""Joe Rogan"" ""Justin Wren"" ""Fight for the Forgotten"" ""Water 4"" Congo DRC ""pygmy people"" Deathsquad ""Freak Party""",8748,5453,public,4.0,0.0,https://i.ytimg.com/vi/GBlXxfoGkpU/default.jpg,1469578128,,Joe Rogan Experience #826 - Justin Wren,zQUP1qoWDoEbmsQxvdjxgQ,372131,1469578128000,2016,7,27,826,372131,145,Justin Wren
26/07/2016,PowerfulJRE,22,False,1570,Jeremy Stephens is an MMA fighter currently fighting in the UFC's featherweight division.,298,2:32:23,jUKV8xbXod8,9143,False,True,"""Joe Rogan Experience"" ""JRE #825"" 825 JRE ""Jeremy Stephens"" ""Joe Rogan"" UFC ""Ultimate Fighting Championship"" MMA fighting comedy comedian funny jokes Onnit",9143,3824,public,4.0,0.0,https://i.ytimg.com/vi/jUKV8xbXod8/default.jpg,1469132202,,Joe Rogan Experience #825 - Jeremy Stephens,zQUP1qoWDoEbmsQxvdjxgQ,480948,1469132202000,2016,7,21,825,480948,152,Jeremy Stephens
21/07/2016,PowerfulJRE,22,False,1961,"Bryan Callen is an actor and stand-up comedian, and together with Brendan Schaub he also hosts ""The Fighter & The Kid"" podcast.",298,2:13:15,5CZPbcrZhOc,7995,False,True,"""Joe Rogan Experience"" JRE Joe Rogan podcast UFC MMA comedy stand up Deathsquad funny Freak Party ""Joe Rogan (Celebrity)"" ""Bryan Callen (TV Actor)"" ""Stand-up Comedy (TV Genre)"" ""Television (Invention)"" Humor FTATK ""The Fighter & The Kid"" ""Brendan Schaub (Athlete)"" ""JRE #824"" 824",7995,5361,public,4.0,0.0,https://i.ytimg.com/vi/5CZPbcrZhOc/default.jpg,1468284769,,Joe Rogan Experience #824 - Bryan Callen,zQUP1qoWDoEbmsQxvdjxgQ,624164,1468284769000,2016,7,12,824,624164,133,Bryan Callen
11/07/2016,PowerfulJRE,22,False,1121,Eleanor Kerrigan is a former waitress at The Comedy Store and is now a stand up performing all over the country.,584,2:35:32,XMu33bKLdhw,9332,False,True,"""Joe Rogan Experience"" podcast ""JRE #823"" 823 JRE UFC MMA ""Ultimate Fighting Championship"" ""Joe Rogan"" jokes funny comedy comedian ""stand up"" ""Eleanor Kerrigan"" Redban ""Andrew Dice Clay""",9332,1934,public,4.0,0.0,https://i.ytimg.com/vi/XMu33bKLdhw/default.jpg,1468284524,,Joe Rogan Experience #823 - Eleanor Kerrigan,zQUP1qoWDoEbmsQxvdjxgQ,354301,1468284524000,2016,7,12,823,354301,155,Eleanor Kerrigan
11/07/2016,PowerfulJRE,22,False,6437,"Chael Sonnen is a retired mixed martial artist who last competed in the light heavyweight division of the UFC. He also hosts his own podcast called ""You're Welcome with Chael Sonnen"" available on iTunes.",2560,2:24:08,rAnLPKGbytU,8648,False,True,"""Joe Rogan Experience"" podcast ""JRE #822"" 822 ""Joe Rogan"" ""Chael Sonnen"" UFC ""UFC 200"" ""Jon Jones"" ""Ultimate Fighting Championship"" funny hilarious comedy comedian jokes ""stand up"" MMA",8648,38939,public,4.0,0.0,https://i.ytimg.com/vi/rAnLPKGbytU/default.jpg,1467957822,,Joe Rogan Experience #822 - Chael Sonnen,zQUP1qoWDoEbmsQxvdjxgQ,5242009,1467957822000,2016,7,8,822,5242009,144,Chael Sonnen
06/07/2016,PowerfulJRE,23,False,9855,"Milo Yiannopoulos is a writer and broadcaster. He is a senior editor at Breitbart.com and hosts ""The Milo Yiannopoulos Show"" podcast available on iTunes.",3566,2:55:19,LnH67G7vAu4,10519,False,True,"JRE ""Joe Rogan Experience"" MMA UFC ""Ultimate FIghting Championship"" ""Milo Yiannopoulos"" Nero Breitbart funny jokes comedy comedian ""stand up"" ""JRE #820"" 820 Deathsquad ""Freak Party""",10519,31910,public,4.0,0.0,https://i.ytimg.com/vi/LnH67G7vAu4/default.jpg,1467766280,,Joe Rogan Experience #820 - Milo Yiannopoulos,zQUP1qoWDoEbmsQxvdjxgQ,2369940,1467766280000,2016,7,6,820,2369940,175,Milo Yiannopoulos
05/07/2016,PowerfulJRE,22,False,1450,"Brendan Schaub is a mixed martial artist and also a former college & pro football player. He also hosts a podcast with Bryan Callen called ""The Fighter & The Kid"" available on iTunes.",413,2:40:22,Kh0hhkPcIEA,9622,False,True,"""Joe Rogan Experience"" JRE Joe Rogan podcast UFC MMA comedy stand up Deathsquad funny Freak Party ""Joe Rogan (Celebrity)"" ""Stand-up Comedy (TV Genre)"" Humor Comedian ""Brendan Schaub (Athlete)"" ""Ultimate Fighting Championship (Sports Association)"" ""José Aldo (Athlete)"" ""UFC 200"" ""Jon Jones"" ""Daniel Cormier"" ""Brock Lesnar"" ""Mark Hunt"" ""TJ Dillashaw"" ""Sage Northcutt""",9622,5620,public,4.0,0.0,https://i.ytimg.com/vi/Kh0hhkPcIEA/default.jpg,1467666331,,Joe Rogan Experience #819 - Brendan Schaub,zQUP1qoWDoEbmsQxvdjxgQ,810766,1467666331000,2016,7,4,819,810766,160,Brendan Schaub
04/07/2016,PowerfulJRE,22,False,1752,"Before becoming a door guy at The Comedy Store, Mike Schmidt worked for over 10 years as a criminal defense attorney in Wisconsin.",1256,2:23:53,VW_mTW_p5yQ,8633,False,True,"""Joe Rogan Experience"" podcast JRE ""JRE #818"" MMA UFC ""Ultimate Fighting Championship"" funny comedy comedian jokes ""The Comedy Store"" ""Mike Schmidt"" ""defense attorney"" ""crminal law"" wisconsin",8633,6490,public,4.0,0.0,https://i.ytimg.com/vi/VW_mTW_p5yQ/default.jpg,1467324382,,Joe Rogan Experience #818 - Mike Schmidt,zQUP1qoWDoEbmsQxvdjxgQ,591877,1467324382000,2016,6,30,818,591877,143,Mike Schmidt
30/06/2016,PowerfulJRE,22,False,716,"Jason Hairston is a former NFL player and founder of KUIU, an ""Ultralight Mountain Hunting Gear"" company. Brendan Burns is an accomplished mountain hunter and manages KUIU Professional Services.",836,2:40:08,Bv7X8aW3raI,9608,False,True,"""Joe Rogan Experience"" podcast UFC ""Ultimate Fighting Championship"" JRE hunting comedy comedian funny jokes ""JRE #817"" 817 KUIU ""ultra light"" gear mountains hiking ram sheep ""bow hunting"" ""Jason Hairston"" ""Brendan Burns""",9608,1476,public,3.0,0.0,https://i.ytimg.com/vi/Bv7X8aW3raI/default.jpg,1467241750,,Joe Rogan Experience #817 - Jason Hairston & Brendan Burns,zQUP1qoWDoEbmsQxvdjxgQ,198506,1467241750000,2016,6,29,817,198506,160,Jason Hairston & Brendan Burns
28/06/2016,PowerfulJRE,22,False,813,"Cameron Hanes is a bowhunting athlete, “training intensively each and every day to become the Ultimate Predator.”",350,2:09:06,9ZDR6uTc3rE,7746,False,True,"""Joe Rogan Experience"" podcast ""JRE #815"" 815 ""Joe Rogan"" UFC ""Ultimate Fighting Chamionship"" comedy comedian jokes funny MMA hunting ""bow hunting"" bow arrow HOYT archery ""keep hammering"" ""filthy skillz""",7746,2411,public,4.0,0.0,https://i.ytimg.com/vi/9ZDR6uTc3rE/default.jpg,1467159089,,Joe Rogan Experience #815 - Cameron Hanes,zQUP1qoWDoEbmsQxvdjxgQ,284892,1467159089000,2016,6,29,815,284892,129,Cameron Hanes
29/06/2016,PowerfulJRE,22,False,865,Joe Schilling is an American Muay Thai kickboxer and MMA fighter who competes in the super middleweight and light heavyweight and the Middleweight division of Bellator MMA.,231,2:00:59,ujXxrgSwnYc,7259,False,True,"""Joe Rogan Experience"" JRE Joe Rogan podcast UFC MMA comedy stand up Deathsquad funny ""Joe Rogan (Celebrity)"" ""Joe Schilling (Martial Artist)"" ""Martial Arts (Sport)"" Humor ""Stand-up Comedy (TV Genre)"" ""Glory World Series"" ""JRE #816"" 816",7259,2713,public,4.0,0.0,https://i.ytimg.com/vi/ujXxrgSwnYc/default.jpg,1467153703,,Joe Rogan Experience #816 - Joe Schilling,zQUP1qoWDoEbmsQxvdjxgQ,339224,1467153703000,2016,6,28,816,339224,120,Joe Schilling
22/06/2016,PowerfulJRE,22,False,1055,Ari Shaffir is a stand-up comedian and also hosts the podcasts Ari Shaffir’s Skeptic Tank & Punch Drunk Sports. Check out his show This Is Not Happening on Comedy Central & YouTube.,366,1:58:45,WsS7kE2ig-k,7125,False,True,"""Joe Rogan Experience"" JRE Joe Rogan podcast UFC MMA comedy stand up Deathsquad funny Freak Party ""Ari Shaffir"" ""Joe Rogan"" ""This Is Not Happening"" ""JRE #814"" 814 ""Skeptic Tank""",7125,3654,public,4.0,0.0,https://i.ytimg.com/vi/WsS7kE2ig-k/default.jpg,1466649231,,Joe Rogan Experience #814 - Ari Shaffir,zQUP1qoWDoEbmsQxvdjxgQ,552851,1466649231000,2016,6,23,814,552851,118,Ari Shaffir
22/06/2016,PowerfulJRE,22,False,580,Shane Dorian is a big wave surfer and bowhunter.,174,2:34:36,SJ3t-htSrdQ,9276,False,True,"""Joe Rogan Experience"" JRE UFC MMA jokes comedy comedian funny ""Joe Rogan"" ""Shane Dorian"" ""JRE #813"" 813 ""big wave"" surfing ""bow hunting"" bow arrow ""compound bow"" hawaii",9276,2485,public,4.0,0.0,https://i.ytimg.com/vi/SJ3t-htSrdQ/default.jpg,1466553328,,Joe Rogan Experience #813 - Shane Dorian,zQUP1qoWDoEbmsQxvdjxgQ,320289,1466553328000,2016,6,21,813,320289,154,Shane Dorian
21/06/2016,PowerfulJRE,22,False,8543,"Russell Brand is an English comedian, actor, radio host, author, and activist. Jim Breuer is a stand up comedian, actor, author,  singer and host. 

http://podcasts.joerogan.net",2108,3:08:04,GEc1qeD7UQc,11284,False,True,"""Joe Rogan Experience"" mma UFC ""Ultimate Fighting Championship"" ""Jim Breuer"" ""Joe Rogan"" funny comedy comedian ""stand up"" jokes ""Russell Brand"" ""JRE #812"" 812 ""Forgetting Sarah Marshall"" ""Get Him To the Greek"" ""Rock of Ages""",11284,38220,public,4.0,0.0,https://i.ytimg.com/vi/GEc1qeD7UQc/default.jpg,1466553151,,Joe Rogan Experience #812 - Russell Brand & Jim Breuer,zQUP1qoWDoEbmsQxvdjxgQ,3442209,1466553151000,2016,6,21,812,3442209,188,Russell Brand & Jim Breuer
21/06/2016,PowerfulJRE,22,False,2931,"Jim Breuer is a stand up comedian, actor, author,  singer and host. Check out his podcast The Metal In Me and his new rock album ""Songs From the Garage"" available on iTunes now.",869,2:42:02,29mVxHoX76g,9722,False,True,"""Joe Rogan Experience"" mma UFC ""Ultimate Fighting Championship"" ""Jim Breuer"" ""Half Baked"" ""Goat Boy"" ""Metal In Me"" ""Songs From the Garage"" ""JRE #811"" 811 ""Joe Rogan"" funny comedy comedian ""stand up"" jokes",9722,13240,public,4.0,0.0,https://i.ytimg.com/vi/29mVxHoX76g/default.jpg,1466039484,,Joe Rogan Experience #811 - Jim Breuer,zQUP1qoWDoEbmsQxvdjxgQ,1356606,1466039484000,2016,6,16,811,1356606,162,Jim Breuer
15/06/2016,PowerfulJRE,22,False,1176,"Big Jay Oakerson is a stand up comedian and he also hosts his own show ""Legion of Skanks Podcast"" available on iTunes. His new one-hour special ""Live at Webster Hall"" premieres Friday June 17th at midnight on Comedy Central.",298,3:13:39,Z-H7mdQeA1o,11619,False,True,"""Joe Rogan Experience"" JRE Joe Rogan podcast UFC MMA comedy stand up Deathsquad funny ""Joe Rogan (Celebrity)"" ""Stand-up Comedy (TV Genre)"" Humor Comedian ""Jay Oakerson"" ""Freak Party"" ""Legion of Skanks"" ""Live at Webster Hall"" ""JRE #810"" 810",11619,5292,public,4.0,0.0,https://i.ytimg.com/vi/Z-H7mdQeA1o/default.jpg,1465948517,,Joe Rogan Experience #810 - Big Jay Oakerson,zQUP1qoWDoEbmsQxvdjxgQ,646133,1465948517000,2016,6,14,810,646133,193,Big Jay Oakerson
14/06/2016,PowerfulJRE,22,False,1085,"Aubrey Marcus is writer, entrepreneur, and adventurer. He also hosts his own podcast available for download via iTunes called The Aubrey Marcus Podcast.",438,2:39:10,5kedW7tX2zY,9550,False,True,"""Joe Rogan Experience"" podcast JRE ""Aubrey Marcus"" ""Joe Rogan"" UFC ""Ultimate Fighting Championship"" Onnit ""Human Optimization"" Deathsquad ""Freak Party"" Comedy Comedian ""Stand Up"" Stand-up ""JRE #809"" 809",9550,3599,public,4.0,0.0,https://i.ytimg.com/vi/5kedW7tX2zY/default.jpg,1465853577,,Joe Rogan Experience #809 - Aubrey Marcus,zQUP1qoWDoEbmsQxvdjxgQ,387931,1465853577000,2016,6,13,809,387931,159,Aubrey Marcus
07/06/2016,PowerfulJRE,22,False,975,"Gino & AJ are the owners of Speedweed - ""California’s best, most highly rated medical marijuana delivery service""",177,2:24:09,BtQzPS0kYno,8649,False,True,"""Joe Rogan Experience"" podcast JRE ""JRE #807"" 807 ""Joe Rogan"" UFC ""Ultimate Fighting Championship"" MMA funny jokes weed marijuana Redban Deathsquad ""Freak Party"" Speedweed",8649,2046,public,4.0,0.0,https://i.ytimg.com/vi/BtQzPS0kYno/default.jpg,1465351001,,"Joe Rogan Experience #807 - Gino & AJ, from Speedweed",zQUP1qoWDoEbmsQxvdjxgQ,267087,1465351001000,2016,6,8,807,267087,144,"Gino & AJ, from Speedweed"
13/06/2016,PowerfulJRE,22,False,5799,"Michael A. Wood, Jr. is a retired Baltimore police officer and veteran of the USMC. He previously made the news for publicly speaking out against police brutality and has become a proponent of a new era of policing.

A young man who met Michael as a child, when Michael was a cop volunteering a recreation center, found Michael to talk about how much the experience affected him as well. He's now trying to continue his growth, please help him here: http:///gofundme.com/domstrip2cuba",2613,2:42:40,PG_xHE9LLsc,9760,False,True,"""Joe Rogan Experience"" JRE Joe Rogan podcast UFC MMA comedy stand up Deathsquad funny Freak Party ""Joe Rogan (Celebrity)"" ""Stand-up Comedy (TV Genre)"" ""Baltimore (City/Town/Village)"" ""Baltimore Police Department (Organization)"" ""The Wire (TV Program)"" ""Michael Wood Jr."" ""JRE #808"" 808",9760,6641,public,3.0,0.0,https://i.ytimg.com/vi/PG_xHE9LLsc/default.jpg,1465344505,,"Joe Rogan Experience #808 - Michael Wood, Jr.",zQUP1qoWDoEbmsQxvdjxgQ,591196,1465344505000,2016,6,8,808,591196,162,"Michael Wood, Jr."
06/06/2016,PowerfulJRE,22,False,2033,"Dave Smith is a stand up comedian & host of Part Of The Problem podcast available on iTunes, and he is also one-third of The Legion of Skanks.",492,3:00:58,2pbRNSMkDDc,10858,False,True,"""Joe Rogan Experience"" podcast JRE ""JRE #806"" ""Joe Rogan"" UFC ""Ultimate Fighting Championship"" funny ""stand up"" comedy comedian jokes Deathsquad ""Freak Party"" ""Legion of Skanks"" ""Dave Smith""",10858,5272,public,4.0,0.0,https://i.ytimg.com/vi/2pbRNSMkDDc/default.jpg,1464898483,,Joe Rogan Experience #806 - Dave Smith,zQUP1qoWDoEbmsQxvdjxgQ,624041,1464898483000,2016,6,2,806,624041,180,Dave Smith
02/06/2016,PowerfulJRE,22,False,1875,"Steve Hofstetter is a comedian and podcast host. His podcast ""Major League"" is available on iTunes & he also has a YouTube channel with over 35 million views -- https://www.youtube.com/stevehofstetter",881,1:40:59,cr6WRxNYRiI,6059,False,True,"""Joe Rogan Experience"" podcast funny comedy jokes ""stand up"" comedian JRE ""JRE #805"" 805 ""Joe Rogan"" Deathsquad ""Freak Party"" UFC ""Ultimate Fighting Championship"" ""Steve Hofstetter"" heckle heckler owned",6059,6080,public,4.0,0.0,https://i.ytimg.com/vi/cr6WRxNYRiI/default.jpg,1464829229,,Joe Rogan Experience #805 - Steve Hofstetter,zQUP1qoWDoEbmsQxvdjxgQ,552835,1464829229000,2016,6,2,805,552835,100,Steve Hofstetter
01/06/2016,PowerfulJRE,22,False,7491,"Sam Harris is a neuroscientist and author of the New York Times bestsellers, The End of Faith, Letter to a Christian Nation, and The Moral Landscape. His podcast called ""Waking Up"" is available on iTunes & Stitcher.",1960,4:28:02,RJ5_hAEsLkU,16082,False,True,"""Joe Rogan Experience"" JRE Joe Rogan podcast UFC MMA comedy stand up Deathsquad funny ""Joe Rogan (Celebrity)"" ""Sam Harris (Author)"" ""Stand-up Comedy (TV Genre)"" Humor ""Freak Party"" ""JRE #804"" 804",16082,25356,public,4.0,0.0,https://i.ytimg.com/vi/RJ5_hAEsLkU/default.jpg,1464731603,,Joe Rogan Experience #804 - Sam Harris,zQUP1qoWDoEbmsQxvdjxgQ,2599390,1464731603000,2016,5,31,804,2599390,268,Sam Harris
31/05/2016,PowerfulJRE,22,False,5324,"Joey “CoCo” Diaz is a Cuban-American stand up comedian and actor.  Together with Lee Syatt, he also hosts a podcast called “The Church of What’s Happening Now”",2342,2:51:02,Z5appHMWLJU,10262,False,True,"""Joe Rogan Experience"" JRE Joe Rogan podcast UFC MMA comedy stand up Deathsquad funny Freak Party ""Joey Diaz"" ""Joe Rogan"" comedian comic ""Lee Syatt"" ""Church of What's Happening Now"" ""JRE #803"" 803",10262,33376,public,4.0,0.0,https://i.ytimg.com/vi/Z5appHMWLJU/default.jpg,1463694088,,Joe Rogan Experience #803 - Joey Diaz & Lee Syatt,zQUP1qoWDoEbmsQxvdjxgQ,4710337,1463694088000,2016,5,19,803,4710337,171,Joey Diaz & Lee Syatt
19/05/2016,PowerfulJRE,22,False,1013,"Tom Papa is a comedian, actor, writer and television/radio host. Check out his podcast ""Come To Papa"" available to download on iTunes & Stitcher.",267,3:05:24,RnvxVwhecJI,11124,False,True,"""Joe Rogan Experience"" podcast ""JRE #802"" 802 ""Tom Papa"" ""Come to Papa"" ""Joe Rogan"" MMA UFC ""Ultimate Fighting Championship"" funny comedy comedian ""stand up"" jokes Deathsquad ""Freak Party""",11124,2447,public,4.0,0.0,https://i.ytimg.com/vi/RnvxVwhecJI/default.jpg,1463513744,,Joe Rogan Experience #802 - Tom Papa,zQUP1qoWDoEbmsQxvdjxgQ,336559,1463513744000,2016,5,17,802,336559,185,Tom Papa
17/05/2016,PowerfulJRE,22,False,3671,"Gary Johnson is the Honorary Chairman of the Our America Initiative, two-term Governor of New Mexico, and 2016 Libertarian candidate for President.",497,2:33:09,KQIuHGbKckY,9189,False,True,"""Joe Rogan Experience"" podcast JRE ""JRE #801"" 801 UFC MMA ""Ultimate Fighting Championship"" ""2016 Election"" ""Gov Gary Johnson"" ""Gary Johnson"" Libertarian Candidate President USA POTUS ""President of the United States"" funny comedy ""stand up"" jokes politics policy",9189,8833,public,4.0,0.0,https://i.ytimg.com/vi/KQIuHGbKckY/default.jpg,1463471097,,Joe Rogan Experience #801 - Gary Johnson,zQUP1qoWDoEbmsQxvdjxgQ,589207,1463471097000,2016,5,17,801,589207,153,Gary Johnson
16/05/2016,PowerfulJRE,22,False,1744,"Bobcat Goldthwait is an actor, comedian, and filmmaker. His latest movie called ""Willow Creek"" is a found footage horror film involving bigfoot evidence.",708,2:27:55,yn5NjiE98tQ,8875,False,True,"""Joe Rogan Experience"" podcast ""JRE #800"" 800 ""Bobcat Goldthwait"" JRE funny comedian comedy Bigfoot ""stand up"" UFC mma ""Ultimate Fighting Championship"" Deathsquad ""Freak Party"" ""Joe Rogan""",8875,8847,public,4.0,0.0,https://i.ytimg.com/vi/yn5NjiE98tQ/default.jpg,1463443745,,Joe Rogan Experience #800 - Bobcat Goldthwait,zQUP1qoWDoEbmsQxvdjxgQ,1068332,1463443745000,2016,5,17,800,1068332,147,Bobcat Goldthwait
16/05/2016,PowerfulJRE,22,False,2378,"Brendan Schaub is a mixed martial artist and also a former college & pro football player. Bryan Callen is an actor and stand-up comedian. Together they host ""The Fighter & The Kid"" podcast available on iTunes.",715,3:20:10,_TdWzFVe7vM,12010,False,True,"""Joe Rogan Experience"" podcast ""Fighter & The Kid"" UFC ""Ultimate Fighting Championship"" ""Brendan Schaub"" ""Bryan Callen"" ""Joe Rogan"" comedian funny comedy ""stand up"" mma fighting ""jiu jitsu"" deathsquad ""freak party"" ""UFC 198"" ""Damian Maia"" ""Fabricio Werdum"" ""Stipe Miocic"" ""JRE #799"" 799",12010,8610,public,4.0,0.0,https://i.ytimg.com/vi/_TdWzFVe7vM/default.jpg,1463010854,,Joe Rogan Experience #799 - Brendan Schaub & Bryan Callen,zQUP1qoWDoEbmsQxvdjxgQ,1538708,1463010854000,2016,5,11,799,1538708,200,Brendan Schaub & Bryan Callen
11/05/2016,PowerfulJRE,22,False,1131,"Alison Rosen is a podcaster, writer, and television personality. She also hosts her own podcast called ""Alison Rosen Is Your New Best Friend"" available for download via iTunes.",345,2:48:29,EswYHJdD63E,10109,False,True,"""Joe Rogan Experiecne"" podcast ""Joe Rogan"" ""Alison Rosen"" UFC ""Ultimate Fighting Championship"" MMA comedian comedy funny ""stand up"" jokes Deathsquad ""Freak Party"" ""JRE #798"" 798 ""Alison Rosen Is Your New Best Friend""",10109,2365,public,4.0,0.0,https://i.ytimg.com/vi/EswYHJdD63E/default.jpg,1462922810,,Joe Rogan Experience #798 - Alison Rosen,zQUP1qoWDoEbmsQxvdjxgQ,316786,1462922810000,2016,5,10,798,316786,168,Alison Rosen
10/05/2016,PowerfulJRE,22,False,1554,"Alex Grey is a visionary artist, author, teacher, and Vajrayana practitioner. Alex and Allyson are co-founders of CoSM, Chapel of Sacred Mirrors, and are currently working to build Entheon.

http://buildentheon.com",685,1:46:50,9emNEgLP3Ds,6410,False,True,"""Alex Grey"" ""Allyson Grey"" ""JRE #797"" 797 ""Joe Rogan Experience"" ""Joe Rogan"" UFC ""Ultimate Fighting Championship"" Deathsquad ""Freak Party"" comedy comedian jokes funny psychedelic THC DMT MDMA Psyilocibin COSM Entheon ""Sacred Mirrors"" ""Tool (Band)"" Lateralus Schism",6410,4180,public,4.0,0.0,https://i.ytimg.com/vi/9emNEgLP3Ds/default.jpg,1462838078,,Joe Rogan Experience #797 - Alex & Allyson Grey,zQUP1qoWDoEbmsQxvdjxgQ,268884,1462838078000,2016,5,9,797,268884,106,Alex & Allyson Grey
09/05/2016,PowerfulJRE,22,False,882,Josh Zepps is the host of #WeThePeople LIVE available on iTunes (https://t.co/6eWfSu8tRM) and at http://wtplive.com,251,2:25:00,CoeuH8B8t58,8700,False,True,"""Joe Rogan Experience"" JRE Joe Rogan podcast UFC MMA comedy stand up Deathsquad funny Freak Party ""Joe Rogan (Celebrity)"" Humor ""Stand-up Comedy (TV Genre)"" ""Josh Zepps"" ""HuffPost Live (Award-Winning Work)"" ""We The People Live"" ""JRE #796"" 796",8700,1585,public,4.0,0.0,https://i.ytimg.com/vi/CoeuH8B8t58/default.jpg,1462572679,,Joe Rogan Experience #796 - Josh Zepps,zQUP1qoWDoEbmsQxvdjxgQ,237693,1462572679000,2016,5,6,796,237693,145,Josh Zepps
06/05/2016,PowerfulJRE,22,False,885,"Ian Edwards is a stand up comedian and also hosts his own podcast called ""Soccer Comic Rant"" on iTunes/Stitcher.",174,2:23:54,SoXa3nAqtY4,8634,False,True,"""Joe Rogan Experience"" podcast ""Ian Edwards"" Soccer ""Soccer Comic Rant"" futbol MMA UFC ""Ultimate Fighting Championship"" comedy funny comedian ""stand up"" JRE ""JRE #795"" 795 ""Joe Rogan""",8634,2227,public,4.0,0.0,https://i.ytimg.com/vi/SoXa3nAqtY4/default.jpg,1462488798,,Joe Rogan Experience #795 - Ian Edwards,zQUP1qoWDoEbmsQxvdjxgQ,314587,1462488798000,2016,5,5,795,314587,143,Ian Edwards
05/05/2016,PowerfulJRE,22,False,3208,"Miesha Tate is a mixed martial artist and is the current UFC Women's Bantamweight Champion.

http://podcasts.joerogan.net",489,3:06:18,TylX6z-8egk,11178,False,True,"""Joe Rogan Experience"" podcast ""Joe Rogan"" ""Miesha Tate"" UFC ""Bantamweight Champions"" ""Women's MMA"" fighting ""cage fighter"" ""Ultimate Fighting Championship"" JRE ""JRE #794"" 794 Champion ""Ronda Rousey"" ""Holly Holm"" ""Amanda Nunes"" Deathsquad ""Freak party"" funny hilarious jokes ""stand up"" comedian comedy",11178,11394,public,4.0,0.0,https://i.ytimg.com/vi/TylX6z-8egk/default.jpg,1462409444,,Joe Rogan Experience #794 - Miesha Tate,zQUP1qoWDoEbmsQxvdjxgQ,1289293,1462409444000,2016,5,5,794,1289293,186,Miesha Tate
04/05/2016,PowerfulJRE,22,False,1871,"Whitney Cummings is a stand up comedian and actress. She is best known as the creator and star of the NBC sitcom Whitney, as well as the co-creator of the CBS sitcom 2 Broke Girls.",726,2:59:44,yoM1tFJZ3rE,10784,False,True,"""Joe Rogan Experience"" JRE Joe Rogan podcast UFC MMA comedy stand up Deathsquad funny Freak Party ""Joe Rogan (Celebrity)"" ""Whitney Cummings (TV Writer)"" ""Stand-up Comedy (TV Genre)"" Humor ""Whitney (TV Show)"" ""2 Broke Girls (TV Program)"" Comedian ""JRE #793"" 793",10784,5453,public,4.0,0.0,https://i.ytimg.com/vi/yoM1tFJZ3rE/default.jpg,1462063281,,Joe Rogan Experience #793 - Whitney Cummings,zQUP1qoWDoEbmsQxvdjxgQ,614477,1462063281000,2016,5,1,793,614477,179,Whitney Cummings
30/04/2016,PowerfulJRE,22,False,1485,"Unbox Therapy is a YouTube channel ""where products get naked."" Lewis does in-depth reviews of new tech products releasing to the consumer market. http://www.youtube.com/unboxtherapy",313,3:09:57,eDgZnEO2lJ4,11397,False,True,"""Joe Rogan Experience"" JRE Joe Rogan podcast UFC MMA comedy stand up Deathsquad funny Freak Party ""Joe Rogan (Celebrity)"" Humor ""Unbox Therapy"" Lewis ""Stand-up Comedy (TV Genre)"" Technology tech spotify ""streaming music"" ""digital rights"" copyright ""JRE #792"" 792",11397,6342,public,4.0,0.0,https://i.ytimg.com/vi/eDgZnEO2lJ4/default.jpg,1461718229,,"Joe Rogan Experience #792 - Lewis, from Unbox Therapy",zQUP1qoWDoEbmsQxvdjxgQ,459848,1461718229000,2016,4,27,792,459848,189,"Lewis, from Unbox Therapy"
26/04/2016,PowerfulJRE,22,False,1427,"Steve Schirripa is an actor, producer, author, and voice artist, best known for portraying Bobby Baccalieri on The Sopranos. http://unclestevesny.com",241,1:28:05,CEuWo95DpTI,5285,False,True,"""Joe Rogan Experience"" podcast JRE ""JRE #791"" 791 Deathsquad ""Freak Party"" UFC ""Ultimate Fighting Championship"" ""Bobby Baccalieri"" ""The Sopranos"" HBO fighting MMA BJJ italians ""the mafia"" ""the mob"" ""Joe Rogan"" ""Tony Soprano"" ""Las Vegas"" ""The Riviera"" ""Old vegas"" ""Fank Sinatra"" Casino",5285,5908,public,4.0,0.0,https://i.ytimg.com/vi/CEuWo95DpTI/default.jpg,1461621796,,Joe Rogan Experience #791 - Steve Schirripa,zQUP1qoWDoEbmsQxvdjxgQ,541089,1461621796000,2016,4,25,791,541089,88,Steve Schirripa
25/04/2016,PowerfulJRE,22,False,1209,"Steve Maxwell is an American fitness coach, physical educator, and Brazilian Jiu-Jitsu instructor. He was named one of the top 100 trainers in the USA by Men’s Journal. http://www.maxwellsc.com",245,3:07:59,wltxTeZpzkw,11279,False,True,"""Joe Rogan Experience"" ""JRE #790"" 790 ""Steve Maxwell"" strength podcast UFC ""Ultimate Fighting Championship"" MMA ""weight lifting"" ""Joe Rogan"" wrestling ""jiu jitsu"" bjj gracie ""black belt""",11279,3125,public,4.0,0.0,https://i.ytimg.com/vi/wltxTeZpzkw/default.jpg,1461283750,,Joe Rogan Experience #790 - Steve Maxwell,zQUP1qoWDoEbmsQxvdjxgQ,386241,1461283750000,2016,4,22,790,386241,187,Steve Maxwell
21/04/2016,PowerfulJRE,22,False,1105,"Dan Auerbach is a musician and record producer best known as the guitarist and vocalist for The Black Keys.

http://podcasts.joerogan.net",200,1:52:41,WwBfIbF4g0M,6761,False,True,"""Joe Rogan Experience"" JRE ""JRE #789"" MMA UFC ""Ultimate Fighting Championship"" podcast ""Dan Auerbach"" ""The Black Keys"" ""The Arcs"" Coachella comedy comedian ""stand up"" Deathsquad ""Freak Party""",6761,4235,public,4.0,0.0,https://i.ytimg.com/vi/WwBfIbF4g0M/default.jpg,1461281782,,Joe Rogan Experience #789 - Dan Auerbach,zQUP1qoWDoEbmsQxvdjxgQ,371667,1461281782000,2016,4,21,789,371667,112,Dan Auerbach
21/04/2016,PowerfulJRE,22,False,1416,"Brendan Schaub is a mixed martial artist and also a former college & pro football player. He also hosts a podcast with Bryan Callen called ""The Fighter & The Kid"" available on iTunes.",249,1:55:12,zfmARkj0LeM,6912,False,True,"""Joe Rogan Experience"" podcast MMA UFC ""Ultimate Fighting Championshi"" ""Joe Rogan"" ""Brendan Schaub"" ""JRE #788"" 788 comedy comedian fighting ""UFC 197"" ""Jon Jones"" ""Conor McGregor"" Deathsquad ""Freak Party""",6912,4229,public,4.0,0.0,https://i.ytimg.com/vi/zfmARkj0LeM/default.jpg,1461115704,,Joe Rogan Experience #788 - Brendan Schaub,zQUP1qoWDoEbmsQxvdjxgQ,599374,1461115704000,2016,4,20,788,599374,115,Brendan Schaub
19/04/2016,PowerfulJRE,22,False,1949,"Eddie Huang is a restaurateur, food personality, sandwich hack, and former lawyer. Check out his new show ""Huang's World"" on VICELAND, and his new book ""Double Cup Love"" releasing on May 31, 2016.",388,2:24:49,m4ZsVVunUeM,8689,False,True,"""Joe Rogan Experience"" podcast ""JRE #787"" ""Joe Rogan"" MMA UFC ""Ultimate Fighting Championship"" ""Eddie Huang"" ""Huang's World"" VICE VICELAND ""Fresh Off the Boat"" comedy comedian funny chef food Deathsquad ""Freak Party""",8689,4637,public,4.0,0.0,https://i.ytimg.com/vi/m4ZsVVunUeM/default.jpg,1461017269,,Joe Rogan Experience #787 - Eddie Huang,zQUP1qoWDoEbmsQxvdjxgQ,551742,1461017269000,2016,4,18,787,551742,144,Eddie Huang
18/04/2016,PowerfulJRE,22,False,1308,"Wheeler Walker, Jr. is an American country music singer-songwriter. His album ""Redneck Shit"" is out now on iTunes, and he also can be seen on tour this summer.

http://www.wheelerwalkerjr.com/",545,2:24:43,31phykl9D_E,8683,False,True,"""Joe Rogan Experience"" podcast ""JRE #786"" 786 ""Wheeler Walker Jr"" comedy comedian funny ""stand up"" UFC ""Ultimate Fighting Championship"" mma ""jiu jitsu"" ""country music"" ""Ben Hoffman""",8683,9145,public,4.0,0.0,https://i.ytimg.com/vi/31phykl9D_E/default.jpg,1460596005,,"Joe Rogan Experience #786 - Wheeler Walker, Jr.",zQUP1qoWDoEbmsQxvdjxgQ,769133,1460596005000,2016,4,14,786,769133,144,"Wheeler Walker, Jr."
13/04/2016,PowerfulJRE,22,False,575,"Dom Irrera is a stand up comedian, and also hosts his own podcast called ""Dom Irrera Live from The Laugh Factory."" http://www.domirrera.com/",107,2:12:52,GtECvxqbz00,7972,False,True,"""Joe Rogan Experience"" JRE Joe Rogan podcast UFC MMA comedy stand up Deathsquad funny ""Joe Rogan (Celebrity)"" ""Dom Irrera (TV Actor)"" ""Stand-up Comedy (TV Genre)"" ""Television (Invention)"" Humor ""Freak Party"" ""JRE #785"" 785",7972,1549,public,4.0,0.0,https://i.ytimg.com/vi/GtECvxqbz00/default.jpg,1460595946,,Joe Rogan Experience #785 - Dom Irrera,zQUP1qoWDoEbmsQxvdjxgQ,234796,1460595946000,2016,4,14,785,234796,132,Dom Irrera
13/04/2016,PowerfulJRE,22,False,849,"Brian Redban is a comedian and the founder of the Deathsquad podcast network. Check out his newest podcast called ""What Brian Redban Do"" at http://deathsquad.tv & on iTunes",145,1:49:02,DqhkAZPU5CQ,6542,False,True,"""Joe Rogan Experience"" JRE Joe Rogan podcast UFC MMA comedy stand up Deathsquad funny Freak Party ""Brian Redban"" comedian ""JRE #784"" 784",6542,2181,public,4.0,0.0,https://i.ytimg.com/vi/DqhkAZPU5CQ/default.jpg,1460509998,,Joe Rogan Experience #784 - Brian Redban,zQUP1qoWDoEbmsQxvdjxgQ,257573,1460509998000,2016,4,13,784,257573,109,Brian Redban
12/04/2016,PowerfulJRE,22,False,760,"John Dudley is a pro archer and host of ""Nock On TV."" Check out his podcast ""Nock On"" available on iTunes.

https://www.youtube.com/nockonarchery",477,2:40:42,JRli5x_pHWk,9642,False,True,"""Joe Rogan Experience"" podcast ""JRE #783"" 783 UFC ""Ultimate Fighting Championship"" comedy comedian funny hunting bow arrow archery ""John Dudley"" Hoyt ""Nock On"" NockONTV Deathsquad ""Freak Party""",9642,3570,public,4.0,0.0,https://i.ytimg.com/vi/JRli5x_pHWk/default.jpg,1460081312,,Joe Rogan Experience #783 - John Dudley,zQUP1qoWDoEbmsQxvdjxgQ,314766,1460081312000,2016,4,8,783,314766,160,John Dudley
07/04/2016,PowerfulJRE,22,False,1090,"Rick Doblin, Ph.D., is the founder and executive director of the Multidisciplinary Association for Psychedelic Studies (MAPS).",209,2:36:19,Prxam5Lp4S4,9379,False,True,"""Joe Rogan Experience"" podcast JRE ""JRE #782"" 782 ""Joe Rogan"" Deathsquad ""Freak Party"" comedy comedian ""stand up"" funny MMA UFC ""Ultimate Fighting Championship"" ""Rick Doblin"" MAPS psychedelic MDMA molly LSD marijuana weed ""medical marijuana"" edibles vape concentrate CBD oil",9379,3403,public,4.0,0.0,https://i.ytimg.com/vi/Prxam5Lp4S4/default.jpg,1459902988,,Joe Rogan Experience #782 - Rick Doblin,zQUP1qoWDoEbmsQxvdjxgQ,329917,1459902988000,2016,4,6,782,329917,156,Rick Doblin
05/04/2016,PowerfulJRE,22,False,1089,"Kevin Rose is an Internet entrepreneur who co-founded Revision3, Digg, Pownce, and Milk. He also served as production assistant and co-host at TechTV's The Screen Savers.",190,2:55:10,yKy-PYCn6mo,10510,False,True,"""Joe Rogan Experience"" podcast ""JRE #781"" 781 ""Joe Rogan"" MMA UFC ""Ultimate Fighting Championship"" ""Kevin Rose"" DIGG ""Tech TV"" ""The Screensavers"" Deathsquad ""Freak Party"" comedy comedian ""stand up"" internet",10510,3254,public,4.0,0.0,https://i.ytimg.com/vi/yKy-PYCn6mo/default.jpg,1459816064,,Joe Rogan Experience #781 - Kevin Rose,zQUP1qoWDoEbmsQxvdjxgQ,374694,1459816064000,2016,4,5,781,374694,175,Kevin Rose
04/04/2016,PowerfulJRE,22,False,727,"Sturgill Simpson is an American country music singer-songwriter. His new album ""A Sailor's Guide to Earth"" comes out on April 15, 2016.

http://sturgillsimpson.com",288,2:22:08,zwcAyE5lQd8,8528,False,True,"JRE ""Joe Rogan Experience"" UFC ""Ultimate Fighting Championship"" ""Sturgill Simpson"" ""country music"" ""A Sailor's Guide to Earth"" ""In Bloom"" Nirvana cover podcast ""JRE #780"" 780 comedy comedian music funny ""stand up""",8528,2458,public,4.0,0.0,https://i.ytimg.com/vi/zwcAyE5lQd8/default.jpg,1459293092,,Joe Rogan Experience #780 - Sturgill Simpson,zQUP1qoWDoEbmsQxvdjxgQ,354985,1459293092000,2016,3,29,780,354985,142,Sturgill Simpson
29/03/2016,PowerfulJRE,22,False,4338,"Andrew Dice Clay is a comedian and actor. His new show ""Dice"" premieres on Showtime on Sunday, April 10. Joey Diaz is a Cuban-American stand up comedian and actor. Joey also hosts his own podcast called “The Church of What’s Happening Now”",2271,1:02:09,JpmyjdxGZzs,3729,False,True,"""Joe Rogan Experience"" ""Joey Diaz"" ""Joe ROgan"" ""Andrew Dice Clay"" ""JRE #779"" 779 Deathsquad ""Freak Party"" Dice UFC ""Ultimate Fighting Championship"" comedy comedian funny ""stand up"" show",3729,26871,public,4.0,0.0,https://i.ytimg.com/vi/JpmyjdxGZzs/default.jpg,1459208798,,Joe Rogan Experience #779 - Andrew Dice Clay & Joey Diaz,zQUP1qoWDoEbmsQxvdjxgQ,3311227,1459208798000,2016,3,28,779,3311227,62,Andrew Dice Clay & Joey Diaz
28/03/2016,PowerfulJRE,22,False,1605,Ari Shaffir is a stand-up comedian and also hosts the podcasts Ari Shaffir’s Skeptic Tank & Punch Drunk Sports. Check out the 2nd season of his show This Is Not Happening on Comedy Central. http://arithegreat.com,604,2:42:36,rH2SJQhoAQU,9756,False,True,"""Joe Rogan Experience"" JRE Joe Rogan podcast UFC MMA comedy stand up Deathsquad funny Freak Party ""Ari Shaffir"" ""JRE #778"" 778 ""Joe Rogan"" ""This Is Not Happening""",9756,5546,public,4.0,0.0,https://i.ytimg.com/vi/rH2SJQhoAQU/default.jpg,1458957629,,Joe Rogan Experience #778 - Ari Shaffir,zQUP1qoWDoEbmsQxvdjxgQ,905106,1458957629000,2016,3,26,778,905106,162,Ari Shaffir
25/03/2016,PowerfulJRE,22,False,1338,"Brian Redban is a comedian and the founder of the Deathsquad podcast network. Check out his newest podcast called ""What Brian Redban Do"" at http://deathsquad.tv & on iTunes",337,2:31:03,L_WaIhnUyQM,9063,False,True,"""Joe Rogan Experience"" JRE Joe Rogan podcast UFC MMA comedy stand up Deathsquad funny Freak Party ""Brian Redban"" comedian ""JRE #777"" 777",9063,3159,public,4.0,0.0,https://i.ytimg.com/vi/L_WaIhnUyQM/default.jpg,1458343558,,Joe Rogan Experience #777 - Brian Redban,zQUP1qoWDoEbmsQxvdjxgQ,425561,1458343558000,2016,3,18,777,425561,151,Brian Redban
18/03/2016,PowerfulJRE,22,False,1326,"Adam Cropp is an Expedition Leader on the National Geographic Orion, from the remote jungles of Papua New Guinea to the frosty frontiers of Antarctica and everywhere in between.",487,3:04:27,7Vv4y0_TBa0,11067,False,True,"""Joe Rogan Experience"" podcast ""JRE #776"" 776 ""Adam Cropp"" ""National Geographic"" Orion ""Expedition Leader"" ""Joe Rogan"" MMA UFC ""Ultimate Fighting Championship"" funny comedian comedy animals explore pirates ""marine life""",11067,2884,public,4.0,0.0,https://i.ytimg.com/vi/7Vv4y0_TBa0/default.jpg,1458174638,,Joe Rogan Experience #776 - Adam Cropp,zQUP1qoWDoEbmsQxvdjxgQ,340365,1458174638000,2016,3,17,776,340365,184,Adam Cropp
16/03/2016,PowerfulJRE,22,False,944,"Greg Fitzsimmons is a stand-up comedian. He also hosts his own podcast ""FitzDog Radio"" available on iTunes.",136,2:41:34,zxHmduVll7w,9694,False,True,"""Joe Rogan Experience"" podcast MMA UFC ""Ultimate Fighting Championship"" JRE ""JRE #775"" 775 ""Greg Fitzsimmons"" comedy comedian ""stand up"" funny ""Fitzdog Radio"" Deathsquad ""Freak Party"" ""Joe Rogan""",9694,2740,public,4.0,0.0,https://i.ytimg.com/vi/zxHmduVll7w/default.jpg,1458090491,,Joe Rogan Experience #775 - Greg Fitzsimmons,zQUP1qoWDoEbmsQxvdjxgQ,341788,1458090491000,2016,3,16,775,341788,161,Greg Fitzsimmons
15/03/2016,PowerfulJRE,22,False,2460,"Brendan Schaub is a mixed martial artist and also a former college & pro football player. Bryan Callen is an actor and stand-up comedian. Together they host ""The Fighter & The Kid"" podcast available on iTunes.",847,3:15:32,k5kZFFcmZcA,11732,False,True,"""Joe Rogan Experience"" podcast ""Fighter & The Kid"" UFC ""Ultimate Fighting Championship"" ""JRE #774"" 774 ""Brendan Schaub"" ""Bryan Callen"" ""Joe Rogan"" comedian funny comedy ""stand up"" mma fighting ""jiu jitsu"" deathsquad ""freak party""",11732,8880,public,4.0,0.0,https://i.ytimg.com/vi/k5kZFFcmZcA/default.jpg,1457655003,,Joe Rogan Experience #774 - Brendan Schaub & Bryan Callen,zQUP1qoWDoEbmsQxvdjxgQ,1525843,1457655003000,2016,3,11,774,1525843,195,Brendan Schaub & Bryan Callen
10/03/2016,PowerfulJRE,22,False,2200,"Dr. Rhonda Patrick is a Ph.D in biomedical science and expert on nutritional health. Her podcasts and other videos can be found at FoundMyFitness.com

http://www.youtube.com/user/FoundMyFitness",536,3:03:54,dDJdk0j4xnM,11034,False,True,"""Joe Rogan Experience"" podcast ""JRE #773"" 773 MMA UFC comedy comedian fitness ""Found My Fitness"" ""Dr. Rhonda Patrick"" ""Ultimate Fighting Championship"" funny ""Joe Rogan"" Deathsquad ""Freak Party""",11034,9929,public,4.0,0.0,https://i.ytimg.com/vi/dDJdk0j4xnM/default.jpg,1457487477,,Joe Rogan Experience #773 - Dr. Rhonda Patrick,zQUP1qoWDoEbmsQxvdjxgQ,896207,1457487477000,2016,3,9,773,896207,183,Dr. Rhonda Patrick
08/03/2016,PowerfulJRE,22,False,944,"Mark Bell is an elite powerlifter and owner of Team Super Training Gym in Sacramento, CA. Chris Bell is a writer, director, and filmmaker known for the documentary ""Bigger, Stronger, Faster"" and his new documentary called ""Prescription Thugs"" was recently released.",175,2:27:50,REyhiN5nRfk,8870,False,True,"""Joe Rogan Experience"" podcast ""JRE #772"" 772 ""Mark Bell"" ""Chris Bell"" ""Prescription Thugs"" Bigger ""Stronger Faster"" UFC ""Ultimate Fighting Championship"" funny pills oxycontin oxycodone optiate withdraw rehab comedian comedy",8870,3486,public,4.0,0.0,https://i.ytimg.com/vi/REyhiN5nRfk/default.jpg,1457396209,,Joe Rogan Experience #772 - Mark & Chris Bell,zQUP1qoWDoEbmsQxvdjxgQ,341266,1457396209000,2016,3,8,772,341266,147,Mark & Chris Bell
07/03/2016,PowerfulJRE,22,False,2593,"Eddie Bravo is a jiujitsu black belt, music producer, and author. http://www.eddiebravoinvitational.com/",407,2:16:32,bjGgTFw_3iw,8192,False,True,"""Joe Rogan (Celebrity)"" ""Eddie Bravo (Martial Artist)"" ""Comedy (Theater Genre)"" ""Joe Rogan Experience"" ""Podcast (Website Category)"" ""Ultimate Fighting Championship (Sports Association)"" UFC ""10th Planet"" Jiujitsu BJJ Deathsquad ""Freak Party"" ""Comedian (Profession)"" ""Comedy (Film Genre)"" ""JRE #771"" 771 ""UFC #196"" ""Conor McGregor"" ""Nate Diaz"" ""Miesha Tate"" ""Holly Holm""",8192,7344,public,4.0,0.0,https://i.ytimg.com/vi/bjGgTFw_3iw/default.jpg,1457396097,,Joe Rogan Experience #771 - Eddie Bravo,zQUP1qoWDoEbmsQxvdjxgQ,912850,1457396097000,2016,3,8,771,912850,136,Eddie Bravo
07/03/2016,PowerfulJRE,22,False,1488,"Michael Shermer is a science writer, historian of science, founder of The Skeptics Society, and Editor in Chief of its magazine Skeptic, which is largely devoted to investigating pseudoscientific and supernatural claims.",467,2:59:24,2iNpECn_8WQ,10764,False,True,"""Joe Rogan Experience"" podcast ""Joe Rogan"" ""Michael Shermer"" UFC MMA ""Ultimate Fighting Championship"" Skeptic ""JRE #770"" 770 funny comedian comedy ""stand up"" conspiracy conspiracies 9/11 ""9/11 truth"" JFK ""magic bullet"" CIA northwood operation",10764,3388,public,4.0,0.0,https://i.ytimg.com/vi/2iNpECn_8WQ/default.jpg,1457062041,,Joe Rogan Experience #770 - Michael Shermer,zQUP1qoWDoEbmsQxvdjxgQ,446806,1457062041000,2016,3,4,770,446806,179,Michael Shermer
02/03/2016,PowerfulJRE,22,False,1658,"Joe is joined by Ian McCall, Brendan Schaub & Bryan Callen to breakdown the fights on the upcoming UFC 196 fight card.",286,3:05:55,4xSeDCsl43Q,11155,False,True,"""Joe Rogan Experience"" podcast ""JRE #768"" JRE UFC MMA ""Ultimate Fighting Championship"" ""Conor McGregor"" ""Nate Diaz"" ""UFC 196"" ""Joe Rogan"" ""Ian mcCall"" ""bryan Callen"" ""Brendan Schaub"" ""Fighter & The Kid"" ""Uncle Creepy"" comedy comedian ""stand up"" funny fighting ""jiu jitsu""",11155,4410,public,4.0,0.0,https://i.ytimg.com/vi/4xSeDCsl43Q/default.jpg,1456965411,,"Joe Rogan Experience #768 - Ian McCall, Brendan Schaub & Bryan Callen",zQUP1qoWDoEbmsQxvdjxgQ,573622,1456965411000,2016,3,3,768,573622,185,"Ian McCall, Brendan Schaub & Bryan Callen"
01/03/2016,PowerfulJRE,22,False,2042,"Mike Baker is a former CIA covert operations officer. Currently he is the president of Diligence LLC, a global intelligence and security firm.",1069,3:06:21,ONYJ2BoQDnw,11181,False,True,"""Joe Rogan Experience"" podcast MMA UFC ""Ultimate Fighting Championship"" JRE ""JRE #767"" 767 funny comedy comedian ""stand up"" ""Mike Baker"" ""Michael Baker"" CIA Deathsquad ""Freak Party"" ""Joe Rogan""",11181,3554,public,4.0,0.0,https://i.ytimg.com/vi/ONYJ2BoQDnw/default.jpg,1456884121,,Joe Rogan Experience #767 - Mike Baker,zQUP1qoWDoEbmsQxvdjxgQ,408130,1456884121000,2016,3,2,767,408130,186,Mike Baker
25/02/2016,PowerfulJRE,22,False,1776,"Gad Saad is Professor of Marketing & Concordia University Research Chair in Evolutionary Behavioral Sciences and Darwinian Consumption and author of ""The Evolutionary Bases of Consumption"" and ""The Consuming Instinct""

""The Saad Truth"" on YouTube -- https://www.youtube.com/playlist?list=PLa-VfOWrqWJ1TUk6pvudnkhI91whoR7XP",338,2:50:56,SDhtTHP16aA,10256,False,True,"""Joe Rogan Experience"" podcast ""JRE #766"" 766 ""Gad Saad"" ""Joe Rogan"" MMA comedy comedian ""Ultimate Fighting Championship"" UFC Deathsquad ""Freak Party"" ""Saad Truth"" funny JRE",10256,4819,public,4.0,0.0,https://i.ytimg.com/vi/SDhtTHP16aA/default.jpg,1456450072,,Joe Rogan Experience #766 - Gad Saad,zQUP1qoWDoEbmsQxvdjxgQ,369960,1456450072000,2016,2,26,766,369960,170,Gad Saad
24/02/2016,PowerfulJRE,22,False,807,"Tovar Cerulli is a ""vegan-turned-hunter"",environmentalist and author . His book The Mindful Carnivore is available via Amazon.

http://tovarcerulli.com/",429,2:36:06,FqfMcayaGHw,9366,False,True,"""Joe Rogan Experience"" podcast MAM UFC comedy ""Ultimate Fighting Championship"" ""JRE #765"" 765 ""Tovar Cerulli"" Deathsquad ""Freak Party"" ""joe Rogan"" comedian ""stand up"" hunting vegan vegetarian",9366,1208,public,3.0,0.0,https://i.ytimg.com/vi/FqfMcayaGHw/default.jpg,1456368865,,Joe Rogan Experience #765 - Tovar Cerulli,zQUP1qoWDoEbmsQxvdjxgQ,153356,1456368865000,2016,2,25,765,153356,156,Tovar Cerulli
23/02/2016,PowerfulJRE,22,False,2866,"Duncan Trussell is a stand-up comedian, and host of his own podcast “The Duncan Trussell Family Hour”.

http://podcasts.joerogan.net
http://duncantrussell.com",1094,3:21:20,GHyep0OROGA,12080,False,True,"""Joe Rogan Experience"" podcast ""JRE #764"" 764 ""Duncan Trussell"" ""Family Hour"" MMA UFC ""Ultimate Fighting Championship"" comedian comedy funny yoga technology future rant ""waste time"" procrastinate",12080,14674,public,4.0,0.0,https://i.ytimg.com/vi/GHyep0OROGA/default.jpg,1456280993,,Joe Rogan Experience #764 - Duncan Trussell,zQUP1qoWDoEbmsQxvdjxgQ,1677094,1456280993000,2016,2,24,764,1677094,201,Duncan Trussell
22/02/2016,PowerfulJRE,22,False,5605,"Action Bronson is a rapper and former chef. His show ""F*ck, That's Delicious"" can soon be seen on Vice's new cable network, Viceland.

""F*ck, That's Delicious"" playlist on YouTube:
https://www.youtube.com/playlist?list=PLnPDn1Lb79JGoFey4EPwAvxW4tbyzbz0p",1654,2:12:30,FCLKoT6sDZE,7950,False,True,"""Joe Rogan Experience"" podcast JRE ""JRE #763"" ""Action Bronson"" UFC MMA ""Ultimate FIghting Championship"" Deathsquad ""Freak Party"" rapper ""Fuck That's Delicious"" Munchies VICE",7950,29652,public,4.0,0.0,https://i.ytimg.com/vi/FCLKoT6sDZE/default.jpg,1456186137,,Joe Rogan Experience #763 - Action Bronson,zQUP1qoWDoEbmsQxvdjxgQ,3422655,1456186137000,2016,2,23,763,3422655,132,Action Bronson
19/02/2016,PowerfulJRE,22,False,827,Robin Black is an MMA analyst and color commentator for Fight Network. Also check out his fight breakdown's on the UFC Youtube channel -- https://www.youtube.com/watch?v=B-_-Mmmzvs0,164,2:50:36,IA63U3_J944,10236,False,True,"UFC ""Ultimate Fighting Championship"" fighting MMA ""Joe Rogan Experience"" podcast ""JRE #762"" 762 JRE ""Robin Black"" Breakdown comedy comedian Deathsquad ""Freak Party""",10236,2880,public,4.0,0.0,https://i.ytimg.com/vi/IA63U3_J944/default.jpg,1455934396,,Joe Rogan Experience #762 - Robin Black,zQUP1qoWDoEbmsQxvdjxgQ,298917,1455934396000,2016,2,20,762,298917,170,Robin Black
17/02/2016,PowerfulJRE,22,False,1770,"Bas Rutten is a retired MMA fighter and former UFC Heavyweight Champion.  He currently is the co-host of Inside MMA, and hosts a podcast with Mauro Ranallo called ""Rutten & Ranallo"" available on iTunes. http://www.ruttenandranallo.com/

http://podcats.joerogan.net",384,2:16:53,oq2x8SC9RGo,8213,False,True,"""Joe Rogan Experience"" podcast UFC ""Ultimate Fighting Championship"" ""Joe Rogan"" ""Bas Rutten"" MMA fighting kickboxing PRIDE 1FC comedy comedian Deathsquad ""Freak Party"" JRE ""JRE #761"" 761",8213,10694,public,4.0,0.0,https://i.ytimg.com/vi/oq2x8SC9RGo/default.jpg,1455756696,,Joe Rogan Experience #761 - Bas Rutten,zQUP1qoWDoEbmsQxvdjxgQ,1152170,1455756696000,2016,2,18,761,1152170,136,Bas Rutten
16/02/2016,PowerfulJRE,22,False,813,"Doug Duren is a passionate hunter, farmer, land manager and conservationist. Nathan Ihde is also a farmer and conservationist living in Wisconsin.",474,2:49:13,mzXF2cwfG-Y,10153,False,True,"""Joe Rogan Experience"" podcast ""JRE #760"" 760 UFC ""Ultimate Fighting Championship"" ""Doug Duren"" ""Nathan Ihde"" Deathsquad ""Freak Party"" farming hunting bow HOYT archery rifle deer pigs cows swine cattle ""grass fed"" beef butter dairy vegetarian vegan diet",10153,1496,public,4.0,0.0,https://i.ytimg.com/vi/mzXF2cwfG-Y/default.jpg,1455675034,,Joe Rogan Experience #760 - Doug Duren & Nathan Ihde,zQUP1qoWDoEbmsQxvdjxgQ,155543,1455675034000,2016,2,17,760,155543,169,Doug Duren & Nathan Ihde
15/02/2016,PowerfulJRE,22,False,1155,"Cameron Hanes is a bowhunting athlete, “training intensively each and every day to become the Ultimate Predator.”

http://podcasts.joerogan.net",389,2:18:49,uMifGXEEAA4,8329,False,True,"""Joe Rogan Experience"" podcast ""JRE #759"" 759 comedian hunting bow arrow ""bow hunting"" ""Cameron Hanes"" Hoyt UFC ""Ultimate Fighting Championship"" Deathsquad ""Freak Party""",8329,3136,public,4.0,0.0,https://i.ytimg.com/vi/uMifGXEEAA4/default.jpg,1455583045,,Joe Rogan Experience #759 - Cameron Hanes,zQUP1qoWDoEbmsQxvdjxgQ,293972,1455583045000,2016,2,16,759,293972,138,Cameron Hanes
09/02/2016,PowerfulJRE,22,False,722,"Tom Papa is a comedian, actor, writer and television/radio host. Tom has a great story on ""This Is Not Happening"" here - http://youtu.be/487y7zJzkFM

http://www.tompapa.com/

http://podcasts.joerogan.net",163,2:55:37,pv18Kh4-vIg,10537,False,True,"""Joe Rogan Experience"" podcast UFC ""Ultimate Fighting Championship"" ""JRE #758"" 758 ""Tom Papa"" comedian comedy funny ""stand up"" ""Comedy Store"" MMA ""Joe Rogan"" ""Bee Movie""",10537,2130,public,4.0,0.0,https://i.ytimg.com/vi/pv18Kh4-vIg/default.jpg,1455067142,,Joe Rogan Experience #758 - Tom Papa,zQUP1qoWDoEbmsQxvdjxgQ,254640,1455067142000,2016,2,10,758,254640,175,Tom Papa
08/02/2016,PowerfulJRE,22,False,844,"Gary Clark, Jr. is a Grammy award winning musician and guitar player. He can been seen on his new tour in 2016 all over the world, and his latest album ""The Story of Sonny Boy Slim"" is out now. http://www.garyclarkjr.com",282,1:55:37,VbezdN75RKE,6937,False,True,"""Joe Rogan Experience"" ""JRE #757"" ""Joe Rogan"" ""Gary Clark Jr."" Deathsquad ""Freak Party"" UFC podcast comedy music guitar jazz blues comedian ""stand up""",6937,2467,public,4.0,0.0,https://i.ytimg.com/vi/VbezdN75RKE/default.jpg,1454970230,,"Joe Rogan Experience #757 - Gary Clark, Jr.",zQUP1qoWDoEbmsQxvdjxgQ,252423,1454970230000,2016,2,8,757,252423,115,"Gary Clark, Jr."
05/02/2016,PowerfulJRE,22,False,763,"Kyle Kingsbury is a retired professional mixed martial artist. He competed in King of the Cage & the Ultimate Fighting Championship, and was also on The Ultimate Fighter: Team Nogueira vs Team Mir. 
http://podcasts.joerogan.net",177,2:54:17,Omg6sITstr0,10457,False,True,"""Joe Rogan Experience"" JRE Joe Rogan MMA comedy stand up Deathsquad Freak Party podcast UFC ""Ultimate Fighting Championship"" ""Jiu Jitsu"" ""Joe Rogan"" ""Kyle Kingsbury"" ""JRE #756"" 756 comedian funny ""Freak Party""",10457,2235,public,4.0,0.0,https://i.ytimg.com/vi/Omg6sITstr0/default.jpg,1454666682,,Joe Rogan Experience #756 - Kyle Kingsbury,zQUP1qoWDoEbmsQxvdjxgQ,263540,1454666682000,2016,2,5,756,263540,174,Kyle Kingsbury
03/02/2016,PowerfulJRE,22,False,522,"Daniele Bolelli is an Italian author, professor, and martial artist. His latest book ""Not Afraid"" (http://amzn.to/1SYRwpU) is out now and his new podcast called ""History on Fire"" is available on iTunes.",111,2:21:39,tM_COshDEMU,8499,False,True,"""Joe Rogan Experience"" podcast JRE ""JRE #755"" 755 UFC ""Ultimate Fighting Championship"" funny comedian author ""History on Fire"" MMA ""jiu jitsu"" Deathqsuad ""Freak party"" ""Joe Rogan""",8499,1896,public,4.0,0.0,https://i.ytimg.com/vi/tM_COshDEMU/default.jpg,1454548086,,Joe Rogan Experience #755 - Daniele Bolelli,zQUP1qoWDoEbmsQxvdjxgQ,196517,1454548086000,2016,2,4,755,196517,141,Daniele Bolelli
02/02/2016,PowerfulJRE,22,False,948,"Brian Redban is a comedian and the founder of the Deathsquad podcast network. Also, check out his newest podcast called ""What Brian Redban Do"" at http://deathsquad.tv & on iTunes",162,2:36:15,BPGxqivgLd8,9375,False,True,"""Joe Rogan Experience"" JRE Joe Rogan podcast UFC MMA comedy stand up Deathsquad funny Freak Party ""Brian Redban"" comedian ""JRE #754""",9375,1984,public,4.0,0.0,https://i.ytimg.com/vi/BPGxqivgLd8/default.jpg,1454482888,,Joe Rogan Experience #754 - Brian Redban,zQUP1qoWDoEbmsQxvdjxgQ,230048,1454482888000,2016,2,3,754,230048,156,Brian Redban
27/01/2016,PowerfulJRE,22,False,1334,"Hannibal Buress is a stand-up comedian, actor, television writer and host. His latest special ""Comic Camisado"" premieres on February 5th on Netflix.",381,2:17:04,bA5PDh-9hjk,8224,False,True,"""Joe Rogan Experience"" ""JRE #753"" 753 ""Hannibal Buress"" Why? ""Comic Comisado"" ""Joe Rogan"" UFC ""Ultimate Fighting Championship"" podcast funny comedy comedian ""stand up""",8224,4960,public,4.0,0.0,https://i.ytimg.com/vi/bA5PDh-9hjk/default.jpg,1453955481,,Joe Rogan Experience #753 - Hannibal Buress,zQUP1qoWDoEbmsQxvdjxgQ,576666,1453955481000,2016,1,28,753,576666,137,Hannibal Buress
26/01/2016,PowerfulJRE,22,False,1750,"Mark Sisson is a fitness author and blogger, and a former distance runner, triathlete and Ironman competitor. His latest book ""Primal Endurance"" is available now via Amazon.",673,2:39:12,Nwd6InD2nDk,9552,False,True,"""Joe Rogan Experience"" podcast Paleo ""Primal Endurance"" ""Mark Sisson"" JRE UFC ""JRE #752"" 752 ""Ultimate Fighting Championship"" diet health ""Freak Party"" Deathsquad comedian comedy funny ""talk show""",9552,6607,public,4.0,0.0,https://i.ytimg.com/vi/Nwd6InD2nDk/default.jpg,1453857274,,Joe Rogan Experience #752 - Mark Sisson,zQUP1qoWDoEbmsQxvdjxgQ,651061,1453857274000,2016,1,27,752,651061,159,Mark Sisson
25/01/2016,PowerfulJRE,22,False,2025,"Doug Stanhope is a stand-up comedian, writer, and TV host, also currently hosting his own podcast, The Doug Stanhope Shotclog Podcast.
http://podcasts.joerogan.net",595,3:16:20,wL9IXNw-lSE,11780,False,True,"""Joe Rogan Experience"" ""JRE #751"" ""Doug Stanhope"" ""Brian Hannigan"" UFC podcast Slogcast ""Ultimate Fighting Championship"" Shotclog ""The Man Show"" Deathsquad ""Freak Party""",11780,7750,public,4.0,0.0,https://i.ytimg.com/vi/wL9IXNw-lSE/default.jpg,1453801810,,Joe Rogan Experience #751 - Doug Stanhope,zQUP1qoWDoEbmsQxvdjxgQ,1096975,1453801810000,2016,1,26,751,1096975,196,Doug Stanhope
21/01/2016,PowerfulJRE,22,False,3461,"Kip Andersen and Keegan Kuhn are the producers of the 2014 documentary  ""Cowspiracy"" and are also working on their next project called ""What The Health"" due to release in 2016. http://www.cowspiracy.com/",691,1:52:54,N3Af-R0VPFQ,6774,False,True,"""Joe Rogan Experience"" podcast JRE ""JRE #750"" Cowspiracy ""Kip Andersen"" ""Keegan Kuhn"" Netflix documentary UFC ""Ultimate Fighting Championship"" Deathsquad ""Freak Party"" Comedian comedy ""stand up"" food agriculture farming gmo population sustainability",6774,3504,public,4.0,0.0,https://i.ytimg.com/vi/N3Af-R0VPFQ/default.jpg,1453427501,,"Joe Rogan Experience #750 - Kip Andersen & Keegan Kuhn, producers of Cowspiracy",zQUP1qoWDoEbmsQxvdjxgQ,291080,1453427501000,2016,1,22,750,291080,112,"Kip Andersen & Keegan Kuhn, producers of Cowspiracy"
20/01/2016,PowerfulJRE,22,False,1420,"Carlos Condit is a mixed martial artist, competing in the welterweight division of the Ultimate Fighting Championship. Erwan Le Corre is the founder and innovator of a physical education system and lifestyle known as MovNat.
http://podcasts.joerogan.net",223,2:42:32,JMyZjQlK7wM,9752,False,True,"""Joe Rogan Experience"" JRE ""JRE #749"" ""Joe Rogan"" UFC ""Ultimate Fighting Championship"" Comedy Comedian Funny Deathsquad ""Freak Party"" ""Erwan Le Corre"" ""Carlos Condit"" MovNat ""Natural Movement"" MMA fighting kickboxing boxing taekwondo ""jiu jitsu""",9752,3222,public,4.0,0.0,https://i.ytimg.com/vi/JMyZjQlK7wM/default.jpg,1453340858,,Joe Rogan Experience #749 - Carlos Condit & Erwan Le Corre,zQUP1qoWDoEbmsQxvdjxgQ,372846,1453340858000,2016,1,21,749,372846,162,Carlos Condit & Erwan Le Corre
19/01/2016,PowerfulJRE,22,False,729,"Jenny Johnson is a comedian and writer, known for her Twitter feed where she's gained over 400k followers.
https://twitter.com/jennyjohnsonhi5",303,2:43:45,s2-x_YOn7EA,9825,False,True,"""Joe Rogan Experience"" JRE Joe Rogan podcast UFC MMA comedy stand up Deathsquad funny Freak Party ""Jenny Johnson"" hi5 ""High 5"" ""JRE #748"" 748",9825,1602,public,4.0,0.0,https://i.ytimg.com/vi/s2-x_YOn7EA/default.jpg,1453279923,,Joe Rogan Experience #748 - Jenny Johnson,zQUP1qoWDoEbmsQxvdjxgQ,226565,1453279923000,2016,1,20,748,226565,163,Jenny Johnson
13/01/2016,PowerfulJRE,22,False,1067,"Tony Hinchcliffe is a stand-up comedian, writer, and actor. His first comedy special ""One Shot"" premieres on Netflix on January 15, 2016. Tony also hosts his own podcast called ""Kill Tony"" with Redban, and it's available on iTunes and at http://Deathsquad.tv",315,2:44:32,NHeecBsC2ik,9872,False,True,"""Joe Rogan Experience"" podcast UFC ""Ultimate FIghting Championship"" funny comedian comedy ""stand up"" JRE Deathsquad ""Freak Party"" ""JRE #747"" ""Tony Hinchcliffe"" ""Brian Redban"" ""Kill Tony"" ""One Shot""",9872,2412,public,4.0,0.0,https://i.ytimg.com/vi/NHeecBsC2ik/default.jpg,1452741889,,Joe Rogan Experience #747 - Tony Hinchcliffe,zQUP1qoWDoEbmsQxvdjxgQ,337851,1452741889000,2016,1,14,747,337851,164,Tony Hinchcliffe
12/01/2016,PowerfulJRE,22,False,3642,"TJ Kirk is a professional ranter, author, and the creator of the YouTube channel, The Amazing Atheist. He is also a co-host of The Drunken Peasants Podcast which is available for download via iTunes.",1001,2:46:12,AVQfJKg4EIY,9972,False,True,"""Joe Rogan Experience"" podcast ""JRE #746"" 746 UFC ""Ultimate FIghting Championship"" ""Amazing Atheist"" ""TK Kirk"" ""Joe Rogan"" Comedian Comedy funny stand-up Deathsquad ""Freak Party""",9972,12975,public,4.0,0.0,https://i.ytimg.com/vi/AVQfJKg4EIY/default.jpg,1452648268,,Joe Rogan Experience #746 - TJ Kirk,zQUP1qoWDoEbmsQxvdjxgQ,657094,1452648268000,2016,1,13,746,657094,166,TJ Kirk
11/01/2016,PowerfulJRE,22,False,1181,"Ari Shaffir is a stand-up comedian and also hosts the podcasts Ari Shaffir’s Skeptic Tank & Punch Drunk Sports. The 2nd season of his show This Is Not Happening premieres on Comedy Central on February 23, 2016. http://arithegreat.com

http://podcasts.joerogan.net",495,2:59:18,SF6h9ZGkqnI,10758,False,True,"""Joe Rogan Experience"" podcast ""JRE #745"" 745 UFC ""Ultimate Fighting Championship"" Comedian Funny Deathsquad ""Freak Party"" ""Ari Shaffir"" ""Joe Rogan"" ""Skeptic Tank"" ""This Is Not Happening""",10758,3840,public,4.0,0.0,https://i.ytimg.com/vi/SF6h9ZGkqnI/default.jpg,1452550188,,Joe Rogan Experience #745 - Ari Shaffir,zQUP1qoWDoEbmsQxvdjxgQ,499465,1452550188000,2016,1,11,745,499465,179,Ari Shaffir
06/01/2016,PowerfulJRE,22,False,2073,"Tom Segura is a stand-up comedian, and hosts his own podcast with his wife, Christina Pazsitzky called Your Mom's House. His new special ""Mostly Stories"" debuts on Netflix on January 8, 2016.

http://www.tomsegura.com
http://podcasts.joerogan.net",673,2:42:49,DqmbYFUuhls,9769,False,True,"""Joe Rogan Experience"" podcast ""JRE #744"" 744 ""Tom Segura"" ""Your Mom's House"" ""Joe Rogan"" UFC ""Ultimate Fighting Championship"" funny comedy comedian stand-up",9769,8525,public,4.0,0.0,https://i.ytimg.com/vi/DqmbYFUuhls/default.jpg,1452130879,,Joe Rogan Experience #744 - Tom Segura,zQUP1qoWDoEbmsQxvdjxgQ,1070997,1452130879000,2016,1,7,744,1070997,162,Tom Segura
05/01/2016,PowerfulJRE,22,False,696,"Phil Demers is a former Marineland employee turned truther, also known as the Walrus Whisperer.

http://savesmooshi.com",139,2:16:59,OCvjelzBBa0,8219,False,True,"""Joe Rogan Experience"" ""Joe Rogan"" ""JRE #743"" 743 UFC ""Ultimate Fighting Championship"" Comedy Comedian Stand-Up ""Stand Up"" ""Phil Demers"" Marineland SeaWorld SaveSmooshi Smooshi Orca Walrus Dolphin ""Marine life"" Deathsquad ""Freak Party""",8219,2385,public,4.0,0.0,https://i.ytimg.com/vi/OCvjelzBBa0/default.jpg,1452041493,,Joe Rogan Experience #743 - Phil Demers,zQUP1qoWDoEbmsQxvdjxgQ,230128,1452041493000,2016,1,6,743,230128,136,Phil Demers
04/01/2016,PowerfulJRE,22,False,1265,"Aubrey Marcus is writer, entrepreneur, and adventurer. He also hosts his own podcast available for download via iTunes called The Aubrey Marcus Podcast.",441,2:53:59,k0maW69GF3Q,10439,False,True,"""Joe Rogan Experience"" podcast JRE ""Aubrey Marcus"" ""Joe Rogan"" UFC ""Ultimate Fighting Championship"" Onnit ""Human Optimization"" ""JRE #742"" 742 Deathsquad ""Freak Party"" Comedy Comedian ""Stand Up"" Stand-up",10439,3086,public,4.0,0.0,https://i.ytimg.com/vi/k0maW69GF3Q/default.jpg,1451944679,,Joe Rogan Experience #742 - Aubrey Marcus,zQUP1qoWDoEbmsQxvdjxgQ,333676,1451944679000,2016,1,4,742,333676,173,Aubrey Marcus
24/12/2015,PowerfulJRE,22,False,3022,Joey “CoCo” Diaz is a Cuban-American stand up comedian and actor.  Joey also hosts his own podcast called “The Church of What’s Happening Now” -- https://www.youtube.com/madflavorsworld,1467,3:00:39,kwHYqeN97oc,10839,False,True,"""Joe Rogan Experience"" JRE Joe Rogan podcast UFC MMA comedy stand up Deathsquad funny Freak Party ""Joey Diaz"" ""Brian Redban"" ""JRE #741"" 741",10839,20802,public,4.0,0.0,https://i.ytimg.com/vi/kwHYqeN97oc/default.jpg,1450996325,,Joe Rogan Experience #741 - Joey Diaz,zQUP1qoWDoEbmsQxvdjxgQ,2825319,1450996325000,2015,12,24,741,2825319,180,Joey Diaz
23/12/2015,PowerfulJRE,22,False,1325,"Thaddeus Russell is an adjunct professor of American Studies at Occidental College, and also the author of ""A Renegade History of The United States""",623,2:50:59,eUDwTM4j3y0,10259,False,True,"""Joe Rogan Experience"" JRE Joe Rogan podcast UFC MMA comedy stand up Deathsquad funny Freak Party ""Thaddeus Russell"" ""JRE #740"" 740",10259,2128,public,4.0,0.0,https://i.ytimg.com/vi/eUDwTM4j3y0/default.jpg,1450918671,,Joe Rogan Experience #740 - Thaddeus Russell,zQUP1qoWDoEbmsQxvdjxgQ,242805,1450918671000,2015,12,24,740,242805,170,Thaddeus Russell
22/12/2015,PowerfulJRE,22,False,2613,"Duncan Trussell is a stand-up comedian, and host of his own podcast ""The Duncan Trussell Family Hour"". Christopher Ryan, Ph.D. is a psychologist, speaker, and author of New York Times best seller Sex At Dawn, and also host of his own podcast ""Tangentially Speaking""",1740,2:57:30,ii2xTW1pT1E,10650,False,False,"""Joe Rogan Experience"" JRE Joe Rogan podcast UFC MMA comedy stand up Deathsquad funny Freak Party ""JRE #739"" 739 ""Duncan Trussell"" ""Christopher Ryan"" ""Sex at Dawn"" ""Tangentially Speaking"" ""Family Hour""",10650,15738,public,4.0,0.0,https://i.ytimg.com/vi/ii2xTW1pT1E/default.jpg,1450836672,,Joe Rogan Experience #739 - Duncan Trussell & Christopher Ryan,zQUP1qoWDoEbmsQxvdjxgQ,2403258,1450836672000,2015,12,23,739,2403258,177,Duncan Trussell & Christopher Ryan
16/12/2015,PowerfulJRE,22,False,1204,"Molly Crabapple is an American artist and journalist, known for her work for The New York Times, VICE, the Wall Street Journal, the Royal Society of Arts, Red Bull, Marvel Comics, DC Comics and CNN. Her new book ""Drawing Blood"" is available now on Amazon -- http://amzn.to/1QqNp5m",1730,2:12:21,kn1BHVoumPU,7941,False,True,"""Joe Rogan Experience"" podcast ""JRE #738"" 738 UFC ""Molly Crabapple"" VICE ""Vice news"" ""Joe Rogan (Celebrity)"" ""Comedy (Film Genre)"" ""Journalist (Profession)"" ""Artist (Project Role)"" ""Drawing Blood"" Deathsquad ""Freak Party""",7941,1672,public,2.0,0.0,https://i.ytimg.com/vi/kn1BHVoumPU/default.jpg,1450311478,,Joe Rogan Experience #738 - Molly Crabapple,zQUP1qoWDoEbmsQxvdjxgQ,209887,1450311478000,2015,12,17,738,209887,132,Molly Crabapple
15/12/2015,PowerfulJRE,22,False,7913,Lance Armstrong is an American former professional road racing cyclist and 7-time winner of the Tour de France.,2542,1:52:53,rEfSdPz1WtA,6773,False,True,"""Joe Rogan Experience"" ""Joe Rogan (Celebrity)"" ""Lance Armstrong (Celebrity)"" Bike UFC ""Ultimate Fighting Championship (Sports Association)"" ""JRE #737"" 737 Deathsquad ""Freak Party"" ""Tour De France (Recurring Competition)"" EPO steroids ""Comedy (Film Genre)"" ""Comedian (Profession)"" ""Cycling (Interest)"" Biking",6773,30878,public,4.0,0.0,https://i.ytimg.com/vi/rEfSdPz1WtA/default.jpg,1450209015,,Joe Rogan Experience #737 - Lance Armstrong,zQUP1qoWDoEbmsQxvdjxgQ,3670583,1450209015000,2015,12,15,737,3670583,112,Lance Armstrong
14/12/2015,PowerfulJRE,22,False,1092,"Peter Boghossian is a philosophy instructor, activist, author, speaker, and atheism advocate. He is a full-time faculty member at Portland State University.",524,2:51:35,WZvucbACmZQ,10295,False,True,"""Joe Rogan Experience"" podcast ""JRE #735"" 735 ""Peter Boghossian"" ""Joe Rogan (Celebrity)"" ""Comedy (Film Genre)"" ""Comedian (Profession)"" ""Stand-up Comedy (TV Genre)"" ""Ultimate Fighting Championship (Sports Association)"" UFC",10295,2258,public,4.0,0.0,https://i.ytimg.com/vi/WZvucbACmZQ/default.jpg,1450142843,,Joe Rogan Experience #735 - Peter Boghossian,zQUP1qoWDoEbmsQxvdjxgQ,214183,1450142843000,2015,12,15,735,214183,171,Peter Boghossian
14/12/2015,PowerfulJRE,22,False,1862,"Brendan Schaub is a mixed martial artist and also a former college & pro football player. Bryan Callen is an actor and stand-up comedian. Together they host ""The Fighter & The Kid"" podcast available on iTunes.",346,2:05:26,nn2BVILWRT0,7526,False,True,"""Joe Rogan Experience"" podcast UFC ""UFC 194"" ""Ultimate Fighting Championship (Sports Association)"" ""Conor McGregor"" ""José Aldo (Athlete)"" ""Brendan Schaub (Athlete)"" ""Bryan Callen (TV Actor)"" ""Joe Rogan (Celebrity)"" ""JRE #736"" ""Fighter & The Kid"" ""Comedy (Film Genre)"" ""Comedian (Profession)"" ""Comedy (Theater Genre)"" ""Stand-up Comedy (TV Genre)""",7526,5222,public,4.0,0.0,https://i.ytimg.com/vi/nn2BVILWRT0/default.jpg,1450142814,,Joe Rogan Experience #736 - Brendan Schaub & Bryan Callen,zQUP1qoWDoEbmsQxvdjxgQ,709499,1450142814000,2015,12,15,736,709499,125,Brendan Schaub & Bryan Callen
10/12/2015,PowerfulJRE,22,False,1117,"Brendan Schaub is a mixed martial artist and also a former college & pro football player. He also hosts a podcast with Bryan Callen called ""The Fighter & The Kid"" available on iTunes.",218,2:49:54,Xoe2Iju6DsI,10194,False,True,"""Joe Rogan Experience"" JRE Joe Rogan podcast UFC MMA comedy stand up Deathsquad funny Freak Party ""Joe Rogan (Celebrity)"" ""Stand-up Comedy (TV Genre)"" Humor Comedian ""Brendan Schaub (Athlete)"" ""JRE #734"" 734 ""Ultimate Fighting Championship (Sports Association)"" ""UFC 194"" ""Connor McGregor"" ""José Aldo (Athlete)""",10194,3400,public,4.0,0.0,https://i.ytimg.com/vi/Xoe2Iju6DsI/default.jpg,1449800239,,Joe Rogan Experience #734 - Brendan Schaub,zQUP1qoWDoEbmsQxvdjxgQ,453032,1449800239000,2015,12,11,734,453032,169,Brendan Schaub
09/12/2015,PowerfulJRE,22,False,480,Judah Friedlander is a stand up comedian and actor and his new book IF THE RAINDROPS UNITED is available now on Amazon -- http://amzn.to/1Oj8IPZ,121,2:06:58,UBLFhv54dUU,7618,False,True,"""Joe Rogan (Celebrity)"" ""Judah Friedlander (TV Actor)"" ""Joe Rogan Experience"" ""30 Rock (TV Program)"" ""Ultimate Fighting Championship (Sports Association)"" UFC Deathsquad ""Freak Party"" ""Comedy (Film Genre)"" ""Comedian (Profession)"" ""Stand-up Comedy (TV Genre)"" ""JRE #733"" 733 ""stand-up comedy""",7618,1878,public,4.0,0.0,https://i.ytimg.com/vi/UBLFhv54dUU/default.jpg,1449708661,,Joe Rogan Experience #733 - Judah Friedlander,zQUP1qoWDoEbmsQxvdjxgQ,237810,1449708661000,2015,12,10,733,237810,126,Judah Friedlander
08/12/2015,PowerfulJRE,22,False,1912,"Whitney Cummings is a stand up comedian and actress. She is best known as the creator and star of the NBC sitcom Whitney, as well as the co-creator of the CBS sitcom 2 Broke Girls. Her new special ""I'm Your Girlfriend"" debuts January 23, 2016 on HBO.",829,2:35:12,ZKiKVWDac7k,9312,False,True,"""Joe Rogan Experience"" JRE Joe Rogan podcast UFC MMA comedy stand up Deathsquad funny Freak Party ""Joe Rogan (Celebrity)"" ""Whitney Cummings (TV Writer)"" ""Stand-up Comedy (TV Genre)"" Humor ""Whitney (TV Show)"" ""2 Broke Girls (TV Program)"" ""JRE #732"" 732 Comedian",9312,6224,public,4.0,0.0,https://i.ytimg.com/vi/ZKiKVWDac7k/default.jpg,1449624117,,Joe Rogan Experience #732 - Whitney Cummings,zQUP1qoWDoEbmsQxvdjxgQ,667437,1449624117000,2015,12,9,732,667437,155,Whitney Cummings
03/12/2015,PowerfulJRE,22,False,746,"Bert Kreischer is a stand-up comedian, actor and reality television host. Check out his book ""Life of the Party"" on Amazon and his podcast ""The Bertcast"" on Stitcher & iTunes. https://www.youtube.com/user/Akreischer",286,2:59:43,3euP8g3434A,10783,False,True,"""Joe Rogan Experience"" JRE Joe Rogan podcast UFC MMA comedy stand up Deathsquad funny Freak Party ""Joe Rogan (Celebrity)"" ""Bert Kreischer (Musical Artist)"" ""Comedy (Theater Genre)"" ""Brian Redban"" ""JRE #731"" 731 ""Ultimate Fighting Championship (Sports Association)"" ""Comedy (Film Genre)"" ""Comedian (Profession)"" ""Stand-up Comedy (TV Genre)"" ""Trip Flip"" ""Hurt Bert"" ""Bert The Conqueror (TV Program)""",10783,3511,public,4.0,0.0,https://i.ytimg.com/vi/3euP8g3434A/default.jpg,1449206921,,Joe Rogan Experience #731 - Bert Kreischer,zQUP1qoWDoEbmsQxvdjxgQ,484444,1449206921000,2015,12,4,731,484444,179,Bert Kreischer
02/12/2015,PowerfulJRE,22,False,2241,"Demetrious Johnson is a mixed martial artist. He is the first and current Flyweight Champion of the Ultimate Fighting Championship.
http://www.twitch.tv/mightymouseufc125",510,3:01:26,QGp9bQzl1Wk,10886,False,True,"""Demetrious Johnson (Person)"" ""Joe Rogan (Celebrity)"" ""Comedy (Theater Genre)"" ""Joe Rogan Experience"" ""Podcast (Website Category)"" ""JRE #730"" 730 ""Ultimate Fighting Championship (Sports Association)"" UFC funny ""Comedy (Film Genre)"" ""Comedian (Profession)"" Mma Boxing ""Stand-up Comedy (TV Genre)""",10886,13683,public,4.0,0.0,https://i.ytimg.com/vi/QGp9bQzl1Wk/default.jpg,1449106996,,Joe Rogan Experience #730 - Demetrious Johnson,zQUP1qoWDoEbmsQxvdjxgQ,1238483,1449106996000,2015,12,3,730,1238483,181,Demetrious Johnson
01/12/2015,PowerfulJRE,22,False,7085,"Jocko Willink is an author, black belt in Brazilian jiu jitsu, and retired commander of the most highly decorated special-operations unit of the Iraq War: US Navy SEAL Team Three Task Unit Bruiser, which served in the 2006 Battle of Ramadi. His book ""Extreme Ownership"" is available now via Amazon -- http://amzn.to/1Nmzm9E",3121,2:51:31,NnKcquMobHQ,10291,False,True,"""Jocko Willink"" ""Joe Rogan (Celebrity)"" ""Comedy (Theater Genre)"" ""Joe Rogan Experience"" podcast ""JRE #729"" 729 JRE UFC ""Ultimate Fighting Championship (Sports Association)"" ""Comedy (Film Genre)"" ""United States Navy SEALs (Organization)"" ""Extreme Ownership"" funny ""Comedian (Profession)"" ""Stand-up Comedy (TV Genre)""",10291,54500,public,4.0,0.0,https://i.ytimg.com/vi/NnKcquMobHQ/default.jpg,1449018359,,Joe Rogan Experience #729 - Jocko Willink,zQUP1qoWDoEbmsQxvdjxgQ,5315924,1449018359000,2015,12,2,729,5315924,171,Jocko Willink
27/11/2015,PowerfulJRE,22,False,1981,"Ceara Lynch is a professional humiliatrix and fetish video producer, and she also has a documentary coming soon called ""Ruin Me"" https://www.facebook.com/ruinmemovie/ 
http://www.cearalynch.com/",1254,57:23,yJj9q-67ivA,3443,False,True,"""Joe Rogan Experience"" podcast JRE ""JRE #728"" 728 UFC ""Ultimate Fighting Championship (Sports Association)"" ""Joe Rogan (Celebrity)"" ""Comedy (Theater Genre)"" ""Ceara Lynch"" humiliatrix funny ""Comedy (Film Genre)"" ""Comedian (Profession)"" ""Stand-up Comedy (TV Genre)""",3443,3000,public,3.0,0.0,https://i.ytimg.com/vi/yJj9q-67ivA/default.jpg,1448667271,,Joe Rogan Experience #728 - Ceara Lynch,zQUP1qoWDoEbmsQxvdjxgQ,312180,1448667271000,2015,11,27,728,312180,57,Ceara Lynch
24/11/2015,PowerfulJRE,22,False,5097,"Bill Burr is a standup comedian and also hosts his own podcast called ""The Monday Morning Podcast"" 
His new show ""F is for Family"" premieres on Netflix on December 18th, 2015.",2824,2:32:28,MxrHlhTXUPE,9148,False,True,"""Joe Rogan Experience"" JRE Joe Rogan podcast UFC MMA comedy stand up Deathsquad funny ""Joe Rogan (Celebrity)"" ""Bill Burr (TV Writer)"" Humor ""Stand-up Comedy (TV Genre)"" Sketch ""Sketch Comedy (TV Genre)"" Comedian ""Brian Redban"" ""Freak Party"" MMP ""Ultimate Fighting Championship (Sports Association)"" ""JRE #727"" 727 ""F is for Family"" Netflix",9148,46123,public,4.0,0.0,https://i.ytimg.com/vi/MxrHlhTXUPE/default.jpg,1448413584,,Joe Rogan Experience #727 - Bill Burr,zQUP1qoWDoEbmsQxvdjxgQ,6714407,1448413584000,2015,11,25,727,6714407,152,Bill Burr
23/11/2015,PowerfulJRE,22,False,554,Josh Zepps is the host of HuffPost Live & #WeThePeople LIVE available on iTunes (https://t.co/6eWfSu8tRM) and at http://wtplive.com,145,1:36:05,6aA50THi-VI,5765,False,True,"""Joe Rogan Experience"" JRE Joe Rogan podcast UFC MMA comedy stand up Deathsquad funny Freak Party ""Joe Rogan (Celebrity)"" Humor ""Stand-up Comedy (TV Genre)"" ""Josh Zepps"" ""HuffPost Live (Award-Winning Work)"" #726 ""JRE #726"" ""We The People Live""",5765,1483,public,4.0,0.0,https://i.ytimg.com/vi/6aA50THi-VI/default.jpg,1448311988,,Joe Rogan Experience #726 - Josh Zepps,zQUP1qoWDoEbmsQxvdjxgQ,152775,1448311988000,2015,11,23,726,152775,96,Josh Zepps
19/11/2015,PowerfulJRE,22,False,18779,"Graham Hancock is an English author and journalist, well known for books such as ""Fingerprints Of The Gods"" & his new book ""Magicians of the Gods"" is available now. Randall Carlson is a master builder and architectural designer, teacher, geometrician, geomythologist, geological explorer and renegade scholar.",8070,3:01:55,aDejwCGdUV8,10915,False,True,"""Joe Rogan (Celebrity)"" ""Graham Hancock (Author)"" ""Comedy (Theater Genre)"" ""JRE #725"" 725 ""Randall Carlson"" UFC ""Ultimate Fighting Championship (Sports Association)"" podcast ""Podcast (Website Category)"" ""Comedian (Profession)"" ""Stand-up Comedy (TV Genre)"" ""Joe Rogan Experience""",10915,105821,public,4.0,0.0,https://i.ytimg.com/vi/aDejwCGdUV8/default.jpg,1447976575,,Joe Rogan Experience #725 - Graham Hancock & Randall Carlson,zQUP1qoWDoEbmsQxvdjxgQ,11436550,1447976575000,2015,11,19,725,11436550,181,Graham Hancock & Randall Carlson
18/11/2015,PowerfulJRE,22,False,2496,Christina Sommers is an author and former philosophy professor known for her writings about feminism in contemporary American culture.,373,2:53:10,S_hS-JXoTMk,10390,False,True,"""Christina Hoff Sommers (Author)"" ""Joe Rogan (Celebrity)"" ""Comedy (Theater Genre)"" ""Joe Rogan Experience"" podcast ""JRE #724"" 724 UFC Deathsquad ""Freak Party"" ""Feminism (Literary School Or Movement)"" ""Ultimate Fighting Championship (Sports Association)"" ""Comedy (Film Genre)"" ""Comedian (Profession)""",10390,12895,public,4.0,0.0,https://i.ytimg.com/vi/S_hS-JXoTMk/default.jpg,1447898207,,Joe Rogan Experience #724 - Christina Sommers,zQUP1qoWDoEbmsQxvdjxgQ,725095,1447898207000,2015,11,19,724,725095,173,Christina Sommers
16/11/2015,PowerfulJRE,22,False,2839,"Dana White is a businessman, entrepreneur, and the president of the UFC. Tony Hinchcliffe is a comedian, writer, and actor. He also hosts his own podcast called “Kill Tony” with Redban, and it’s available on iTunes and at http://Deathsquad.tv",548,2:03:49,b_LL_H7L_Tg,7429,False,False,"""Joe Rogan Experience"" JRE Joe Rogan podcast UFC MMA comedy stand up Deathsquad funny Freak Party ""Joe Rogan (Celebrity)"" ""Dana White (TV Program Creator)"" Humor ""Stand-up Comedy (TV Genre)"" ""JRE #723"" 723 ""UFC #193"" 193 ""Holly Holm (Boxer)"" ""Ronda Rousey (Martial Artist)"" ""Martial Arts (Sport)"" ""Boxing (Sport)""",7429,4983,public,4.0,0.0,https://i.ytimg.com/vi/b_LL_H7L_Tg/default.jpg,1447713305,,Joe Rogan Experience #723 - Dana White & Tony Hinchcliffe (Audio Only),zQUP1qoWDoEbmsQxvdjxgQ,689624,1447713305000,2015,11,16,723,689624,123,Dana White & Tony Hinchcliffe (Audio Only)
16/11/2015,PowerfulJRE,22,False,297,"Tony Hinchcliffe is a comedian, writer, and actor. He also hosts his own podcast called “Kill Tony” with Redban, and it’s available on iTunes and at http://Deathsquad.tv",115,2:02:49,QQ4klklA9Qc,7369,False,False,"""Joe Rogan Experience"" JRE Joe Rogan podcast UFC MMA comedy stand up Deathsquad funny Freak Party ""Joe Rogan (Celebrity)"" ""Tony Hinchcliffe"" ""Kill Tony"" ""JRE #722"" 722 ""UFC 193"" ""Melbourne (City/Town/Village)"" Humor",7369,608,public,4.0,0.0,https://i.ytimg.com/vi/QQ4klklA9Qc/default.jpg,1447711350,,Joe Rogan Experience #722 - Tony Hinchcliffe (Audio Only),zQUP1qoWDoEbmsQxvdjxgQ,91489,1447711350000,2015,11,16,722,91489,122,Tony Hinchcliffe (Audio Only)
11/11/2015,PowerfulJRE,22,False,1938,"Eddie Bravo is a jiujitsu black belt, music producer, and author. http://www.eddiebravoinvitational.com/",480,2:59:48,VFY45O6wXQw,10788,False,True,"""Joe Rogan (Celebrity)"" ""Eddie Bravo (Martial Artist)"" ""Comedy (Theater Genre)"" ""JRE #721"" ""Joe Rogan Experience"" ""Podcast (Website Category)"" ""Ultimate Fighting Championship (Sports Association)"" UFC ""10th Planet"" Jiujitsu BJJ Deathsquad ""Freak Party"" ""Comedian (Profession)"" ""Comedy (Film Genre)""",10788,6784,public,4.0,0.0,https://i.ytimg.com/vi/VFY45O6wXQw/default.jpg,1447310956,,Joe Rogan Experience #721 - Eddie Bravo,zQUP1qoWDoEbmsQxvdjxgQ,776627,1447310956000,2015,11,12,721,776627,179,Eddie Bravo
10/11/2015,PowerfulJRE,22,False,1261,"Tait Fletcher is an actor, stuntman, entrepreneur, and jiu jitsu black belt. Andy Stumpf is a retired Navy SEAL and is currently a wingsuit world record holder.",327,2:57:33,GtD8oMMJK_k,10653,False,True,"""Joe Rogan (Celebrity)"" ""Comedy (Theater Genre)"" ""Ultimate Fighting Championship (Sports Association)"" UFC ""Joe Rogan Experience"" ""Tait Fletcher"" ""Andy Stumpf"" ""United States Navy SEALs (Organization)"" ""JRE #720"" 720 podcast ""Comedian (Profession)"" ""Comedy (Film Genre)"" Deathsquad ""Freak Party""",10653,4043,public,4.0,0.0,https://i.ytimg.com/vi/GtD8oMMJK_k/default.jpg,1447224782,,Joe Rogan Experience #720 - Tait Fletcher & Andy Stumpf,zQUP1qoWDoEbmsQxvdjxgQ,408847,1447224782000,2015,11,11,720,408847,177,Tait Fletcher & Andy Stumpf
04/11/2015,PowerfulJRE,22,False,578,"Josh Olin is currently Vice President of Communications at 3D Realms, a video game publisher/developer. He also previously worked as the community manager for various games, including Call of Duty & League of Legends.",135,2:22:44,WFDfWOIFKnQ,8564,False,True,"""Joe Rogan (Celebrity)"" ""Josh Olin"" ""Comedy (Theater Genre)"" ""JRE #719"" JRE Deathsquad ""Freak Party"" UFC ""Ultimate Fighting Championship (Sports Association)"" ""Comedian (Profession)"" podcast ""Call Of Duty (Video Game Series)"" ""3D Realms (Video Game Developer)"" ""Duke Nukem Forever (Video Game)"" ""Bombshell (Fictional Character)"" ""League Of Legends (Video Game)""",8564,1786,public,4.0,0.0,https://i.ytimg.com/vi/WFDfWOIFKnQ/default.jpg,1446687695,,Joe Rogan Experience #719 - Josh Olin,zQUP1qoWDoEbmsQxvdjxgQ,195330,1446687695000,2015,11,5,719,195330,142,Josh Olin
03/11/2015,PowerfulJRE,22,False,785,"Christopher Ryan, PhD is a psychologist, speaker, and author of New York Times best seller ""Sex At Dawn""",223,3:01:10,w1Y6uau7NRQ,10870,False,True,"""Joe Rogan Experience"" JRE Joe Rogan podcast UFC MMA comedy stand up Deathsquad funny Freak Party ""Joe Rogan (Celebrity)"" ""Christopher Ryan"" ""Stand-up Comedy (TV Genre)"" Humor ""Sex at Dawn"" ""JRE 718"" 718",10870,3458,public,4.0,0.0,https://i.ytimg.com/vi/w1Y6uau7NRQ/default.jpg,1446610989,,Joe Rogan Experience #718 - Christopher Ryan,zQUP1qoWDoEbmsQxvdjxgQ,394589,1446610989000,2015,11,4,718,394589,181,Christopher Ryan
03/11/2015,PowerfulJRE,22,False,7230,"Steve-O is a stunt performer, comedian, clown, actor, producer, author, and television personality. He is taping his comedy special for Showtime on November 21 in Austin, TX, tickets are available at http://steveo.com/",4598,2:30:12,16J-lCSSMVA,9012,False,True,"""Joe Rogan (Celebrity)"" ""Steve-O (Celebrity)"" ""Joe Rogan Experience"" ""Ultimate Fighting Championship (Sports Association)"" UFC JRE ""JRE #717"" ""Comedy (Theater Genre)"" ""Comedian (Profession)"" Deathsquad ""Freak Party"" ""Brian Redban"" ""Jackass: The Movie (Award-Winning Work)"" ""Jackass Number Two (Film)"" ""Jackass 3D (Film)"" ""Stand-up Comedy (TV Genre)""",9012,71993,public,4.0,0.0,https://i.ytimg.com/vi/16J-lCSSMVA/default.jpg,1446610898,,Joe Rogan Experience #717 - Steve-O,zQUP1qoWDoEbmsQxvdjxgQ,8519283,1446610898000,2015,11,4,717,8519283,150,Steve
30/10/2015,PowerfulJRE,22,False,716,"Daniele Bolelli is an Italian author, professor, and martial artist. His books include ""Create Your Own Religion"" and ""On the Warrior's Path"" and his new podcast called ""History on Fire"" is available on iTunes.",99,2:58:37,kDzNZyrDiWc,10717,False,True,"""Joe Rogan Experience"" JRE Joe Rogan podcast UFC MMA comedy stand up Deathsquad funny ""Joe Rogan (Celebrity)"" ""Daniele Bolelli"" ""Stand-up Comedy (TV Genre)"" Humor Comedian ""JRE #573"" 573 ""Drunken Taoist"" ""History on Fire"" ""Freak Party""",10717,2158,public,4.0,0.0,https://i.ytimg.com/vi/kDzNZyrDiWc/default.jpg,1446249646,,Joe Rogan Experience #716 - Daniele Bolelli,zQUP1qoWDoEbmsQxvdjxgQ,245902,1446249646000,2015,10,31,716,245902,178,Daniele Bolelli
29/10/2015,PowerfulJRE,22,False,516,"Remi Warren is a hunter, adventurer, and videographer. His show ""Apex Predator"" is on the Outdoor Channel and available at http://apexpredator.tv",178,2:55:08,dkZv4AR56EI,10508,False,True,"""Joe Rogan (Celebrity)"" ""Comedy (Theater Genre)"" ""Apex Predator"" ""Outdoor Channel (TV Network)"" ""Sportsman Channel (TV Network)"" ""Hunting (Interest)"" ""Remi Warren"" ""JRE #715"" UFC 715 ""Ultimate Fighting Championship (Sports Association)"" ""Joe Rogan Experience"" podcast ""Podcast (Website Category)"" Deathsquad ""Freak Party"" JRE",10508,2403,public,4.0,0.0,https://i.ytimg.com/vi/dkZv4AR56EI/default.jpg,1446163126,,Joe Rogan Experience #715 - Remi Warren,zQUP1qoWDoEbmsQxvdjxgQ,306604,1446163126000,2015,10,29,715,306604,175,Remi Warren
28/10/2015,PowerfulJRE,22,False,653,"John Wayne Parr is an Australian middleweight kickboxer and boxer, fighting out of Boonchu Gym in Gold Coast, Queensland. He is a 10-time World Champion in Muay Thai and runner up in The Contender Asia.",115,3:04:58,NMR_-8RBWvQ,11098,False,True,"""Joe Rogan (Celebrity)"" ""Comedy (Theater Genre)"" ""John Wayne Parr (Athlete)"" ""Muay Thai (Martial Art)"" ""Ultimate Fighting Championship (Sports Association)"" K1 ""Kickboxing (Martial Art)"" ""Joe Rogan Experience"" Deathsquad UFC ""Freak Party"" ""Martial Arts (Sport)"" ""JRE #714"" 714",11098,3122,public,4.0,0.0,https://i.ytimg.com/vi/NMR_-8RBWvQ/default.jpg,1446095478,,Joe Rogan Experience #714 - John Wayne Parr,zQUP1qoWDoEbmsQxvdjxgQ,333224,1446095478000,2015,10,29,714,333224,184,John Wayne Parr
26/10/2015,PowerfulJRE,22,False,2002,"Dave Rubin is a stand-up comedian, talk show host, and television personality. He is the creator and host of political comedy talk show The Rubin Report, part of Ora TV and formerly of The Young Turks Network. http://www.youtube.com/rubinreport",439,3:00:14,vBWv9yaf_w4,10814,False,True,"""Joe Rogan (Celebrity)"" ""Dave Rubin (TV Personality)"" ""Comedy (Theater Genre)"" ""Celebrity (Media Genre)"" ""Joe Rogan Experience"" Deathsquad ""Freak Party"" ""Ultimate Fighting Championship (Sports Association)"" UFC ""ORA TV"" TYT ""The Young Turks (Award-Winning Work)""",10814,6568,public,4.0,0.0,https://i.ytimg.com/vi/vBWv9yaf_w4/default.jpg,1445908577,,Joe Rogan Experience #713 - Dave Rubin,zQUP1qoWDoEbmsQxvdjxgQ,453649,1445908577000,2015,10,27,713,453649,180,Dave Rubin
20/10/2015,PowerfulJRE,22,False,4876,"Wim Hof is a Dutch world record holder, adventurer and daredevil, commonly nicknamed the Iceman for his ability to withstand extreme cold.",754,2:24:24,Np0jGp6442A,8664,False,True,"""Joe Rogan Experience"" JRE Joe Rogan podcast UFC MMA comedy stand up Deathsquad funny Freak Party ""Joe Rogan (Celebrity)"" ""Stand-up Comedy (TV Genre)"" Humor Internet ""Ultimate Fighting Championship (Sports Association)"" ""Wim Hof (TV Actor)"" ""Wim Hof Method"" ""JRE #712"" 712 Comedian",8664,35113,public,4.0,0.0,https://i.ytimg.com/vi/Np0jGp6442A/default.jpg,1445449242,,Joe Rogan Experience #712 - Wim Hof,zQUP1qoWDoEbmsQxvdjxgQ,2020155,1445449242000,2015,10,21,712,2020155,144,Wim Hof
19/10/2015,PowerfulJRE,22,False,776,Brian Redban is a comedian and the founder of the Deathsquad podcast network. http://deathsquad.tv,151,2:15:48,_WmGqdrmDqQ,8148,False,True,"""Joe Rogan Experience"" JRE Joe Rogan podcast UFC MMA comedy stand up Deathsquad funny Freak Party ""Joe Rogan (Celebrity)"" ""Brian Redban"" ""Stand-up Comedy (TV Genre)"" Humor Internet ""Ultimate Fighting Championship (Sports Association)"" ""JRE #711"" 711",8148,2355,public,4.0,0.0,https://i.ytimg.com/vi/_WmGqdrmDqQ/default.jpg,1445387891,,Joe Rogan Experience #711 - Brian Redban,zQUP1qoWDoEbmsQxvdjxgQ,248661,1445387891000,2015,10,21,711,248661,135,Brian Redban
18/10/2015,PowerfulJRE,22,False,22152,"Gavin McInnes is a writer, creative director, actor, comedian, and co-founder of Vice Media. He also hosts his own show ""The Gavin McInnes Show"" available here -- https://www.anthonycumia.com/show/the-gavin-mcinnes-show/",9249,2:55:50,frVdO2E5x4Y,10550,False,True,"""Joe Rogan Experience"" JRE Joe Rogan podcast UFC MMA comedy stand up Deathsquad funny Freak Party ""Joe Rogan (Celebrity)"" ""Gavin McInnes (Film Actor)"" ""Stand-up Comedy (TV Genre)"" Humor ""JRE #710"" 710 VICE hipster ""Gavin MicInnes Show"" ""Anthony Cumia"" ""O & A""",10550,50876,public,4.0,0.0,https://i.ytimg.com/vi/frVdO2E5x4Y/default.jpg,1445320074,,Joe Rogan Experience #710 - Gavin McInnes,zQUP1qoWDoEbmsQxvdjxgQ,5337965,1445320074000,2015,10,20,710,5337965,175,Gavin McInnes
15/10/2015,PowerfulJRE,22,False,1093,"Steven Rinella is an outdoorsman, author, and television host. He currently hosts MeatEater on the Sportsman Channel.",350,2:46:24,Bkk11KSSVgY,9984,False,True,"""Joe Rogan Experience"" JRE Joe Rogan podcast UFC MMA comedy stand up Deathsquad funny Freak Party ""Joe Rogan (Celebrity)"" ""Stand-up Comedy (TV Genre)"" Humor ""Steven Rinella (TV Producer)"" ""JRE #709"" 709",9984,4157,public,4.0,0.0,https://i.ytimg.com/vi/Bkk11KSSVgY/default.jpg,1444949607,,Joe Rogan Experience #709 - Steven Rinella,zQUP1qoWDoEbmsQxvdjxgQ,546191,1444949607000,2015,10,15,709,546191,166,Steven Rinella
14/10/2015,PowerfulJRE,22,False,8886,"Steven Crowder is an actor, comedian and former contributor for the Fox News Channel. He currently runs his own website and also a podcast called ""Louder With Crowder"" - http://louderwithcrowder.com/",4188,2:58:36,v4IyBf0iPsY,10716,False,True,"""Joe Rogan Experience"" JRE Joe Rogan podcast UFC MMA comedy stand up Deathsquad funny Freak Party ""Joe Rogan (Celebrity)"" ""Steven Crowder (Film Actor)"" ""Stand-up Comedy (TV Genre)"" Humor ""JRE #708"" 708 ""Louder With Crowder""",10716,38559,public,4.0,0.0,https://i.ytimg.com/vi/v4IyBf0iPsY/default.jpg,1444876866,,Joe Rogan Experience #708 - Steven Crowder,zQUP1qoWDoEbmsQxvdjxgQ,4346822,1444876866000,2015,10,15,708,4346822,178,Steven Crowder
13/10/2015,PowerfulJRE,22,False,2397,"Michael Dowd is a former NYPD officer and current ethics consultant. ""The Seven Five"" is a critically acclaimed documentary made about his time as an officer, and is available for download at - www.themikedowd.com",841,3:00:17,TVt2CJewjFE,10817,False,True,"""Joe Rogan Experience"" JRE Joe Rogan podcast UFC MMA comedy stand up Deathsquad funny Freak Party ""Joe Rogan (Celebrity)"" ""Stand-up Comedy (TV Genre)"" Humor ""JRE #707"" 707 ""Michael Dowd"" ""New York City Police Department (Government Agency)"" ""The 7-5"" ""The Seven Five""",10817,7915,public,4.0,0.0,https://i.ytimg.com/vi/TVt2CJewjFE/default.jpg,1444772877,,Joe Rogan Experience #707 - Michael Dowd,zQUP1qoWDoEbmsQxvdjxgQ,962065,1444772877000,2015,10,13,707,962065,180,Michael Dowd
08/10/2015,PowerfulJRE,22,False,313,"Tait Fletcher is an actor, stuntman, entrepreneur, and jiu jitsu black belt.",113,1:27:52,lKsUXScjhgI,5272,False,True,"""Joe Rogan Experience"" JRE Joe Rogan podcast UFC MMA comedy stand up Deathsquad funny Freak Party ""Joe Rogan (Celebrity)"" Rise Humor ""Stand-up Comedy (TV Genre)"" ""Ultimate Fighting Championship (Sports Association)"" ""Tait Fletcher"" Sicario ""John Wick"" Comedian ""JRE #705"" 705",5272,1602,public,4.0,0.0,https://i.ytimg.com/vi/lKsUXScjhgI/default.jpg,1444339530,,Joe Rogan Experience #705 - Tait Fletcher,zQUP1qoWDoEbmsQxvdjxgQ,219463,1444339530000,2015,10,8,705,219463,87,Tait Fletcher
05/10/2015,PowerfulJRE,22,False,639,"Alonzo Bodden is a stand up comedian and winner of Last Comic Standing Season 3. He also hosts his own podcast called ""Who's Paying Attention"" available on iTunes.",94,2:57:51,3bQf5R4bEwY,10671,False,True,"""Joe Rogan Experience"" JRE Joe Rogan podcast UFC MMA comedy stand up Deathsquad funny Freak Party ""Joe Rogan (Celebrity)"" ""Stand-up Comedy (TV Genre)"" Humor ""Last Comic Standing (TV Program)"" ""Alonzo Bodden (Musical Artist)"" ""JRE #704"" 704",10671,2344,public,4.0,0.0,https://i.ytimg.com/vi/3bQf5R4bEwY/default.jpg,1444091947,,Joe Rogan Experience #704 - Alonzo Bodden,zQUP1qoWDoEbmsQxvdjxgQ,241365,1444091947000,2015,10,6,704,241365,177,Alonzo Bodden
01/10/2015,PowerfulJRE,22,False,933,Brian Redban is a comedian and the founder of the Deathsquad podcast network. http://deathsquad.tv,240,2:09:53,KVdYipxFa9M,7793,False,True,"""Joe Rogan Experience"" JRE Joe Rogan podcast UFC MMA comedy stand up Deathsquad funny Freak Party ""Joe Rogan (Celebrity)"" ""Brian Redban"" ""Stand-up Comedy (TV Genre)"" Humor Internet ""Ultimate Fighting Championship (Sports Association)"" ""JRE #703"" 703",7793,2225,public,4.0,0.0,https://i.ytimg.com/vi/KVdYipxFa9M/default.jpg,1443730464,,Joe Rogan Experience #703 - Brian Redban,zQUP1qoWDoEbmsQxvdjxgQ,268693,1443730464000,2015,10,1,703,268693,129,Brian Redban
30/09/2015,PowerfulJRE,22,False,18024,Milo Yiannopoulos is a writer and broadcaster. He is a senior editor at Breitbart.com and a regular contributor to Sky News and the BBC.,4403,2:54:17,dGL5eRw7rXU,10457,False,True,"""Joe Rogan Experience"" JRE Joe Rogan podcast UFC MMA comedy stand up Deathsquad funny Freak Party ""Joe Rogan (Celebrity)"" Breitbart ""Milo Yiannopoulos"" Humor ""Stand-up Comedy (TV Genre)"" ""JRE #702"" 702",10457,41340,public,4.0,0.0,https://i.ytimg.com/vi/dGL5eRw7rXU/default.jpg,1443660226,,Joe Rogan Experience #702 - Milo Yiannopoulos,zQUP1qoWDoEbmsQxvdjxgQ,3506638,1443660226000,2015,10,1,702,3506638,174,Milo Yiannopoulos
17/09/2015,PowerfulJRE,22,False,759,"Christopher Ryan, PhD is a psychologist, speaker, and author of New York Times best seller ""Sex At Dawn""",189,2:47:22,D3RRIv4tR_c,10042,False,True,"""Joe Rogan Experience"" JRE Joe Rogan podcast UFC MMA comedy stand up Deathsquad funny Freak Party ""Joe Rogan (Celebrity)"" ""Christopher Ryan"" ""Stand-up Comedy (TV Genre)"" Humor ""JRE 697"" ""Sex at Dawn""",10042,3042,public,4.0,0.0,https://i.ytimg.com/vi/D3RRIv4tR_c/default.jpg,1442531922,,Joe Rogan Experience #697 - Christopher Ryan,zQUP1qoWDoEbmsQxvdjxgQ,325413,1442531922000,2015,9,17,697,325413,167,Christopher Ryan
17/09/2015,PowerfulJRE,22,False,615,"Unbox Therapy is a YouTube channel ""where products get naked."" Lewis does in-depth reviews of new tech products releasing to the consumer market. http://www.youtube.com/unboxtherapy",79,2:23:34,amB2kDXhpqs,8614,False,True,"""Joe Rogan Experience"" JRE Joe Rogan podcast UFC MMA comedy stand up Deathsquad funny Freak Party ""Joe Rogan (Celebrity)"" Humor ""Unbox Therapy"" Lewis ""Stand-up Comedy (TV Genre)"" ""JRE #696"" ""Brian Redban""",8614,2083,public,4.0,0.0,https://i.ytimg.com/vi/amB2kDXhpqs/default.jpg,1442481969,,"Joe Rogan Experience #696 - Lewis, from Unbox Therapy",zQUP1qoWDoEbmsQxvdjxgQ,205272,1442481969000,2015,9,17,696,205272,143,"Lewis, from Unbox Therapy"
09/09/2015,PowerfulJRE,22,False,987,"Sebastian Maniscalco is a stand up comedian and he also host his own podcast with Pete Correale called ""The Pete and Sebastian Show"" available on iTunes.",281,1:53:33,wkC7HjRlDEU,6813,False,True,"""Joe Rogan Experience"" JRE Joe Rogan podcast UFC MMA comedy stand up Deathsquad funny Freak Party ""Joe Rogan (Celebrity)"" ""Sebastian (TV Actor)"" ""Stand-up Comedy (TV Genre)"" ""Television (Invention)"" Humor ""Brian Redban"" ""Freak Party"" ""JRE #695"" 695",6813,3770,public,4.0,0.0,https://i.ytimg.com/vi/wkC7HjRlDEU/default.jpg,1442202853,,Joe Rogan Experience #695 - Sebastian Maniscalco,zQUP1qoWDoEbmsQxvdjxgQ,533021,1442202853000,2015,9,14,695,533021,113,Sebastian Maniscalco
08/09/2015,PowerfulJRE,22,False,833,"Jane McGonigal is a game designer and author who advocates the use of mobile and digital technology to channel positive attitudes and collaboration in a real world context. Her new book SUPERBETTER is available September 15, 2015.",204,2:22:06,5Qh20XWwxMY,8526,False,True,"""Joe Rogan Experience"" JRE Joe Rogan podcast UFC MMA comedy stand up Deathsquad funny Freak Party ""Joe Rogan (Celebrity)"" ""Stand-up Comedy (TV Genre)"" SUPERBETTER ""Jane McGonigal (Author)"" ""JRE #694"" 694 Humor ""Concussion (Disease Or Medical Condition)""",8526,1731,public,4.0,0.0,https://i.ytimg.com/vi/5Qh20XWwxMY/default.jpg,1441745973,,Joe Rogan Experience #694 - Jane McGonigal,zQUP1qoWDoEbmsQxvdjxgQ,175507,1441745973000,2015,9,8,694,175507,142,Jane McGonigal
03/09/2015,PowerfulJRE,22,False,5282,"Jay Leno is a comedian, actor, writer, producer, voice actor, and television host. He was the host of NBC's ""The Tonight Show with Jay Leno"" and currently hosts ""Jay Leno's Garage"" available on YouTube. https://www.youtube.com/user/JayLenosGarage",2605,1:25:46,wvdM_u4NZQw,5146,False,True,"""Joe Rogan Experience"" JRE Joe Rogan podcast UFC MMA comedy stand up Deathsquad funny Freak Party ""Stand-up Comedy (TV Genre)"" Humor ""Jay Leno (TV Producer)"" ""Joe Rogan (Celebrity)"" ""JRE #692"" 692 ""The Tonight Show With Jay Leno (TV Program)"" ""The Tonight Show (Award-Winning Work)"" ""Jay Leno's Garage""",5146,41101,public,4.0,0.0,https://i.ytimg.com/vi/wvdM_u4NZQw/default.jpg,1441687204,,Joe Rogan Experience #692 - Jay Leno,zQUP1qoWDoEbmsQxvdjxgQ,5246415,1441687204000,2015,9,8,692,5246415,85,Jay Leno
07/09/2015,PowerfulJRE,22,False,1277,"Tom Segura is a stand-up comedian, and hosts his own podcast with his wife, Christina Pazsitzky called ""Your Mom's House"" http://www.yourmomshousepodcast.com",883,2:43:39,G0Fzg5RB0e4,9819,False,True,"""Joe Rogan Experience"" JRE Joe Rogan podcast UFC MMA comedy stand up Deathsquad funny Freak Party ""Joe Rogan (Celebrity)"" ""Tom Segura (TV Writer)"" ""Stand-up Comedy (TV Genre)"" Humor ""JRE #693"" 693 ""Your Mom's House""",9819,7905,public,4.0,0.0,https://i.ytimg.com/vi/G0Fzg5RB0e4/default.jpg,1441687109,,Joe Rogan Experience #693 - Tom Segura,zQUP1qoWDoEbmsQxvdjxgQ,1427420,1441687109000,2015,9,8,693,1427420,163,Tom Segura
01/09/2015,PowerfulJRE,22,False,822,"Bryan Callen is an actor and stand-up comedian, and together with Brendan Schaub he also hosts ""The Fighter & The Kid"" podcast.",222,2:51:32,ZYtZP0B5JIE,10292,False,True,"""Joe Rogan Experience"" JRE Joe Rogan podcast UFC MMA comedy stand up Deathsquad funny Freak Party ""Joe Rogan (Celebrity)"" ""Bryan Callen (TV Actor)"" ""Stand-up Comedy (TV Genre)"" ""Television (Invention)"" Humor ""JRE #691"" 691 FTATK ""The Fighter & The Kid"" ""Brendan Schaub (Athlete)""",10292,2789,public,4.0,0.0,https://i.ytimg.com/vi/ZYtZP0B5JIE/default.jpg,1441150977,,Joe Rogan Experience #691 - Bryan Callen,zQUP1qoWDoEbmsQxvdjxgQ,370129,1441150977000,2015,9,1,691,370129,171,Bryan Callen
31/08/2015,PowerfulJRE,22,False,3988,"Ronda Rousey is a mixed martial artist, judoka and actress. She is the first and current UFC Women's Bantamweight Champion,  as well as the last Strikeforce Women's Bantamweight Champion. Edmond Tarverdyan is an MMA and boxing coach and is also Ronda's head trainer.",1451,2:07:42,AL2ampi5uqs,7662,False,True,"""Joe Rogan Experience"" JRE Joe Rogan podcast UFC MMA comedy stand up Deathsquad funny Freak Party ""Joe Rogan (Celebrity)"" ""Ronda Rousey (Martial Artist)"" ""Martial Arts (Sport)"" Humor ""Stand-up Comedy (TV Genre)"" ""JRE #690"" 690",7662,11090,public,4.0,0.0,https://i.ytimg.com/vi/AL2ampi5uqs/default.jpg,1441059868,,Joe Rogan Experience #690 - Ronda Rousey & Edmond Tarverdyan,zQUP1qoWDoEbmsQxvdjxgQ,1223670,1441059868000,2015,8,31,690,1223670,127,Ronda Rousey & Edmond Tarverdyan
25/08/2015,PowerfulJRE,22,False,2999,"Abby Martin is an American journalist and former host of ""Breaking the Set"" for RT America. Check out her work at http://mediaroots.org",3281,1:56:46,1xDGNdWU8rQ,7006,False,True,"""Joe Rogan Experience"" JRE Joe Rogan podcast UFC MMA comedy stand up Deathsquad funny Freak Party ""Joe Rogan (Celebrity)"" ""Stand-up Comedy (TV Genre)"" Humor ""Abby Martin"" RT ""RT (TV Network)"" ""JRE #689"" 689 ""Ultimate Fighting Championship (Sports Association)"" ""Utah (US State)"" ""Canyon (Geographical Feature Category)""",7006,4628,public,3.0,0.0,https://i.ytimg.com/vi/1xDGNdWU8rQ/default.jpg,1440548146,,Joe Rogan Experience #689 - Abby Martin,zQUP1qoWDoEbmsQxvdjxgQ,455429,1440548146000,2015,8,26,689,455429,116,Abby Martin
25/08/2015,PowerfulJRE,22,False,865,Brian Redban is a comedian and the founder of the Deathsquad podcast network. http://deathsquad.tv,117,1:52:15,OPackriEUow,6735,False,True,"""Joe Rogan Experience"" JRE Joe Rogan podcast UFC MMA comedy stand up Deathsquad funny Freak Party ""Joe Rogan (Celebrity)"" ""Brian Redban"" ""Stand-up Comedy (TV Genre)"" Humor ""JRE #688"" Internet ""Ultimate Fighting Championship (Sports Association)""",6735,1713,public,4.0,0.0,https://i.ytimg.com/vi/OPackriEUow/default.jpg,1440546870,,Joe Rogan Experience #688 - Brian Redban,zQUP1qoWDoEbmsQxvdjxgQ,164491,1440546870000,2015,8,25,688,164491,112,Brian Redban
24/08/2015,PowerfulJRE,22,False,723,"Justin Wren is an American MMA fighter. He recently returned from one of his many trips helping the Pygmy people of the Democratic Republic of the Congo. On August 28th, Justin is fighting in Bellator 141 to help raise more awareness. Learn more here: http://FightFortheForgotten.org",75,2:09:46,TghK2L9wO4A,7786,False,True,"""Joe Rogan Experience"" JRE Joe Rogan podcast UFC MMA comedy stand up Deathsquad funny Freak Party ""Joe Rogan (Celebrity)"" ""Justin Wren"" ""JRE #687"" 687 ""Fight For the Forgotten"" Congo ""Congo Basin (Location)"" Pygmy ""Bellator MMA (Organization)""",7786,2285,public,4.0,0.0,https://i.ytimg.com/vi/TghK2L9wO4A/default.jpg,1440457109,,Joe Rogan Experience #687 - Justin Wren,zQUP1qoWDoEbmsQxvdjxgQ,150133,1440457109000,2015,8,24,687,150133,129,Justin Wren
19/08/2015,PowerfulJRE,22,False,1270,"Jeff Ross is a comedian, writer, producer, and director also known as the ""Roastmaster General"" from his work on the Comedy Central Roasts. His latest special ""Jeff Ross Roasts Criminals: Live at Brazos County Jail"" is available now on iTunes or http://www.cc.com",366,2:20:37,qfrDmHnixCI,8437,False,True,"""Joe Rogan Experience"" JRE Joe Rogan podcast UFC MMA comedy stand up Deathsquad funny Freak Party ""Joe Rogan (Celebrity)"" ""Jeff Ross (TV Producer)"" ""Stand-up Comedy (TV Genre)"" Humor ""Comedy Central Roast (TV Program)"" ""JRE #686"" ""Brian Redban"" 686",8437,5046,public,4.0,0.0,https://i.ytimg.com/vi/qfrDmHnixCI/default.jpg,1440047651,,Joe Rogan Experience #686 - Jeff Ross,zQUP1qoWDoEbmsQxvdjxgQ,748832,1440047651000,2015,8,20,686,748832,140,Jeff Ross
18/08/2015,PowerfulJRE,22,False,934,Jeff Novitzky is the VP of athlete health and performance for the UFC.,463,2:28:31,rR7IqzwgGeU,8911,False,True,"""Joe Rogan Experience"" JRE Joe Rogan podcast UFC MMA comedy stand up Deathsquad funny Freak Party ""Joe Rogan (Celebrity)"" ""Stand-up Comedy (TV Genre)"" Humor ""Jeff Novitzky"" ""JRE #685"" 685 ""Ultimate Fighting Championship (Sports Association)"" BALCO ""Barry Bonds (Baseball Player)"" ""Steroid (Medical Treatment)"" ""Performance-enhancing Drugs (Literature Subject)""",8911,2267,public,4.0,0.0,https://i.ytimg.com/vi/rR7IqzwgGeU/default.jpg,1439940961,,Joe Rogan Experience #685 - Jeff Novitzky,zQUP1qoWDoEbmsQxvdjxgQ,385797,1439940961000,2015,8,18,685,385797,148,Jeff Novitzky
17/08/2015,PowerfulJRE,22,False,861,Brian Redban is a comedian and the founder of the Deathsquad podcast network. http://deathsquad.tv,136,2:51:31,sddZCAGXYqY,10291,False,True,"""Joe Rogan Experience"" JRE Joe Rogan podcast UFC MMA comedy stand up Deathsquad funny Freak Party ""Stand-up Comedy (TV Genre)"" Humor ""Joe Rogan (Celebrity)"" ""Brian Redban"" ""JRE #684""",10291,2039,public,4.0,0.0,https://i.ytimg.com/vi/sddZCAGXYqY/default.jpg,1439853328,,Joe Rogan Experience #684 - Brian Redban,zQUP1qoWDoEbmsQxvdjxgQ,201494,1439853328000,2015,8,17,684,201494,171,Brian Redban
13/08/2015,PowerfulJRE,22,False,809,"Ethan Nadelmann is the founder and executive director of the Drug Policy Alliance, a New York City-based non-profit organization working to end the War on Drugs.",159,2:01:16,lSNs0R8F-vU,7276,False,True,"""Joe Rogan Experience"" JRE Joe Rogan podcast UFC MMA comedy stand up Deathsquad funny Freak Party ""Joe Rogan (Celebrity)"" ""Stand-up Comedy (TV Genre)"" Humor ""JRE #683"" 683 ""Drug Policy Alliance (Nonprofit Organization)"" ""Ethan Nadelmann (Organization Leader)""",7276,1990,public,4.0,0.0,https://i.ytimg.com/vi/lSNs0R8F-vU/default.jpg,1439500810,,Joe Rogan Experience #683 - Ethan Nadelmann,zQUP1qoWDoEbmsQxvdjxgQ,184788,1439500810000,2015,8,13,683,184788,121,Ethan Nadelmann
12/08/2015,PowerfulJRE,22,False,959,"Mark Bell is an elite powerlifter and owner of Team Super Training Gym in Sacramento, CA. Chris Bell is a writer, director, and filmmaker known for the documentary ""Bigger, Stronger, Faster"" and his new documentary called ""Prescription Thugs"" premieres in the fall.",208,2:39:17,rMSGMuumwu0,9557,False,True,"""Joe Rogan Experience"" JRE Joe Rogan podcast UFC MMA comedy stand up Deathsquad funny Freak Party ""Stand-up Comedy (TV Genre)"" Humor ""Mark Bell (Person Or Entity Appearing In Film)"" ""Chris Bell"" ""Bigger Stronger Faster* (Film)"" ""JRE #682"" 682",9557,5744,public,4.0,0.0,https://i.ytimg.com/vi/rMSGMuumwu0/default.jpg,1439423081,,Joe Rogan Experience #682 - Mark & Chris Bell,zQUP1qoWDoEbmsQxvdjxgQ,531221,1439423081000,2015,8,12,682,531221,159,Mark & Chris Bell
11/08/2015,PowerfulJRE,22,False,1234,"Gad Saad is Professor of Marketing & Concordia University Research Chair in Evolutionary Behavioral Sciences and Darwinian Consumption and author of ""The Evolutionary Bases of Consumption"" and ""The Consuming Instinct""",228,2:47:15,vXjbc0jh3pY,10035,False,True,"""Joe Rogan Experience"" JRE Joe Rogan podcast UFC MMA comedy stand up Deathsquad funny Freak Party ""Joe Rogan (Celebrity)"" Humor ""Stand-up Comedy (TV Genre)"" ""JRE #681"" 681 ""Gad Saad""",10035,4614,public,4.0,0.0,https://i.ytimg.com/vi/vXjbc0jh3pY/default.jpg,1439338186,,Joe Rogan Experience #681 - Gad Saad,zQUP1qoWDoEbmsQxvdjxgQ,313060,1439338186000,2015,8,12,681,313060,167,Gad Saad
07/08/2015,PowerfulJRE,22,False,1300,Steven Hassan is an American licensed mental health counselor who has written extensively on the subject of cults.,460,2:14:39,oQrsGjT0Sn4,8079,False,True,"""Joe Rogan Experience"" JRE Joe Rogan podcast UFC MMA comedy stand up Deathsquad funny Freak Party ""Joe Rogan (Celebrity)"" ""Stand-up Comedy (TV Genre)"" Humor ""JRE #680"" 680 ""Steven Hassan (Author)"" Cults ""Scientology (Religion)"" ""Stefan Molyneux (Author)"" Comedian",8079,1820,public,4.0,0.0,https://i.ytimg.com/vi/oQrsGjT0Sn4/default.jpg,1438995888,,Joe Rogan Experience #680 - Steven Hassan,zQUP1qoWDoEbmsQxvdjxgQ,192057,1438995888000,2015,8,8,680,192057,134,Steven Hassan
06/08/2015,PowerfulJRE,22,False,359,"""Call Me Lucky"" is a documentary about the life and traumatic childhood experiences of Boston stand up comedy legend Barry Crimmins that was directed by Bobcat Goldthwait. Limited release in theaters starts August 7, visit http://callmeluckymovie.com to a screening.",77,1:32:22,izr3Jsjee0s,5542,False,True,"""Joe Rogan Experience"" JRE Joe Rogan podcast UFC MMA comedy stand up Deathsquad funny Freak Party ""Stand-up Comedy (TV Genre)"" Humor ""JRE #679"" ""Bobcat Goldthwait (TV Writer)"" ""Barry Crimmins"" ""Call Me Lucky (Movie)"" ""Call Me Lucky (Film)"" ""Joe Rogan (Celebrity)""",5542,1536,public,4.0,0.0,https://i.ytimg.com/vi/izr3Jsjee0s/default.jpg,1438910284,,Joe Rogan Experience #679 - Barry Crimmins & Bobcat Goldthwait,zQUP1qoWDoEbmsQxvdjxgQ,149069,1438910284000,2015,8,7,679,149069,92,Barry Crimmins & Bobcat Goldthwait
06/08/2015,PowerfulJRE,22,False,296,Jonathan Ward is the owner of ICON and a designer and creator of coach-built premium automobiles.,82,2:02:27,XR65yF73R0Y,7347,False,True,"""Joe Rogan Experience"" JRE Joe Rogan podcast UFC MMA comedy stand up Deathsquad funny Freak Party ""Joe Rogan (Celebrity)"" Humor ""Stand-up Comedy (TV Genre)"" ""JRE #678"" ICON Landcruiser Jeep ""Cars (Award-Winning Work)"" ""Automobile (TV Genre)"" ""Jonathan Ward"" 4x4 ""Four-wheel Drive (Mass Transportation System)""",7347,1353,public,4.0,0.0,https://i.ytimg.com/vi/XR65yF73R0Y/default.jpg,1438907699,,Joe Rogan Experience #678 - Jonathan Ward,zQUP1qoWDoEbmsQxvdjxgQ,113591,1438907699000,2015,8,7,678,113591,122,Jonathan Ward
03/08/2015,PowerfulJRE,22,False,697,Josh Zepps is the host of HuffPost Live & We The People Live available on iTunes and at http://wtplive.com,192,2:57:35,FbuLWDZhDo4,10655,False,True,"""Joe Rogan Experience"" JRE Joe Rogan podcast UFC MMA comedy stand up Deathsquad funny Freak Party ""Joe Rogan (Celebrity)"" Humor ""Stand-up Comedy (TV Genre)"" ""JRE #677"" ""Josh Zepps"" ""HuffPost Live (Award-Winning Work)""",10655,1892,public,4.0,0.0,https://i.ytimg.com/vi/FbuLWDZhDo4/default.jpg,1438656113,,Joe Rogan Experience #677 - Josh Zepps,zQUP1qoWDoEbmsQxvdjxgQ,203079,1438656113000,2015,8,4,677,203079,177,Josh Zepps
29/07/2015,PowerfulJRE,22,False,887,"Esther Ku is a stand up comedian, and is also known from the MTV shows ""Girl Code"" and ""Wild 'N Out""",651,2:41:48,2X5cQ3vSas8,9708,False,True,"""Joe Rogan Experience"" JRE Joe Rogan podcast UFC MMA comedy stand up Deathsquad funny Freak Party ""Joe Rogan (Celebrity)"" ""Esther Ku (Social Network User)"" Humor ""Stand-up Comedy (TV Genre)"" Sketch ""Sketch Comedy (TV Genre)"" Comedian ""Brian Redban"" ""JRE #676"" ""Girl Code""",9708,1839,public,3.0,0.0,https://i.ytimg.com/vi/2X5cQ3vSas8/default.jpg,1438218487,,Joe Rogan Experience #676 - Esther Ku,zQUP1qoWDoEbmsQxvdjxgQ,270367,1438218487000,2015,7,30,676,270367,161,Esther Ku
28/07/2015,PowerfulJRE,22,False,444,Kirik Jenness & Chris Palmquist run the premiere martial arts website on the internet. http://mixedmartialarts.com,87,2:47:30,rT6qjIc9_5M,10050,False,True,"""Joe Rogan Experience"" JRE Joe Rogan podcast UFC MMA comedy stand up Deathsquad funny Freak Party ""Joe Rogan (Celebrity)"" ""Stand-up Comedy (TV Genre)"" ""Kirik Jenness"" ""Chris Palmquist"" ""Mixed Martial Arts (Martial Art)"" UG.com mixedmartialarts.com mma.tv ""Martial Arts (Sport)"" Humor ""JRE #675""",10050,1232,public,4.0,0.0,https://i.ytimg.com/vi/rT6qjIc9_5M/default.jpg,1438127747,,Joe Rogan Experience #675 - Kirik Jenness & Chris Palmquist,zQUP1qoWDoEbmsQxvdjxgQ,164494,1438127747000,2015,7,28,675,164494,167,Kirik Jenness & Chris Palmquist
27/07/2015,PowerfulJRE,22,False,860,Brian Redban is a comedian and the founder of the Deathsquad podcast network. http://deathsquad.tv,149,2:59:33,LNw8cGy7R_s,10773,False,True,"""Joe Rogan Experience"" JRE Joe Rogan podcast UFC MMA comedy stand up Deathsquad funny Freak Party ""Stand-up Comedy (TV Genre)"" Humor ""Joe Rogan (Celebrity)"" ""JRE #674"" 674 ""Brian Redban""",10773,2599,public,4.0,0.0,https://i.ytimg.com/vi/LNw8cGy7R_s/default.jpg,1438042602,,Joe Rogan Experience #674 - Brian Redban,zQUP1qoWDoEbmsQxvdjxgQ,229205,1438042602000,2015,7,28,674,229205,179,Brian Redban
22/07/2015,PowerfulJRE,22,False,817,Nick DiPaolo is a writer and stand up comedian. His latest special “Another Senseless Killing” is available now at http://www.nickdipaolo.com & on iTunes. Adam Lowery is a master of mental health and life transition specialist. More information about his work is available at http://www.adamlowery.com,162,2:53:57,g7HAl-PerxA,10437,False,True,"""Joe Rogan Experience"" JRE Joe Rogan podcast UFC MMA comedy stand up Deathsquad funny Freak Party ""Joe Rogan (Celebrity)"" ""Nick DiPaolo (TV Writer)"" ""Stand-up Comedy (TV Genre)"" Humor ""Television (Invention)"" ""Brian Redban"" ""JRE #673"" 673",10437,2293,public,4.0,0.0,https://i.ytimg.com/vi/g7HAl-PerxA/default.jpg,1437609073,,Joe Rogan Experience #673 - Nick DiPaolo & Adam Lowery,zQUP1qoWDoEbmsQxvdjxgQ,270219,1437609073000,2015,7,22,673,270219,173,Nick DiPaolo & Adam Lowery
21/07/2015,PowerfulJRE,22,False,1131,"Dr. Rhonda Patrick is a Ph.D in biomedical science and expert on nutritional health. Her podcasts and other videos can be found at FoundMyFitness.com

http://www.youtube.com/user/FoundMyFitness",325,2:49:00,FApCVOXoweU,10140,False,True,"""Joe Rogan Experience"" JRE Joe Rogan podcast UFC MMA comedy stand up Deathsquad funny Freak Party ""Joe Rogan (Celebrity)"" Humor ""Stand-up Comedy (TV Genre)"" ""Rhonda Patrick"" ""Dr. Rhonda Patrick"" ""Found My Fitness""",10140,5910,public,4.0,0.0,https://i.ytimg.com/vi/FApCVOXoweU/default.jpg,1437525158,,Joe Rogan Experience #672 - Dr. Rhonda Patrick,zQUP1qoWDoEbmsQxvdjxgQ,541104,1437525158000,2015,7,22,672,541104,169,Dr. Rhonda Patrick
09/07/2015,PowerfulJRE,22,False,995,"Brendan Schaub is a mixed martial artist and also a former college & pro football player. Bryan Callen is an actor and stand-up comedian. Together they host ""The Fighter & The Kid"" podcast available on iTunes. http://tfatk.com",285,2:28:36,P2wDH68rvDU,8916,False,True,"""Joe Rogan Experience"" JRE Joe Rogan podcast UFC MMA comedy stand up Deathsquad funny Freak Party ""Joe Rogan (Celebrity)"" ""Bryan Callen (TV Actor)"" ""Brendan Schaub (Athlete)"" ""Stand-up Comedy (TV Genre)"" ""Comedian (Profession)"" ""Comedy (Film Genre)"" ""Ultimate Fighting Championship (Sports Association)"" ""JRE #671"" 671 ""Fighter & The Kid""",8916,4213,public,4.0,0.0,https://i.ytimg.com/vi/P2wDH68rvDU/default.jpg,1436480407,,Joe Rogan Experience #671 - Brendan Schaub & Bryan Callen,zQUP1qoWDoEbmsQxvdjxgQ,591980,1436480407000,2015,7,9,671,591980,148,Brendan Schaub & Bryan Callen
08/07/2015,PowerfulJRE,22,False,7837,"Michael A. Wood, Jr. is a retired Baltimore police officer and veteran of the USMC. He recently made the news for  publicly speaking out against police brutality and has become a proponent of a new era of policing.",2798,2:26:46,Ndg-JGmYryA,8806,False,True,"""Joe Rogan Experience"" JRE Joe Rogan podcast UFC MMA comedy stand up Deathsquad funny Freak Party ""Joe Rogan (Celebrity)"" ""Stand-up Comedy (TV Genre)"" ""JRE #670"" 670 ""Baltimore (City/Town/Village)"" ""Baltimore Police Department (Organization)"" ""The Wire (TV Program)""",8806,22997,public,4.0,0.0,https://i.ytimg.com/vi/Ndg-JGmYryA/default.jpg,1436400918,,"Joe Rogan Experience #670 - Michael A. Wood, Jr.",zQUP1qoWDoEbmsQxvdjxgQ,2152483,1436400918000,2015,7,9,670,2152483,146,"Michael A. Wood, Jr."
06/07/2015,PowerfulJRE,22,False,1645,Jon Ronson is a writer and documentary filmmaker whose works include the best-selling The Men Who Stare at Goats. His latest book  So You've Been Publicly Shamed is available to purchase now on Amazon. http://www.jonronson.com/,512,2:24:41,rUuFMjhRkmU,8681,False,True,"""Joe Rogan Experience"" JRE Joe Rogan podcast UFC MMA comedy stand up Deathsquad funny Freak Party ""Joe Rogan (Celebrity)"" ""Stand-up Comedy (TV Genre)"" Humor ""The Men Who Stare At Goats (Book)"" ""Jon Ronson (Author)"" ""Bilderberg Group (Organization)"" ""Bohemian Grove (Location)"" ""Alex Jones (Person)"" ""Writer (Profession)"" ""JRE #668"" 668 ""Humour (TV Genre)""",8681,7500,public,4.0,0.0,https://i.ytimg.com/vi/rUuFMjhRkmU/default.jpg,1436225830,,Joe Rogan Experience #668 - Jon Ronson,zQUP1qoWDoEbmsQxvdjxgQ,804903,1436225830000,2015,7,6,668,804903,144,Jon Ronson
15/04/2015,PowerfulJRE,22,False,614,"Jim Norton is a stand-up comedian, radio personality, author, and actor. His latest special ""Contextually Inadequate"" debuts April 24 on Epix.",188,2:10:35,pcR4QxSqjn0,7835,False,True,"""Joe Rogan Experience"" JRE Joe Rogan podcast UFC MMA comedy stand up Deathsquad funny ""Jim Norton (Blogger)"" ""The Joe Rogan Experience"" ""Stand-up Comedy (TV Genre)"" ""Joe Rogan (Celebrity)"" Anthony Humor ""Television (Invention)"" ""Opie And Anthony (Broadcast Content)"" Opie ""Sirius XM Radio (Business Operation)"" ""Broadcasting (Industry)""",7835,2786,public,4.0,0.0,https://i.ytimg.com/vi/pcR4QxSqjn0/default.jpg,1435793727,,Joe Rogan Experience #635 - Jim Norton,zQUP1qoWDoEbmsQxvdjxgQ,380301,1435793727000,2015,7,1,635,380301,130,Jim Norton
15/06/2015,PowerfulJRE,22,False,927,"Jim Florentine is a comedian known for hosting That Metal Show on VH1 as well as his own podcast called ""Comedy Metal Midgets"" available for download via iTunes & Stitcher. http://podcasts.joerogan.net",160,2:49:51,cGlGVXoK1yY,10191,False,True,"""Joe Rogan Experience"" JRE Joe Rogan podcast UFC MMA comedy stand up Deathsquad funny ""Joe Rogan (Celebrity)"" ""Jim Florentine (Composer)"" ""Stand-up Comedy (TV Genre)"" Humor ""JRE #660"" 660 ""Brian Redban"" ""Freak Party"" ""Howard Stern (Celebrity)"" ""Crank Yankers (TV Program)""",10191,1530,public,4.0,0.0,https://i.ytimg.com/vi/cGlGVXoK1yY/default.jpg,1435793707,,Joe Rogan Experience #660 - Jim Florentine,zQUP1qoWDoEbmsQxvdjxgQ,203133,1435793707000,2015,7,1,660,203133,169,Jim Florentine
30/06/2015,PowerfulJRE,22,False,708,"Kurt Metzger is a comedian, actor and writer.  He also has a podcast called ""Race Wars"" he co-hosts with comedian Sherrod Small available for download via iTunes.",170,1:47:59,hknnVPHRBWk,6479,False,True,"""Joe Rogan Experience"" JRE Joe Rogan podcast UFC MMA comedy stand up Deathsquad funny Freak Party ""Joe Rogan (Celebrity)"" Humor ""Stand-up Comedy (TV Genre)"" ""Brian Redban"" ""Kurt Metzger"" ""JRE #667"" 667 ""Ultimate Fighting Championship (Sports Association)""",6479,1578,public,4.0,0.0,https://i.ytimg.com/vi/hknnVPHRBWk/default.jpg,1435708380,,Joe Rogan Experience #667 - Kurt Metzger,zQUP1qoWDoEbmsQxvdjxgQ,222543,1435708380000,2015,6,30,667,222543,107,Kurt Metzger
29/06/2015,PowerfulJRE,22,False,5227,"Duncan Trussell is a stand-up comedian, and host of his own podcast “The Duncan Trussell Family Hour”.

http://podcasts.joerogan.net
http://duncantrussell.com",1456,2:54:36,1GaviDYQvFA,10476,False,True,"""Joe Rogan Experience"" JRE Joe Rogan podcast UFC MMA comedy stand up Deathsquad funny Freak Party ""Joe Rogan (Celebrity)"" ""Stand-up Comedy (TV Genre)"" ""Duncan Trussell (Film Actor)"" ""JRE #666"" Humor ""Comedian (Profession)"" ""Stand Up (Composition)""",10476,22878,public,4.0,0.0,https://i.ytimg.com/vi/1GaviDYQvFA/default.jpg,1435645313,,Joe Rogan Experience #666 - Duncan Trussell,zQUP1qoWDoEbmsQxvdjxgQ,1829911,1435645313000,2015,6,30,666,1829911,174,Duncan Trussell
25/06/2015,PowerfulJRE,22,False,978,"Neal Brennan is a stand-up comedian, actor, writer, director and producer. He is known for co-creating and co-writing ""Chappelle's Show"" with Dave Chappelle.",169,2:33:12,X8m2wwMXx-M,9192,False,True,"""Joe Rogan Experience"" JRE Joe Rogan podcast UFC MMA comedy stand up Deathsquad funny Freak Party ""Joe Rogan (Celebrity)"" ""Neal Brennan (TV Writer)"" ""Stand-up Comedy (TV Genre)"" Humor ""Ultimate Fighting Championship (Sports Association)"" ""Chappelle's Show (TV Program)"" ""JRE #665"" 665",9192,1891,public,4.0,0.0,https://i.ytimg.com/vi/X8m2wwMXx-M/default.jpg,1435276736,,Joe Rogan Experience #665 - Neal Brennan,zQUP1qoWDoEbmsQxvdjxgQ,246651,1435276736000,2015,6,25,665,246651,153,Neal Brennan
23/06/2015,PowerfulJRE,22,False,1391,"Tom Segura & Christina Pazsitzky are stand-up comedians, and together host their own podcast called ""Your Mom's House"" http://www.yourmomshousepodcast.com",719,2:55:47,cXXNPc3aVZI,10547,False,True,"""Joe Rogan Experience"" JRE Joe Rogan podcast UFC MMA comedy stand up Deathsquad funny Freak Party ""Christina Pazsitzky (TV Personality)"" ""Joe Rogan (Celebrity)"" ""Tom Segura (TV Writer)"" Humor ""Stand-up Comedy (TV Genre)"" ""JRE #664"" 664",10547,9042,public,4.0,0.0,https://i.ytimg.com/vi/cXXNPc3aVZI/default.jpg,1435105122,,Joe Rogan Experience #664 - Tom Segura & Christina Pazsitzky,zQUP1qoWDoEbmsQxvdjxgQ,1310570,1435105122000,2015,6,24,664,1310570,175,Tom Segura & Christina Pazsitzky
22/06/2015,PowerfulJRE,22,False,953,"Dominic Monaghan is an English actor, known for his role in ""The Lord of the Rings"" trilogy and on the tv show ""LOST"" He also has a wildlife documentary series called ""Wild Things with Dominic Monaghan"" which airs on the Travel Channel.",174,3:00:58,AeeDKfq7OtQ,10858,False,True,"""Joe Rogan Experience"" JRE Joe Rogan podcast UFC MMA comedy stand up Deathsquad funny ""Joe Rogan (Celebrity)"" ""Dominic Monaghan (Film Actor)"" ""Stand-up Comedy (TV Genre)"" Humor ""JRE #663"" 663 ""Freak Party"" ""Wild Things (Award-Winning Work)"" ""The Lord Of The Rings (Book)"" ""Lost (TV Program)""",10858,2665,public,4.0,0.0,https://i.ytimg.com/vi/AeeDKfq7OtQ/default.jpg,1435021067,,Joe Rogan Experience #663 - Dominic Monaghan,zQUP1qoWDoEbmsQxvdjxgQ,243492,1435021067000,2015,6,23,663,243492,180,Dominic Monaghan
18/06/2015,PowerfulJRE,22,False,355,Vinny Shoreman is a mind coach and kickboxing & muay thai commentator and coach.  http://www.vinnyshoreman.com/,90,2:01:51,QL3G5NNX3RY,7311,False,True,"""Joe Rogan Experience"" JRE Joe Rogan podcast UFC MMA comedy stand up Deathsquad funny ""Joe Rogan (Celebrity)"" Humor ""Stand-up Comedy (TV Genre)"" ""JRE #662"" 662 ""Hypnosis (Film Subject)"" ""self help"" ""Joe Schilling (Martial Artist)"" ""Martial Arts (Sport)"" ""Muay Thai (Martial Art)"" ""Kickboxing (Martial Art)"" ""Freak Party"" ""Vinny Shoreman""",7311,1003,public,4.0,0.0,https://i.ytimg.com/vi/QL3G5NNX3RY/default.jpg,1434678852,,Joe Rogan Experience #662 - Vinny Shoreman,zQUP1qoWDoEbmsQxvdjxgQ,135930,1434678852000,2015,6,19,662,135930,121,Vinny Shoreman
17/06/2015,PowerfulJRE,22,False,545,Rutledge Wood is one of the hosts of Top Gear on History Channel. He also works as a reporter for NBCSports & NASCAR on NBC.,147,2:57:20,3POk1WaIuEM,10640,False,True,"""Joe Rogan Experience"" JRE Joe Rogan podcast UFC MMA comedy stand up Deathsquad funny ""Joe Rogan (Celebrity)"" ""Stand-up Comedy (TV Genre)"" Humor Comedian ""JRE #661"" 661 ""Top Gear (TV Program)"" ""Rutledge Wood (TV Personality)"" ""Freak Party""",10640,2065,public,4.0,0.0,https://i.ytimg.com/vi/3POk1WaIuEM/default.jpg,1434588652,,Joe Rogan Experience #661 - Rutledge Wood,zQUP1qoWDoEbmsQxvdjxgQ,222741,1434588652000,2015,6,18,661,222741,177,Rutledge Wood
11/06/2015,PowerfulJRE,22,False,591,"Dean Delray is a stand up comedian. He has his own podcast called ""Let There Be Talk"" available on iTunes & Stitcher. http://deandelray.com/",89,2:56:04,iU23iskG1Us,10564,False,True,"""Joe Rogan Experience"" JRE Joe Rogan podcast UFC MMA comedy stand up Deathsquad funny ""Joe Rogan (Celebrity)"" Humor ""Stand-up Comedy (TV Genre)"" ""Dean Delray"" ""Brian Redban"" Deathsquyad ""Freak Party"" ""JRE #659"" 659 ""Comedy (Film Genre)"" ""Rock n Roll"" ""Let There Be Talk"" ""The Comedy Store (Drinking Establishment)""",10564,1360,public,4.0,0.0,https://i.ytimg.com/vi/iU23iskG1Us/default.jpg,1434075953,,Joe Rogan Experience #659 - Dean Delray,zQUP1qoWDoEbmsQxvdjxgQ,173388,1434075953000,2015,6,12,659,173388,176,Dean Delray
10/06/2015,PowerfulJRE,22,False,534,"Greg Fitzsimmons is a stand-up comedian. He also hosts his own podcast ""FitzDog Radio"" available on iTunes and every Monday on Sirius Howard 101. http://fitzdogradio.com

http://podcasts.joerogan.net",115,2:59:52,xouGf8Y2ew0,10792,False,True,"""Joe Rogan Experience"" JRE Joe Rogan podcast UFC MMA comedy stand up Deathsquad funny ""Joe Rogan (Celebrity)"" ""Greg Fitzsimmons (TV Writer)"" ""Stand-up Comedy (TV Genre)"" Humor ""Comedian (Profession)"" ""Comedy (Film Genre)"" ""JRE #658"" 658 ""Freak Party"" ""Grapefruit Simmons""",10792,1471,public,4.0,0.0,https://i.ytimg.com/vi/xouGf8Y2ew0/default.jpg,1433982456,,Joe Rogan Experience #658 - Greg Fitzsimmons,zQUP1qoWDoEbmsQxvdjxgQ,177317,1433982456000,2015,6,11,658,177317,179,Greg Fitzsimmons
08/06/2015,PowerfulJRE,22,False,1167,"Corey Knowlton is an international hunting expert, known recently for winning a $350,000 auction to kill a black rhino in Namibia. He is also known for working with hunter Jim Shockey on television shows ""The Professionals"" and ""Uncharted""",712,2:27:53,8A1D-f_meFY,8873,False,True,"""Joe Rogan Experience"" JRE Joe Rogan podcast UFC MMA comedy stand up Deathsquad funny ""Joe Rogan (Celebrity)"" ""Stand-up Comedy (TV Genre)"" Humor ""Corey Knowlton"" Hunting ""Black Rhinoceros (Organism Classification)"" ""World Wide Fund For Nature (Nonprofit Organization)"" ""JRE #657"" ""Freak Party"" ""Jim Shockey""",8873,1648,public,3.0,0.0,https://i.ytimg.com/vi/8A1D-f_meFY/default.jpg,1433806127,,Joe Rogan Experience #657 - Corey Knowlton,zQUP1qoWDoEbmsQxvdjxgQ,128697,1433806127000,2015,6,8,657,128697,147,Corey Knowlton
06/06/2015,PowerfulJRE,22,False,621,"Bryan Callen is an actor and stand-up comedian, and together with Brendan Schaub he also hosts ""The Fighter & The Kid"" podcast.

http://bryancallen.com",185,1:59:10,TKGPaop7hog,7150,False,True,"""Joe Rogan Experience"" JRE Joe Rogan podcast UFC MMA comedy stand up Deathsquad funny ""Joe Rogan (Celebrity)"" ""Bryan Callen (TV Actor)"" ""Television (Invention)"" ""Stand-up Comedy (TV Genre)"" Humor ""Fighter & the Kid"" ""Ultimate Fighting Championship (Sports Association)"" ""JRE #656"" 656 ""Brendan Schaub (Athlete)"" ""Freak Party""",7150,1875,public,4.0,0.0,https://i.ytimg.com/vi/TKGPaop7hog/default.jpg,1433635884,,Joe Rogan Experience #656 - Bryan Callen,zQUP1qoWDoEbmsQxvdjxgQ,220904,1433635884000,2015,6,7,656,220904,119,Bryan Callen
04/06/2015,PowerfulJRE,22,False,1613,"Kevin Folta is a land-grant scientist exploring ways to make better food with less input, also learning and teaching how to effectively communicate science to the public. He is also a professor in and chairman of the Horticultural Sciences Department at the University of Florida, Gainesville. http://podcasts.joerogan.net",374,2:59:34,vW8U8ZAhGW8,10774,False,True,"""Joe Rogan Experience"" JRE Joe Rogan podcast UFC MMA comedy stand up Deathsquad funny ""Joe Rogan (Celebrity)"" Humor ""Stand-up Comedy (TV Genre)"" Comedian ""JRE #655"" 655 ""Kevin Folta"" ""Freak Party"" ""Genetically Modified Organism (Film Subject)"" Monsanto",10774,2021,public,4.0,0.0,https://i.ytimg.com/vi/vW8U8ZAhGW8/default.jpg,1433462822,,Joe Rogan Experience #655 - Kevin Folta,zQUP1qoWDoEbmsQxvdjxgQ,173928,1433462822000,2015,6,5,655,173928,179,Kevin Folta
28/05/2015,PowerfulJRE,22,False,562,"Rich Vos is a stand up comedian. He and his wife, Bonnie McFarlane, have a documentary ""Women Aren't Funny"" available now on iTunes.

http://podcasts.joerogan.net",257,2:29:01,mf2bhc0BGfM,8941,False,True,"""Joe Rogan Experience"" JRE Joe Rogan podcast UFC MMA comedy stand up Deathsquad funny ""Rich Vos (Musical Artist)"" ""Joe Rogan (Celebrity)"" Humor ""Stand-up Comedy (TV Genre)"" ""Opie And Anthony (Broadcast Content)"" ""Opie And Jim"" ""Sirius Satellite Radio (Endorsed Product)"" ""Sirius XM Radio (Business Operation)"" ""Broadcasting (Industry)"" ""Comedian (Profession)"" ""JRE #654"" 654 ""Brian Redban"" ""Freak Party""",8941,1301,public,4.0,0.0,https://i.ytimg.com/vi/mf2bhc0BGfM/default.jpg,1432855502,,Joe Rogan Experience #654 - Rich Vos,zQUP1qoWDoEbmsQxvdjxgQ,188379,1432855502000,2015,5,28,654,188379,149,Rich Vos
27/05/2015,PowerfulJRE,22,False,1128,"Natasha Leggero is a comedian, known for her appearances on the Comedy Central Roasts of James Franco & Justin Bieber. Her new show ""Another Period"" premieres on Comedy Central June 23rd.",487,1:33:58,9n4v9PBKXZg,5638,False,True,"""Joe Rogan Experience"" JRE Joe Rogan podcast UFC MMA comedy stand up Deathsquad funny ""Joe Rogan (Celebrity)"" ""Stand-up Comedy (TV Genre)"" Humor ""JRE #653"" 653 ""Natasha Leggero (TV Actor)"" ""Freak Party"" ""Another Period"" ""Comedy Central (TV Network)"" ""Comedy Central Roast (TV Program)""",5638,3265,public,4.0,0.0,https://i.ytimg.com/vi/9n4v9PBKXZg/default.jpg,1432759065,,Joe Rogan Experience #653 - Natasha Leggero,zQUP1qoWDoEbmsQxvdjxgQ,384831,1432759065000,2015,5,27,653,384831,93,Natasha Leggero
25/05/2015,PowerfulJRE,22,False,720,"Ricky Schroder is an actor and film director. He debuted in the 1979 hit film The Champ, going on to become a child star on the sitcom Silver Spoons. His latest work, a docu-series called ""The Fighting Season"" can be seen on DirecTV or downloaded on iTunes now.",444,1:36:20,rTt70azpVB8,5780,False,True,"""Joe Rogan Experience"" JRE Joe Rogan podcast UFC MMA comedy stand up Deathsquad funny ""Joe Rogan (Celebrity)"" ""Stand-up Comedy (TV Genre)"" Humor War ""Afghanistan (Country)"" ""The Fighting Season"" ""Ricky Schroder (Film Actor)"" ""JRE #652"" 652 ""Freak Party""",5780,918,public,3.0,0.0,https://i.ytimg.com/vi/rTt70azpVB8/default.jpg,1432595710,,Joe Rogan Experience #652 - Ricky Schroder,zQUP1qoWDoEbmsQxvdjxgQ,119455,1432595710000,2015,5,25,652,119455,96,Ricky Schroder
21/05/2015,PowerfulJRE,22,False,2936,"Jordan Gilbert is a professional gamer better known as ""c9n0thing"" on the internet. He is currently best known for playing Counter Strike: Global Offensive and can be seen streaming his gameplay at http://www.twitch.tv/n0thingTV",434,2:39:05,gPPFhL_g5Mo,9545,False,True,"""Joe Rogan Experience"" JRE Joe Rogan podcast UFC MMA comedy stand up Deathsquad funny ""Joe Rogan (Celebrity)"" Humor Demo ""Stand-up Comedy (TV Genre)"" ""c9 n0thing"" N0thing ""Jordan Gilbert"" ""Brian Redban"" ""Freak Party"" ""JRE #651"" 651 ""Counter-Strike (Video Game)"" CS:GO ""Twitch (Website)"" ""Video Game (Industry)"" ""Television (Invention)"" ""Industry (Organization Sector)"" ""Major League Gaming (Venture Funded Company)"" ""Dota 2 (Video Game)"" ""League Of Legends (Video Game)""",9545,23847,public,4.0,0.0,https://i.ytimg.com/vi/gPPFhL_g5Mo/default.jpg,1432250701,,Joe Rogan Experience #651 - Jordan Gilbert (c9n0thing),zQUP1qoWDoEbmsQxvdjxgQ,1183595,1432250701000,2015,5,21,651,1183595,159,Jordan Gilbert (c9n0thing)
20/05/2015,PowerfulJRE,22,False,599,Nick Curson is a strength and conditioning coach known for working with UFC World Champion Rafael Dos Anjos and Russian boxer Ruslan Provodnikov. http://www.speedofsport.com/,120,2:28:57,ZJmYFlvKloE,8937,False,True,"""Joe Rogan Experience"" JRE Joe Rogan podcast UFC MMA comedy stand up Deathsquad funny ""Joe Rogan (Celebrity)"" ""Stand-up Comedy (TV Genre)"" Marinovich ""Speed of Sport"" ""Nick Curson"" ""JRE #650"" 650 ""Freak Party"" Humor ""Ultimate Fighting Championship (Sports Association)"" ""B.J. Penn (Martial Artist)""",8937,1799,public,4.0,0.0,https://i.ytimg.com/vi/ZJmYFlvKloE/default.jpg,1432167820,,Joe Rogan Experience #650 - Nick Curson,zQUP1qoWDoEbmsQxvdjxgQ,213398,1432167820000,2015,5,21,650,213398,148,Nick Curson
18/05/2015,PowerfulJRE,22,False,374,"Jonathan Gottschall is an American literary scholar specializing in literature and evolution. He teaches at Washington and Jefferson College in Pennsylvania and his latest book, The Professor in the Cage, is available now. http://jonathangottschall.com/",105,2:55:57,1_5_zDYceeM,10557,False,True,"""Joe Rogan Experience"" JRE Joe Rogan podcast UFC MMA comedy stand up Deathsquad funny ""Joe Rogan (Celebrity)"" ""Stand-up Comedy (TV Genre)"" Humor ""Professor and the Cage"" ""Jonathan Gottschall"" ""Freak Party"" ""JRE #649"" 649 ""Ultimate Fighting Championship (Sports Association)""",10557,915,public,4.0,0.0,https://i.ytimg.com/vi/1_5_zDYceeM/default.jpg,1432002564,,Joe Rogan Experience #649 - Jonathan Gottschall,zQUP1qoWDoEbmsQxvdjxgQ,138523,1432002564000,2015,5,19,649,138523,175,Jonathan Gottschall
14/05/2015,PowerfulJRE,22,False,411,"Adam Scorgie is an independent filmmaker, most commonly known for his work on The Culture High, The Union: The Business Behind Getting High & Ice Guardians. http://www.theculturehigh.com/",71,2:59:47,UR2wxWxGhr4,10787,False,True,"""Joe Rogan Experience"" JRE Joe Rogan podcast UFC MMA comedy stand up Deathsquad funny ""Joe Rogan (Celebrity)"" ""Stand-up Comedy (TV Genre)"" Humor ""The Culture High"" ""The Union: The Business Behind Getting High (Film)"" ""Adam Scorgie"" ""Freak Party""",10787,1400,public,4.0,0.0,https://i.ytimg.com/vi/UR2wxWxGhr4/default.jpg,1431647625,,Joe Rogan Experience #648 - Adam Scorgie,zQUP1qoWDoEbmsQxvdjxgQ,157984,1431647625000,2015,5,14,648,157984,179,Adam Scorgie
13/05/2015,PowerfulJRE,22,False,212,"Dom Irrera is a stand up comedian, and also hosts his own podcast called ""Dom Irrera Live from The Laugh Factory."" http://www.domirrera.com/",53,1:51:09,FEJ9dXJHrNU,6669,False,True,"""Joe Rogan Experience"" JRE Joe Rogan podcast UFC MMA comedy stand up Deathsquad funny ""Joe Rogan (Celebrity)"" ""Dom Irrera (TV Actor)"" ""Stand-up Comedy (TV Genre)"" ""Television (Invention)"" Humor ""JRE #647"" 647 ""Freak Party""",6669,814,public,4.0,0.0,https://i.ytimg.com/vi/FEJ9dXJHrNU/default.jpg,1431564251,,Joe Rogan Experience #647 - Dom Irrera,zQUP1qoWDoEbmsQxvdjxgQ,99858,1431564251000,2015,5,14,647,99858,111,Dom Irrera
11/05/2015,PowerfulJRE,22,False,663,"Dr. Dan Engle, MD is a practicing psychiatrist, board certified in psychiatry and neurology. Aubrey Marcus is writer, entrepreneur, and adventurer.  Some of his writings and experiences can be found on his website, WarriorPoet.us, as well as links to his latest venture, Onnit Labs.",250,2:39:09,V5vRbSuijgs,9549,False,True,"""Joe Rogan Experience"" JRE Joe Rogan podcast UFC MMA comedy stand up Deathsquad funny ""Joe Rogan (Celebrity)"" ""Stand-up Comedy (TV Genre)"" Humor Comedian ""Dan Engle"" ""Dr Dan Engle"" ""Aubrey Marcus"" Onnit ""Onnit Labs"" ""Freak Party"" ""JRE #646"" 646",9549,2350,public,4.0,0.0,https://i.ytimg.com/vi/V5vRbSuijgs/default.jpg,1431388284,,Joe Rogan Experience #646 - Dr. Dan Engle & Aubrey Marcus,zQUP1qoWDoEbmsQxvdjxgQ,272174,1431388284000,2015,5,11,646,272174,159,Dr. Dan Engle & Aubrey Marcus
07/05/2015,PowerfulJRE,22,False,438,Joe Schilling is an American Muay Thai kickboxer and MMA fighter who competes in the super middleweight and light heavyweight divisions.,97,2:54:47,P2uW5mlq0Ug,10487,False,True,"""Joe Rogan Experience"" JRE Joe Rogan podcast UFC MMA comedy stand up Deathsquad funny ""Joe Rogan (Celebrity)"" ""Joe Schilling (Martial Artist)"" ""Martial Arts (Sport)"" Humor ""Stand-up Comedy (TV Genre)"" ""JRE #645"" 645 ""Glory World Series""",10487,1924,public,4.0,0.0,https://i.ytimg.com/vi/P2uW5mlq0Ug/default.jpg,1431043156,,Joe Rogan Experience #645 - Joe Schilling,zQUP1qoWDoEbmsQxvdjxgQ,257480,1431043156000,2015,5,7,645,257480,174,Joe Schilling
06/05/2015,PowerfulJRE,22,False,725,"Brad Williams is an actor and stand-up comedian. Brad has a new special airing May 8 on Showtime called ""Brad Williams: Fun Size"" and he also hosts his own podcast called ""About Last Night"" available on iTunes.",219,2:25:33,_aZ6mcKQwRQ,8733,False,True,"""Joe Rogan Experience"" JRE Joe Rogan podcast UFC MMA comedy stand up Deathsquad funny ""Joe Rogan (Celebrity)"" ""Brad Williams (TV Actor)"" ""Stand-up Comedy (TV Genre)"" Humor Comedian ""JRE #644"" 644 ""Brian Redban"" ""Freak Party""",8733,4850,public,4.0,0.0,https://i.ytimg.com/vi/_aZ6mcKQwRQ/default.jpg,1430965725,,Joe Rogan Experience #644 - Brad Williams,zQUP1qoWDoEbmsQxvdjxgQ,445159,1430965725000,2015,5,7,644,445159,145,Brad Williams
04/05/2015,PowerfulJRE,22,False,746,"Big Jay Oakerson is a stand up comedian and he also hosts his own show ""Legion of Skanks Podcast"" available on iTunes. http://bigjaycomedy.com",181,2:58:40,xtwl-lu6goE,10720,False,True,"""Joe Rogan Experience"" JRE Joe Rogan podcast UFC MMA comedy stand up Deathsquad funny ""Joe Rogan (Celebrity)"" ""Stand-up Comedy (TV Genre)"" Humor Comedian ""Jay Oakerson"" ""Brian Redban"" ""JRE #643"" 643 ""Freak Party""",10720,2650,public,4.0,0.0,https://i.ytimg.com/vi/xtwl-lu6goE/default.jpg,1430790464,,"Joe Rogan Experience #643 - ""Big"" Jay Oakerson",zQUP1qoWDoEbmsQxvdjxgQ,342836,1430790464000,2015,5,5,643,342836,178,"""Big"" Jay Oakerson"
01/05/2015,PowerfulJRE,22,False,971,"Rich Roll is a plantpowered wellness advocate, bestselling author, ultra-athlete and host of ""The Rich Roll Podcast"" available on iTunes.
http://www.richroll.com/",212,2:53:42,PS3xIdFDMFs,10422,False,True,"""Joe Rogan Experience"" JRE Joe Rogan podcast UFC MMA comedy stand up Deathsquad funny ""Joe Rogan (Celebrity)"" ""Rich Roll"" ""Ultramarathon (Sport)"" ""JRE #642"" 642 ""Freak Party""",10422,4224,public,4.0,0.0,https://i.ytimg.com/vi/PS3xIdFDMFs/default.jpg,1430526023,,Joe Rogan Experience #642 - Rich Roll,zQUP1qoWDoEbmsQxvdjxgQ,419597,1430526023000,2015,5,2,642,419597,173,Rich Roll
29/04/2015,PowerfulJRE,22,False,4351,"Sam Harris is a neuroscientist and author of the New York Times bestsellers, The End of Faith, Letter to a Christian Nation, and The Moral Landscape. His latest book ""Waking Up: A Guide to Spirituality without Religion"" is available now.",985,2:55:32,Gm8xFaM-raY,10532,False,True,"""Joe Rogan Experience"" JRE Joe Rogan podcast UFC MMA comedy stand up Deathsquad funny ""Joe Rogan (Celebrity)"" ""Sam Harris (Author)"" ""Stand-up Comedy (TV Genre)"" Humor ""JRE #641"" 641 ""Freak Party""",10532,11581,public,4.0,0.0,https://i.ytimg.com/vi/Gm8xFaM-raY/default.jpg,1430353203,,Joe Rogan Experience #641 - Sam Harris,zQUP1qoWDoEbmsQxvdjxgQ,1286523,1430353203000,2015,4,30,641,1286523,175,Sam Harris
27/04/2015,PowerfulJRE,22,False,419,"Greg Proops is a stand-up comedian, also well-known for his improv comedy on the show ""Whose Line is it Anyway?"" He currently hosts his own podcast called ""The Smartest Man In The World"" and has a new book available in May 2015 called ""The Smartest Book In The World""",81,2:08:49,3g13syFwFwY,7729,False,True,"""Joe Rogan Experience"" JRE Joe Rogan podcast UFC MMA comedy stand up Deathsquad funny ""Joe Rogan (Celebrity)"" ""Greg Proops (Film Actor)"" ""Stand-up Comedy (TV Genre)"" Humor ""Brian Redban"" ""Freak Party"" ""JRE #639"" 639 ""Smartest Man in the World"" ""Smartest Book in the World"" ""Whose Line Is It Anyway? (TV Program)""",7729,1515,public,4.0,0.0,https://i.ytimg.com/vi/3g13syFwFwY/default.jpg,1430266221,,Joe Rogan Experience #639 - Greg Proops,zQUP1qoWDoEbmsQxvdjxgQ,165263,1430266221000,2015,4,29,639,165263,128,Greg Proops
28/04/2015,PowerfulJRE,22,False,1243,"Charles C. Johnson is an investigative journalist, author, and is the editor-in-chief and founder of GotNews.com. He was a contributor to the Daily Caller and the Blaze, and his work is frequently featured on Drudge Report.",1455,2:24:56,KMVx1mwdtx8,8696,False,True,"""Joe Rogan Experience"" JRE Joe Rogan podcast UFC MMA comedy stand up Deathsquad funny ""Joe Rogan (Celebrity)"" ""Stand-up Comedy (TV Genre)"" Humor ""JRE #640"" 640 ""Charles C Johnson"" ""Charles Johnson"" ""Chuck Johnson"" GotNews.com",8696,1986,public,3.0,0.0,https://i.ytimg.com/vi/KMVx1mwdtx8/default.jpg,1430257943,,Joe Rogan Experience #640 - Charles C. Johnson,zQUP1qoWDoEbmsQxvdjxgQ,168752,1430257943000,2015,4,28,640,168752,144,Charles C. Johnson
22/04/2015,PowerfulJRE,22,False,1055,Aubrey de Grey is an English author and theoretician in the field of gerontology and the Chief Science Officer of the SENS Research Foundation. http://sens.org/,105,1:06:54,LeCpHugyI80,4014,False,True,"""Joe Rogan Experience"" JRE Joe Rogan podcast UFC MMA comedy stand up Deathsquad funny ""Joe Rogan (Celebrity)"" ""Stand-up Comedy (TV Genre)"" Humor ""Ultimate Fighting Championship (Sports Association)"" ""JRE #638"" 638 ""Aubrey De Grey (Academic)"" ""life extension"" anti-aging",4014,3304,public,4.0,0.0,https://i.ytimg.com/vi/LeCpHugyI80/default.jpg,1429764250,,Joe Rogan Experience #638 - Aubrey de Grey,zQUP1qoWDoEbmsQxvdjxgQ,204979,1429764250000,2015,4,23,638,204979,66,Aubrey de Grey
22/04/2015,PowerfulJRE,22,False,365,"Remi Warren is a hunter, adventurer, and videographer. His new show ""Apex Predator"" is on the Sportsman Channel and available at http://apexpredator.tv",138,2:49:26,yI6mHeDvOGI,10166,False,True,"""Joe Rogan Experience"" JRE Joe Rogan podcast UFC MMA comedy stand up Deathsquad funny ""Joe Rogan (Celebrity)"" ""Stand-up Comedy (TV Genre)"" Humor ""Hunting (Interest)"" ""Remi Warren"" ""Apex Predator"" ""Solo Hunter"" ""JRE #637"" 637 ""Ultimate Fighting Championship (Sports Association)""",10166,1864,public,4.0,0.0,https://i.ytimg.com/vi/yI6mHeDvOGI/default.jpg,1429753073,,Joe Rogan Experience #637 - Remi Warren,zQUP1qoWDoEbmsQxvdjxgQ,243667,1429753073000,2015,4,23,637,243667,169,Remi Warren
20/04/2015,PowerfulJRE,22,False,767,"Bryan Callen is an actor and stand-up comedian, and together with Brendan Schaub he also hosts ""The Fighter & The Kid"" podcast.

http://bryancallen.com",193,2:57:23,7fnnZm_pQv8,10643,False,True,"""Joe Rogan Experience"" JRE Joe Rogan podcast UFC MMA comedy stand up Deathsquad funny ""Joe Rogan (Celebrity)"" ""Stand-up Comedy (TV Genre)"" ""Bryan Callen (TV Actor)"" ""Television (Invention)"" Humor ""Fighter & The Kid"" ""Ultimate Fighting Championship (Sports Association)"" ""Brendan Schaub (Athlete)"" ""JRE #636"" ""Freak Party""",10643,2378,public,4.0,0.0,https://i.ytimg.com/vi/7fnnZm_pQv8/default.jpg,1429579630,,Joe Rogan Experience #636 - Bryan Callen,zQUP1qoWDoEbmsQxvdjxgQ,295206,1429579630000,2015,4,21,636,295206,177,Bryan Callen
15/04/2015,PowerfulJRE,22,False,2524,"Abby Martin is an American journalist and former host of ""Breaking the Set"" for RT America. Check out her work at http://mediaroots.org",969,2:31:56,75LirHTjHzA,9116,False,True,"""Joe Rogan Experience"" JRE Joe Rogan podcast UFC MMA comedy stand up Deathsquad funny ""The Joe Rogan Experience"" ""Joe Rogan (Celebrity)"" ""Abby Martin (Film Director)"" ""Stand-up Comedy (TV Genre)"" Humor RT ""JRE #634"" 634 Parody",9116,5172,public,4.0,0.0,https://i.ytimg.com/vi/75LirHTjHzA/default.jpg,1429147818,,Joe Rogan Experience #634 - Abby Martin,zQUP1qoWDoEbmsQxvdjxgQ,479668,1429147818000,2015,4,16,634,479668,151,Abby Martin
13/04/2015,PowerfulJRE,22,False,560,"Alex Winter is a filmmaker and actor known best as Bill S. Preston, Esquire, from the ""Bill & Ted's Excellent Adventure"" franchise. His latest film ""Deep Web"" tells ""the untold story of Bitcoin and The Silk Road"" and is available on May 31 on Epix. http://www.deepwebthemovie.com/",84,1:59:29,BJMjGLcdtOA,7169,False,True,"""Joe Rogan Experience"" JRE Joe Rogan podcast UFC MMA comedy stand up Deathsquad funny ""Joe Rogan (Celebrity)"" ""The Joe Rogan Experience"" ""Stand-up Comedy (TV Genre)"" Humor ""Television (Invention)"" ""Alex Winter (Film Director)"" ""Deep Web (Website Category)"" ""Silk Road Project (Organization)"" ""Freak Party"" ""JRE #633"" 633",7169,2691,public,4.0,0.0,https://i.ytimg.com/vi/BJMjGLcdtOA/default.jpg,1428964835,,Joe Rogan Experience #633 - Alex Winter,zQUP1qoWDoEbmsQxvdjxgQ,222947,1428964835000,2015,4,13,633,222947,119,Alex Winter
03/04/2015,PowerfulJRE,22,False,3695,"Les Stroud is a Canadian musician, filmmaker, and survival expert best known as the creator, writer, producer, director, cameraman and host of the television series Survivorman. New episodes of Surivorman begin airing on The Science Channel in April.",2499,2:21:57,ciRHOJb1F20,8517,False,True,"""Joe Rogan (Celebrity)"" ""Comedy (Theater Genre)"" ""Les Stroud (TV Producer)"" ""Survivorman (TV Program)"" ""Joe Rogan Experience"" podcast ""Ultimate Fighting Championship (Sports Association)"" UFC ""Comedy (Film Genre)"" ""Brian Redban"" Deathsquad ""Freak Party"" ""JRE #632"" 632",8517,9401,public,4.0,0.0,https://i.ytimg.com/vi/ciRHOJb1F20/default.jpg,1428058396,,Joe Rogan Experience #632 - Les Stroud,zQUP1qoWDoEbmsQxvdjxgQ,1292779,1428058396000,2015,4,3,632,1292779,141,Les Stroud
27/03/2015,PowerfulJRE,22,False,593,"Josh Barnett is an MMA fighter, currently fighting in the UFC Heavyweight division.",169,2:27:27,jTqSMi80CDM,8847,False,True,"""Joe Rogan Experience"" JRE Joe Rogan podcast UFC MMA comedy stand up Deathsquad funny ""Joe Rogan (Celebrity)"" ""Josh Barnett (Martial Artist)"" ""Martial Arts (Sport)"" Humor ""JRE #631"" ""Brian Redban"" ""Freak Party"" ""Stand-up Comedy (TV Genre)"" ""Ultimate Fighting Championship (Sports Association)"" ""John Wayne Parr (Athlete)"" ""Muay Thai (Martial Art)"" ""Kickboxing (Martial Art)""",8847,2295,public,4.0,0.0,https://i.ytimg.com/vi/jTqSMi80CDM/default.jpg,1427504903,,Joe Rogan Experience #631 - Josh Barnett,zQUP1qoWDoEbmsQxvdjxgQ,327275,1427504903000,2015,3,28,631,327275,147,Josh Barnett
24/03/2015,PowerfulJRE,22,False,1683,"Duncan Trussell is a stand-up comedian, and host of his own podcast “The Duncan Trussell Family Hour”.",648,2:12:14,kbcfkYJ-zvM,7934,False,True,"""Joe Rogan Experience"" JRE Joe Rogan podcast UFC MMA comedy stand up Deathsquad funny ""Joe Rogan (Celebrity)"" ""Duncan Trussell (Film Actor)"" ""Stand-up Comedy (TV Genre)"" Humor ""JRE #630"" 630 ""Duncan Trussell Family Hour"" DTFH ""Freak Party""",7934,8296,public,4.0,0.0,https://i.ytimg.com/vi/kbcfkYJ-zvM/default.jpg,1427251974,,Joe Rogan Experience #630 - Duncan Trussell,zQUP1qoWDoEbmsQxvdjxgQ,942908,1427251974000,2015,3,25,630,942908,132,Duncan Trussell
24/03/2015,PowerfulJRE,22,False,1735,"Andrew Hill, PhD, is a lecturer, scientist, explorer, and also the lead neuroscientist at TruBrain.",455,2:55:00,06olLYiMvM4,10500,False,True,"""Joe Rogan Experience"" JRE Joe Rogan podcast UFC MMA comedy stand up Deathsquad funny ""Joe Rogan (Celebrity)"" ""Stand-up Comedy (TV Genre)"" ""JRE #629"" 629 ""Ultimate Fighting Championship (Sports Association)"" ""Andrew Hill"" ""Neuroscience (Field Of Study)"" Akido Humor",10500,6126,public,4.0,0.0,https://i.ytimg.com/vi/06olLYiMvM4/default.jpg,1427250752,,"Joe Rogan Experience #629 - Andrew Hill, PhD",zQUP1qoWDoEbmsQxvdjxgQ,709649,1427250752000,2015,3,25,629,709649,175,"Andrew Hill, PhD"
21/03/2015,PowerfulJRE,22,False,755,"Garry Tonon is a World Champion jiu jitsu black belt. Eddie Bravo is a jiujitsu black belt, music producer, and author. He also hosts his own podcast called Eddie Bravo Radio. Garry will be competeing at Eddie Bravo Invitational: EBI3 on March 22, 2015 with more info & PPV access available @ www.eddiebravoinvitational.com",256,2:59:45,HXGUmKeCDQo,10785,False,True,"""Joe Rogan Experience"" JRE Joe Rogan podcast UFC MMA comedy stand up Deathsquad funny ""Joe Rogan (Celebrity)"" ""Eddie Bravo (Martial Artist)"" ""Martial Arts (Sport)"" ""jiu jitsu"" ""Jujutsu (Martial Art)"" ""Garry Tonon"" ""Freak Party"" ""Ultimate Fighting Championship (Sports Association)"" ""Eddie Bravo Invitational"" ""JRE #628"" 628",10785,4701,public,4.0,0.0,https://i.ytimg.com/vi/HXGUmKeCDQo/default.jpg,1426982851,,Joe Rogan Experience #628 - Garry Tonon & Eddie Bravo,zQUP1qoWDoEbmsQxvdjxgQ,704482,1426982851000,2015,3,22,628,704482,179,Garry Tonon & Eddie Bravo
22/04/2013,PowerfulJRE,22,False,244,,56,2:33:14,LHL9XtH3LuE,9194,False,False,"""Joe Rogan Experience"" ""JRE #350"" 350 JRE Joe Rogan Tony Hinchcliffe Brian Redban ""Joe Rogan (Comedian)"" UFC MMA Comedy ""Fear Factor"" ""Joe Rogan Questions Everything"" JRQE",9194,550,public,4.0,0.0,https://i.ytimg.com/vi/LHL9XtH3LuE/default.jpg,1426836444,,Joe Rogan Experience #350 - Tony Hinchcliffe,zQUP1qoWDoEbmsQxvdjxgQ,110975,1426836444000,2015,3,20,350,110975,153,Tony Hinchcliffe
12/08/2013,PowerfulJRE,22,False,511,"Jim Norton is an American stand-up comedian, radio personality, author, and actor.",84,2:51:58,bst7GJGTVgo,10318,False,False,"""Joe Rogan Experience"" JRE Joe Rogan podcast UFC MMA comedy stand up ""Jim Norton (Author)"" ""Ultimate Fighting Championship (Organization)"" Anthony Opie ""Opie And Anthony (Broadcast Content)"" ""O & A"" Jim Norton Brian Redban ""JRE #383"" 383",10318,1285,public,4.0,0.0,https://i.ytimg.com/vi/bst7GJGTVgo/default.jpg,1426836326,,Joe Rogan Experience #383 - Jim Norton,zQUP1qoWDoEbmsQxvdjxgQ,189593,1426836326000,2015,3,20,383,189593,171,Jim Norton
04/02/2015,PowerfulJRE,22,False,330,"Tom Papa is a comedian, actor, writer and television/radio host. Tom has a great story on ""This Is Not Happening"" here - http://youtu.be/487y7zJzkFM

http://www.tompapa.com/

http://podcasts.joerogan.net",51,2:21:01,h45YAb2Gv6U,8461,False,True,"""Joe Rogan Experience"" JRE Joe Rogan podcast UFC MMA comedy stand up Deathsquad funny ""Joe Rogan (Celebrity)"" ""Stand-up Comedy (TV Genre)"" Humor ""Tom Papa (TV Actor)"" ""Brian Redban"" ""Freak Party"" ""JRE #609"" 609",8461,1076,public,4.0,0.0,https://i.ytimg.com/vi/h45YAb2Gv6U/default.jpg,1426836140,,Joe Rogan Experience #609 - Tom Papa,zQUP1qoWDoEbmsQxvdjxgQ,137472,1426836140000,2015,3,20,609,137472,141,Tom Papa
13/01/2015,PowerfulJRE,22,False,755,"Ari Shaffir is a stand-up comedian and hosts his own podcasts “Ari Shaffir’s Skeptic Tank.” He also has a new special premiering on Comedy Central, January 16th, 2015 at 11:59pm called ""Ari Shaffir: Paid Regular"" http://arishaffir.com",140,2:42:01,hXfNAiX9d_Y,9721,False,True,"""Joe Rogan Experience"" JRE Joe Rogan podcast UFC MMA comedy stand up Deathsquad funny ""Joe Rogan (Celebrity)"" ""Stand-up Comedy (TV Genre)"" Humor Comedian ""Ari Shaffir (TV Actor)"" ""Comedy Central (TV Network)"" ""Brian Redban"" ""JRE #600"" 600 ""Freak Party""",9721,2143,public,4.0,0.0,https://i.ytimg.com/vi/hXfNAiX9d_Y/default.jpg,1426836140,,Joe Rogan Experience #600 - Ari Shaffir,zQUP1qoWDoEbmsQxvdjxgQ,243522,1426836140000,2015,3,20,600,243522,162,Ari Shaffir
14/01/2015,PowerfulJRE,22,False,978,"Katy Bowman is a biomechanist, heavy on the bio, and author of books on natural movement & human development, solving diseases of captivity.  http://www.katysays.com/",201,3:00:18,0ub5OLNnN-o,10818,False,True,"""Joe Rogan Experience"" JRE Joe Rogan podcast UFC MMA comedy stand up Deathsquad funny ""Joe Rogan (Celebrity)"" ""Stand-up Comedy (TV Genre)"" Humor ""JRE #601"" 601 ""Katy Bowman""",10818,1826,public,4.0,0.0,https://i.ytimg.com/vi/0ub5OLNnN-o/default.jpg,1426836140,,Joe Rogan Experience #601 - Katy Bowman,zQUP1qoWDoEbmsQxvdjxgQ,210173,1426836140000,2015,3,20,601,210173,180,Katy Bowman
20/01/2015,PowerfulJRE,22,False,2307,"Ari Shaffir is a stand-up comedian and hosts his own podcasts “Ari Shaffir’s Skeptic Tank.” He also has a new season of ""This Is Not Happening"" premiering on Comedy Central, January 22 at 12:30am. Duncan Trussell is a stand-up comedian, and host of his own podcast ""The Duncan Trussell Family Hour"". 

http://arishaffir.com 
http://duncantrussell.com

http://podcasts.joerogan.net",834,1:59:12,5-lTjWrg4lo,7152,False,True,"""Joe Rogan Experience"" JRE Joe Rogan podcast UFC MMA comedy stand up Deathsquad funny ""Joe Rogan (Celebrity)"" ""Duncan Trussell (Film Actor)"" ""Stand-up Comedy (TV Genre)"" ""Ari Shaffir (TV Actor)"" Humor ""Stand Up (Composition)"" ""JRE #602"" 602 ""Freak Party""",7152,9593,public,4.0,0.0,https://i.ytimg.com/vi/5-lTjWrg4lo/default.jpg,1426836140,,Joe Rogan Experience #602 - Ari Shaffir & Duncan Trussell,zQUP1qoWDoEbmsQxvdjxgQ,1101877,1426836140000,2015,3,20,602,1101877,119,Ari Shaffir & Duncan Trussell
26/01/2015,PowerfulJRE,22,False,533,"Justin Wren is an American MMA fighter, formerly on the Ultimate Fighter.  He recently returned from a 1-year mission helping the Pygmy people of the Democratic Republic of the Congo.  Learn more about his project here: FightFortheForgotten.com",50,2:20:36,jDZN_L2H05Q,8436,False,True,"""Joe Rogan Experience"" JRE Joe Rogan podcast UFC MMA comedy stand up Deathsquad funny ""Joe Rogan (Celebrity)"" Humor ""Justin Wren"" pygmy ""Congo (Country)"" ""Congo River (River)"" ""Congo Basin (Location)"" ""Congo Crisis (Military Conflict)"" ""FIght for the Forgotten"" ""Stand-up Comedy (TV Genre)"" ""Ultimate Fighting Championship (Sports Association)"" ""JRE #603"" 603 ""Freak Party""",8436,1348,public,4.0,0.0,https://i.ytimg.com/vi/jDZN_L2H05Q/default.jpg,1426836140,,Joe Rogan Experience #603 - Justin Wren,zQUP1qoWDoEbmsQxvdjxgQ,123583,1426836140000,2015,3,20,603,123583,140,Justin Wren
26/01/2015,PowerfulJRE,22,False,613,"Eddie Huang is a restaurateur, food personality, sandwich hack, and former lawyer. His book ""Fresh Off The Boat"" is the inspiration for a new sitcom of the same name starring Randall Park airing on ABC starting in February.",125,1:54:48,b0sn2a3cMjs,6888,False,True,"""Joe Rogan Experience"" JRE Joe Rogan podcast UFC MMA comedy stand up Deathsquad funny ""Eddie Huang (TV Producer)"" ""Joe Rogan (Celebrity)"" ""Randall Park (Film Actor)"" ""Stand-up Comedy (TV Genre)"" Humor Sketch Comedian ""Sketch Comedy (TV Genre)"" ""Stand Up (Composition)"" ""Fresh Off The Boat"" ""Ultimate Fighting Championship (Sports Association)"" ""JRE #604"" 604 ""Freak Party""",6888,2657,public,4.0,0.0,https://i.ytimg.com/vi/b0sn2a3cMjs/default.jpg,1426836140,,Joe Rogan Experience #604 - Eddie Huang & Randall Park,zQUP1qoWDoEbmsQxvdjxgQ,280637,1426836140000,2015,3,20,604,280637,114,Eddie Huang & Randall Park
28/01/2015,PowerfulJRE,22,False,513,"Barry Rothbart is a comedian, actor and writer. Check him out soon when his story airs on Comedy Central's ""This Is Not Happening"" hosted by Ari Shaffir on February 12 at 12:30am.",43,2:00:35,Vb9HcOHXRzw,7235,False,True,"""Joe Rogan Experience"" JRE Joe Rogan podcast UFC MMA comedy stand up Deathsquad funny ""Joe Rogan (Celebrity)"" ""Barry Rothbart (Film Director)"" ""Stand-up Comedy (TV Genre)"" Humor ""Brian Redban"" ""JRE #605"" 605 ""Freak Party"" ""Ultimate Fighting Championship (Sports Association)"" gambling bookie",7235,776,public,4.0,0.0,https://i.ytimg.com/vi/Vb9HcOHXRzw/default.jpg,1426836140,,Joe Rogan Experience #605 - Barry Rothbart,zQUP1qoWDoEbmsQxvdjxgQ,109924,1426836140000,2015,3,20,605,109924,120,Barry Rothbart
02/02/2015,PowerfulJRE,22,False,11772,"Randall Carlson is a master builder and architectural designer, teacher, geometrician, geomythologist, geological explorer and renegade scholar.",6439,3:00:57,G0Cp7DrvNLQ,10857,False,True,"""Joe Rogan Experience"" JRE Joe Rogan podcast UFC MMA comedy stand up Deathsquad funny ""Joe Rogan (Celebrity)"" ""Stand-up Comedy (TV Genre)"" Humor ""Sacred Geometry (Literature Subject)"" ""Climate Change (Website Category)"" Deathsqiad ""Freak Party"" ""Randall Carlson"" ""JRE #606"" 606",10857,62556,public,4.0,0.0,https://i.ytimg.com/vi/G0Cp7DrvNLQ/default.jpg,1426836140,,Joe Rogan Experience #606 - Randall Carlson,zQUP1qoWDoEbmsQxvdjxgQ,8522232,1426836140000,2015,3,20,606,8522232,180,Randall Carlson
03/02/2015,PowerfulJRE,22,False,602,Joe Schilling is an American Muay Thai kickboxer who competes in the super middleweight and light heavyweight divisions. Joe's upcoming fight is February 6th at Glory 19 on Spike TV.,91,2:35:08,y41bc_vzV-M,9308,False,True,"""Joe Rogan Experience"" JRE Joe Rogan podcast UFC MMA comedy stand up Deathsquad funny ""Joe Rogan (Celebrity)"" ""Joe Schilling (Martial Artist)"" ""Martial Arts (Sport)"" Humor ""Stand-up Comedy (TV Genre)"" ""Ultimate Fighting Championship (Sports Association)"" ""Bellator MMA (Organization)"" ""K1 Kickboxing"" ""Kickboxing (Martial Art)"" ""Glory World Series"" ""Glory 19"" ""Freak Party""",9308,1704,public,4.0,0.0,https://i.ytimg.com/vi/y41bc_vzV-M/default.jpg,1426836140,,Joe Rogan Experience #607 - Joe Schilling,zQUP1qoWDoEbmsQxvdjxgQ,225176,1426836140000,2015,3,20,607,225176,155,Joe Schilling
04/02/2015,PowerfulJRE,22,False,1023,"Ali Rizvi is a writer, musician, physician, currently working on his first book, The Atheist Muslim.

http://www.huffingtonpost.com/ali-a-rizvi/

http://podcasts.joerogan.net",465,2:18:13,9-L626DnAuM,8293,False,True,"""Joe Rogan Experience"" JRE Joe Rogan podcast UFC MMA comedy stand up Deathsquad funny ""Joe Rogan (Celebrity)"" Humor ""Stand-up Comedy (TV Genre)"" ""Radio Comedy (Broadcast Genre)"" ""Broadcasting (Industry)"" ""Ultimate Fighting Championship (Sports Association)"" ""JRE #608"" 608 ""Freak Party""",8293,2317,public,4.0,0.0,https://i.ytimg.com/vi/9-L626DnAuM/default.jpg,1426836140,,Joe Rogan Experience #608 - Ali Rizvi,zQUP1qoWDoEbmsQxvdjxgQ,206387,1426836140000,2015,3,20,608,206387,138,Ali Rizvi
10/03/2015,PowerfulJRE,22,False,609,"Tom Segura is a stand-up comedian, and hosts his own podcast with his wife, Christina Pazsitzky called ""Your Mom's House"" http://www.yourmomshousepodcast.com",414,2:35:08,d1SZAceBcTk,9308,False,True,"Joe_Rogan_Live ""Joe Rogan (Celebrity)"" ""Joe Rogan Experience"" UFC ""Ultimate Fighting Championship (Sports Association)"" ""JRE #624"" 624 ""Tom Segura (TV Writer)"" ""Your Mom's House"" Deathsquad ""Freak Party"" ""Brian Redban"" Redban ""Comedy (Theater Genre)""",9308,4655,public,4.0,0.0,https://i.ytimg.com/vi/d1SZAceBcTk/default.jpg,1426836140,,Joe Rogan Experience #624 - Tom Segura,zQUP1qoWDoEbmsQxvdjxgQ,684141,1426836140000,2015,3,20,624,684141,155,Tom Segura
09/02/2015,PowerfulJRE,23,False,6396,"Professor Brian Cox is an English physicist and Professor of Particle Physics in the School of Physics and Astronomy at the University of Manchester in the UK. His BBC science comedy show/podcast ""Infinite Monkey Cage"" with comedian Robin Ince will be touring the US during the spring of 2015.",1758,2:50:17,QZl3ohphHSE,10217,False,True,"""JRE #610"" ""Joe Rogan (Celebrity)"" ""Comedy (Theater Genre)"" ""Joe Rogan Experience"" podcast ""Brian Cox (Academic)""",10217,31048,public,4.0,0.0,https://i.ytimg.com/vi/QZl3ohphHSE/default.jpg,1426836140,,Joe Rogan Experience #610 - Brian Cox,zQUP1qoWDoEbmsQxvdjxgQ,3303508,1426836140000,2015,3,20,610,3303508,170,Brian Cox
03/03/2015,PowerfulJRE,22,False,1310,"Bryan Callen is an actor and stand-up comedian. Brendan Schaub is a mixed martial artist and also a former college & pro football player. Together they host ""The Fighter & The Kid"" podcast available on iTunes.",462,2:58:56,FCVFCI9m-48,10736,False,True,"""Joe Rogan Experience"" JRE Joe Rogan podcast UFC MMA comedy stand up Deathsquad funny ""Joe Rogan (Celebrity)"" ""Bryan Callen (TV Actor)"" ""Brendan Schaub (Athlete)"" ""Stand-up Comedy (TV Genre)"" Humor ""Fighter & The Kid"" ""JRE #619"" 619 DEathsquad ""Freak Party""",10736,6946,public,4.0,0.0,https://i.ytimg.com/vi/FCVFCI9m-48/default.jpg,1426836140,,Joe Rogan Experience #619 - Bryan Callen & Brendan Schaub,zQUP1qoWDoEbmsQxvdjxgQ,964923,1426836140000,2015,3,20,619,964923,178,Bryan Callen & Brendan Schaub
18/03/2015,PowerfulJRE,22,False,1620,"Joey “CoCo” Diaz is a Cuban-American stand up comedian and actor.  Joey also hosts his own podcast called “The Church of What’s Happening Now” http://www.joeydiaz.net

http://podcasts.joerogan.net",479,2:55:03,4LO0Uf1sqI8,10503,False,True,"""Joe Rogan Experience"" JRE Joe Rogan podcast UFC MMA comedy stand up Deathsquad funny ""Joey Diaz (TV Actor)"" ""Stand-up Comedy (TV Genre)"" ""Television (Invention)"" Humor ""JRE #627"" ""Brian Redban"" ""Ultimate Fighting Championship (Sports Association)"" ""Freak Party"" ""Joe Rogan (Celebrity)""",10503,8817,public,4.0,0.0,https://i.ytimg.com/vi/4LO0Uf1sqI8/default.jpg,1426836140,,Joe Rogan Experience #627 - Joey Diaz,zQUP1qoWDoEbmsQxvdjxgQ,1038238,1426836140000,2015,3,20,627,1038238,175,Joey Diaz
17/03/2015,PowerfulJRE,22,False,1890,"Trevor Moore is a actor, comedian, writer, director, producer and musician, best known as the founding member of the comedy troupe The Whitest Kids U' Know. His latest special ""High on Church"" is available now at trevormoore.comedydirect.com",732,2:59:51,ZGKqw9lu158,10791,False,True,"""Joe Rogan Experience"" JRE Joe Rogan podcast UFC MMA comedy stand up Deathsquad funny ""Joe Rogan (Celebrity)"" ""Stand-up Comedy (TV Genre)"" Humor ""The Whitest Kids U' Know (TV Program)"" ""Trevor Moore (Musical Artist)"" Comedian ""JRE #626"" 626 ""Freak Party""",10791,10074,public,4.0,0.0,https://i.ytimg.com/vi/ZGKqw9lu158/default.jpg,1426836140,,Joe Rogan Experience #626 - Trevor Moore,zQUP1qoWDoEbmsQxvdjxgQ,1067193,1426836140000,2015,3,20,626,1067193,179,Trevor Moore
10/02/2015,PowerfulJRE,22,False,566,Josh McDermitt is an actor and comedian. He is best known for playing Eugene Porter on AMC's The Walking Dead.,78,2:53:29,uOi9XP5MrpM,10409,False,True,"""Joe Rogan Experience"" JRE Joe Rogan podcast UFC MMA comedy stand up Deathsquad funny ""Joe Rogan (Celebrity)"" ""Stand-up Comedy (TV Genre)"" Humor ""JRE #611"" 611 ""Josh McDermitt (TV Actor)"" ""Brian Redban"" ""Freak Party"" ""The Walking Dead (TV Program)"" ""AMC (TV Network)"" Eugene",10409,1771,public,4.0,0.0,https://i.ytimg.com/vi/uOi9XP5MrpM/default.jpg,1426836140,,Joe Rogan Experience #611 - Josh McDermitt,zQUP1qoWDoEbmsQxvdjxgQ,183605,1426836140000,2015,3,20,611,183605,173,Josh McDermitt
09/03/2015,PowerfulJRE,22,False,560,"Ari Shaffir is a stand-up comedian and hosts his own podcasts “Ari Shaffir’s Skeptic Tank.” He also has a special premiering on Comedy Central, March 13th, 2015 at 11:59pm called ""Passive Aggressive"" - Available now at arishaffir.com

http://podcasts.joerogan.net/",234,2:17:41,AnzjQcrB_IQ,8261,False,True,"""Joe Rogan Experience"" JRE Joe Rogan podcast UFC MMA comedy stand up Deathsquad funny ""Joe Rogan (Celebrity)"" ""Stand-up Comedy (TV Genre)"" Humor ""Amazing Racist"" ""Ari Shaffir"" ""Passive Agressive"" ""Paid Regular"" ""Comedy Central"" ""This Is Not Happening (TV Episode)"" ""JRE #623"" 623 ""Freak Party"" ""Skeptic Tank""",8261,2594,public,4.0,0.0,https://i.ytimg.com/vi/AnzjQcrB_IQ/default.jpg,1426836140,,Joe Rogan Experience #623 - Ari Shaffir,zQUP1qoWDoEbmsQxvdjxgQ,352524,1426836140000,2015,3,20,623,352524,137,Ari Shaffir
09/03/2015,PowerfulJRE,22,False,1768,"Adam Carolla is a comedian, radio personality, television host and actor. Check out his new movie ""Road Hard"" at roadhardmovie.com

http://podcasts.joerogan.net/",924,1:24:28,gjUBJRb7p7Q,5068,False,True,"""Joe Rogan Experience"" JRE Joe Rogan podcast UFC MMA comedy stand up Deathsquad funny ""Joe Rogan (Celebrity)"" ""Adam Carolla (TV Producer)"" ""Stand-up Comedy (TV Genre)"" Humor ""JRE #622"" 622 ""Freak Party""",5068,6580,public,4.0,0.0,https://i.ytimg.com/vi/gjUBJRb7p7Q/default.jpg,1426836140,,Joe Rogan Experience #622 - Adam Carolla,zQUP1qoWDoEbmsQxvdjxgQ,849508,1426836140000,2015,3,20,622,849508,84,Adam Carolla
07/03/2015,PowerfulJRE,23,False,628,"Aubrey Marcus is writer, entrepreneur, and adventurer. Some of his writings and experiences can be found on his website as well as links to his latest venture, Onnit Labs.",233,2:43:48,lAYYmfoyLCI,9828,False,True,"""Joe Rogan Experience"" JRE Joe Rogan podcast UFC MMA comedy stand up Deathsquad funny ""Joe Rogan (Comedian)"" ""Stand-up Comedy (TV Genre)"" ""Comedian (Profession)"" ""Aubrey Marcus"" ""Joe Rogan (Celebrity)"" ""JRE #621"" 621 ""Freak Party"" Humor",9828,1654,public,4.0,0.0,https://i.ytimg.com/vi/lAYYmfoyLCI/default.jpg,1426836140,,Joe Rogan Experience #621 - Aubrey Marcus,zQUP1qoWDoEbmsQxvdjxgQ,197151,1426836140000,2015,3,20,621,197151,163,Aubrey Marcus
04/03/2015,PowerfulJRE,22,False,1131,"Bert Kreischer is a stand-up comedian, actor and reality television host. Check out his book ""Life of the Party"" on Amazon and his podcast ""The Bertcast"" on Stitcher & iTunes.",1080,2:53:28,3uM_dwZizIA,10408,False,True,"""Joe Rogan Experience"" JRE Joe Rogan podcast UFC MMA comedy stand up Deathsquad funny ""Bert Kreischer (Musical Artist)"" ""Joe Rogan (Celebrity)"" Humor ""Stand-up Comedy (TV Genre)"" ""Brian Redban"" ""Freak Party"" ""JRE #620"" ""blue black"" ""white gold"" dress",10408,6320,public,4.0,0.0,https://i.ytimg.com/vi/3uM_dwZizIA/default.jpg,1426836140,,Joe Rogan Experience #620 - Bert Kreischer,zQUP1qoWDoEbmsQxvdjxgQ,1664867,1426836140000,2015,3,20,620,1664867,173,Bert Kreischer
16/03/2015,PowerfulJRE,22,False,325,"Steve Maxwell is an American fitness coach, physical educator, and Brazilian Jiu-Jitsu instructor. He was named one of the top 100 trainers in the USA by Men’s Journal.",71,2:06:58,-LIn2KqkW-M,7618,False,True,"""Joe Rogan Experience"" JRE Joe Rogan podcast UFC MMA comedy stand up Deathsquad funny ""Stand-up Comedy (TV Genre)"" Humor ""Ultimate Fighting Championship (Sports Association)"" ""Steve Maxwell (Person)"" Kettlebells ""Fitness (Media Genre)"" ""Joe Rogan (Celebrity)"" ""freak Party"" ""JRE #625"" 625",7618,1377,public,4.0,0.0,https://i.ytimg.com/vi/-LIn2KqkW-M/default.jpg,1426836140,,Joe Rogan Experience #625 - Steve Maxwell,zQUP1qoWDoEbmsQxvdjxgQ,168166,1426836140000,2015,3,20,625,168166,126,Steve Maxwell
25/02/2015,PowerfulJRE,22,False,2993,"Artie Lange is an actor, writer, comedian, radio personality, and author. He recently started his own podcast available at http://ArtieQuitter.com",612,1:26:54,1MrhsUTAnU8,5214,False,True,"""Joe Rogan Experience"" JRE Joe Rogan podcast UFC MMA comedy stand up Deathsquad funny ""Joe Rogan (Celebrity)"" ""Artie Lange (TV Writer)"" ""Stand-up Comedy (TV Genre)"" Humor ""Television (Invention)"" Sketch ""Sketch Comedy (TV Genre)"" Comedian Stern ""Howard Stern Show (Broadcast Content)"" ""Brian Redban"" ""Freak Party""",5214,7180,public,4.0,0.0,https://i.ytimg.com/vi/1MrhsUTAnU8/default.jpg,1426836140,,Joe Rogan Experience #618 - Artie Lange,zQUP1qoWDoEbmsQxvdjxgQ,1118060,1426836140000,2015,3,20,618,1118060,86,Artie Lange
25/02/2015,PowerfulJRE,22,False,541,"Brian Regan is one of the top stand-up comedians working today, find him touring all over the country at http://BrianRegan.com",119,2:13:58,XH7MCpD1j-I,8038,False,True,"""Joe Rogan Experience"" JRE Joe Rogan podcast UFC MMA comedy stand up Deathsquad funny ""Joe Rogan (Celebrity)"" ""Brian Regan (Musical Artist)"" Humor ""JRE #617"" 617 ""Brian Redban"" ""Freak Party"" ""Ultimate Fighting Championship (Sports Association)"" ""Stand-up Comedy (TV Genre)""",8038,1984,public,4.0,0.0,https://i.ytimg.com/vi/XH7MCpD1j-I/default.jpg,1426836140,,Joe Rogan Experience #617 - Brian Regan,zQUP1qoWDoEbmsQxvdjxgQ,281218,1426836140000,2015,3,20,617,281218,133,Brian Regan
23/02/2015,PowerfulJRE,23,False,1108,"John Wayne Parr is an Australian middleweight kickboxer and boxer, fighting out of Boonchu Gym in Gold Coast, Queensland. He is a 10-time World Champion in Muay Thai and runner up in The Contender Asia.",96,2:48:27,GofZQEWc6as,10107,False,True,"""John Wayne Parr (Athlete)"" ""Joe Rogan (Celebrity)"" ""Comedy (Theater Genre)"" ""Ultimate Fighting Championship (Sports Association)"" ""Kickboxing (Martial Art)"" ""Muay Thai (Martial Art)"" ""JRE #616"" 616 Deathsquad ""Freak Party"" UFC ""Martial Arts (Sport)"" ""Joe Rogan Experience"" podcast",10107,2971,public,4.0,0.0,https://i.ytimg.com/vi/GofZQEWc6as/default.jpg,1426836140,,Joe Rogan Experience #616 - John Wayne Parr,zQUP1qoWDoEbmsQxvdjxgQ,258889,1426836140000,2015,3,20,616,258889,168,John Wayne Parr
19/02/2015,PowerfulJRE,22,False,628,"Greg Fitzsimmons is a stand-up comedian. He also hosts his own podcast ""FitzDog Radio"" available on iTunes and every Monday on Sirius Howard 101. http://fitzdogradio.com

http://podcasts.joerogan.net",113,2:56:00,ie5IPWK26gg,10560,False,True,"""Joe Rogan Experience"" JRE Joe Rogan podcast UFC MMA comedy stand up Deathsquad funny ""Joe Rogan (Celebrity)"" ""Greg Fitzsimmons (TV Writer)"" ""Stand-up Comedy (TV Genre)"" Humor ""JRE #615"" 615 ""Freak Party""",10560,1502,public,4.0,0.0,https://i.ytimg.com/vi/ie5IPWK26gg/default.jpg,1426836140,,Joe Rogan Experience #615 - Greg Fitzsimmons,zQUP1qoWDoEbmsQxvdjxgQ,187629,1426836140000,2015,3,20,615,187629,176,Greg Fitzsimmons
18/02/2015,PowerfulJRE,22,False,670,"Christopher Ryan, PhD is a psychologist, speaker, and author of New York Times best seller ""Sex At Dawn"" - http://chrisryanphd.com/

http://podcasts.joerogan.net",121,2:00:33,MQAZTB1gkN0,7233,False,True,"""Joe Rogan Experience"" JRE Joe Rogan podcast UFC MMA comedy stand up Deathsquad funny ""Stand-up Comedy (TV Genre)"" ""Joe Rogan (Celebrity)"" ""Christopher Ryan (Film Actor)"" ""Christopher Ryan (Author("" ""JRE #614"" 614 ""Shrimp Parade"" ""Freak Party"" ""Ultimate Fighting Championship (Sports Association)"" ""Sex at Dawn""",7233,2401,public,4.0,0.0,https://i.ytimg.com/vi/MQAZTB1gkN0/default.jpg,1426836140,,"Joe Rogan Experience #614 - Christopher Ryan, PhD",zQUP1qoWDoEbmsQxvdjxgQ,279862,1426836140000,2015,3,20,614,279862,120,"Christopher Ryan, PhD"
16/02/2015,PowerfulJRE,22,False,1193,"Ms. Pat is a stand-up comedienne, and will have a story featured on an upcoming episode of ""This Is Not Happening"" on Comedy Central airing Thursday night at 12:30am.",356,2:28:23,iwzw3dlR838,8903,False,True,"""Joe Rogan Experience"" JRE Joe Rogan podcast UFC MMA comedy stand up Deathsquad funny ""Joe Rogan (Celebrity)"" ""Stand-up Comedy (TV Genre)"" Humor ""Comedy Central (TV Network)"" ""Ms Pat"" ""Miss Pat"" ""Brian Redban"" ""Freak Party"" ""JR #613"" ""JRE #613"" 613 Ms. ""Ultimate Fighting Championship (Sports Association)""",8903,4695,public,4.0,0.0,https://i.ytimg.com/vi/iwzw3dlR838/default.jpg,1426836140,,Joe Rogan Experience #613 - Ms. Pat,zQUP1qoWDoEbmsQxvdjxgQ,357292,1426836140000,2015,3,20,613,357292,148,Ms. Pat
11/02/2015,PowerfulJRE,22,False,1023,"Billy Corben is a documentary producer and director, best known for his films ""Cocaine Cowboys "" & ""Cocaine Cowboys 2"" and also ""Broke"" & ""The U"" for ESPN's 30 for 30 series. His latest film ""Dawg Fight"" will be available online on March 12, 2015. http://www.dawg-fight.com

http://podcasts.joerogan.net",453,2:48:04,U1S_qDWxmYk,10084,False,True,"""Joe Rogan Experience"" JRE Joe Rogan podcast UFC MMA comedy stand up Deathsquad funny ""Stand-up Comedy (TV Genre)"" Humor ""JRE #612"" 612 ""Billy Corben"" ""The U"" ""Cocaine Cowboys (Film)"" ""Ultimate Fighting Championship (Sports Association)"" ""Joe Rogan (Celebrity)"" ""Freak Party""",10084,1782,public,4.0,0.0,https://i.ytimg.com/vi/U1S_qDWxmYk/default.jpg,1426836140,,Joe Rogan Experience #612 - Billy Corben,zQUP1qoWDoEbmsQxvdjxgQ,191458,1426836140000,2015,3,20,612,191458,168,Billy Corben
12/09/2013,PowerfulJRE,22,False,1208,"David Choe is an American painter, muralist, graffiti artist and graphic novelist from Los Angeles, CA.  To learn more about him and his work check out the documentary ""Dirty Hands: The Art and Crimes of David Choe"" and also on his VICE series ""Thumbs UP!""",135,2:51:08,i8cDwucTSbo,10268,False,False,"""Joe Rogan Experience"" JRE Joe Rogan podcast UFC MMA comedy stand up ""David Choe (Visual Artist)"" ""Ultimate Fighting Championship (Organization)"" David Choe DVDASA Brian Redban Deathsquad ""Stand-up Comedy (TV Genre)"" Funny Humor ""Humour (Literary Genre)"" JRE#392",10268,3334,public,4.0,0.0,https://i.ytimg.com/vi/i8cDwucTSbo/default.jpg,1426835947,,Joe Rogan Experience #392 - David Choe,zQUP1qoWDoEbmsQxvdjxgQ,333816,1426835947000,2015,3,20,392,333816,171,David Choe
30/07/2013,PowerfulJRE,22,False,397,"Matt Farah is an automotive journalist whose work can be found on TheSmokingTire.com, and also on http://www.youtube.com/drive . Tod Mesirow is the executive producer for Joe Rogan Questions Everything on SyFy, and previously worked on shows such as Moster Garage and Overhaulin'.",72,2:58:25,kcVeCaE4K9A,10705,False,False,"""Joe Rogan Experience"" JRE Joe Rogan podcast UFC MMA comedy stand up 379 ""JRE #379"" Matt Farah Tod Mesirow ""Ultimate Fighting Championship (Organization)"" Drive",10705,1005,public,4.0,0.0,https://i.ytimg.com/vi/kcVeCaE4K9A/default.jpg,1426835947,,"Joe Rogan Experience #379 - Matt Farah, Tod Mesirow",zQUP1qoWDoEbmsQxvdjxgQ,115061,1426835947000,2015,3,20,379,115061,178,"Matt Farah, Tod Mesirow"
01/07/2013,PowerfulJRE,22,False,333,"Rick Doblin, Ph.D., is the founder and executive director of the Multidisciplinary Association for Psychedelic Studies (MAPS).",37,2:43:28,5DRQP2CiMHU,9808,False,False,"MAPS podcast JRE ""JRE #371"" Doblin ""Joe Rogan Experience"" Ufc Brian 371 Rogan Rick Joe Redban UFC MMA Comedy ""Fear Factor"" ""Joe Rogan Questions Everything"" JRQE",9808,1052,public,4.0,0.0,https://i.ytimg.com/vi/5DRQP2CiMHU/default.jpg,1426835947,,Joe Rogan Experience #371 - Rick Doblin,zQUP1qoWDoEbmsQxvdjxgQ,108895,1426835947000,2015,3,20,371,108895,163,Rick Doblin
08/07/2013,PowerfulJRE,22,False,374,"Mariana van Zeller is a Portuguese journalist and is currently a TV correspondent for the National Geographic Channel. Mariana is also known for the Peabody award winning documentary ""The Oxycontin Express"" made for the Vanguard series on Current TV.",32,2:31:39,P7cB6Vik7xw,9099,False,False,"372 ""OxyContin Express"" Foster podcast Darren ""JRE #372"" ""Joe Rogan Experience"" ""van Zeller"" Ufc Mariana Rogan Joe UFC MMA Comedy ""Fear Factor"" ""Joe Rogan Questions Everything"" JRQE",9099,679,public,4.0,0.0,https://i.ytimg.com/vi/P7cB6Vik7xw/default.jpg,1426835947,,Joe Rogan Experience #372 - Mariana van Zeller,zQUP1qoWDoEbmsQxvdjxgQ,80751,1426835947000,2015,3,20,372,80751,151,Mariana van Zeller
09/07/2013,PowerfulJRE,22,False,756,"Joey ""CoCo"" Diaz is a Cuban-American stand up comedian and actor.  Joey also hosts his own podcast called ""The Church of What's Happening Now""",194,2:38:37,8CiguIt9Ir0,9517,False,False,"""Mad Flavor"" Joey Diaz Ufc JRE ""JRE #373"" ""Joe Rogan Experience"" 373 Brian Rogan ""Joey Diaz (TV Actor)"" Redban MadFlavor Joe CoCo UFC MMA Comedy ""Fear Factor"" ""Joe Rogan Questions Everything"" JRQE",9517,3081,public,4.0,0.0,https://i.ytimg.com/vi/8CiguIt9Ir0/default.jpg,1426835947,,"Joe Rogan Experience #373 - Joey ""CoCo"" Diaz",zQUP1qoWDoEbmsQxvdjxgQ,396414,1426835947000,2015,3,20,373,396414,158,"Joey ""CoCo"" Diaz"
15/07/2013,PowerfulJRE,22,False,861,"Marc Maron is a stand up comedian and actor. Currently Marc hosts his own podcast called ""WTF with Marc Maron"" and also can be seen in his show ""Maron"" on IFC.",198,2:40:47,pYmuOQodT2Y,9647,False,False,"""Marc Maron (Author)"" ""JRE #374"" JRE ""Joe Rogan Experience"" podcast Brian Ufc 374 Rogan Marc Maron Joe Redban UFC MMA Comedy ""Fear Factor"" ""Joe Rogan Questions Everything"" JRQE",9647,2742,public,4.0,0.0,https://i.ytimg.com/vi/pYmuOQodT2Y/default.jpg,1426835947,,Joe Rogan Experience #374 - Marc Maron,zQUP1qoWDoEbmsQxvdjxgQ,422070,1426835947000,2015,3,20,374,422070,160,Marc Maron
16/07/2013,PowerfulJRE,22,False,623,Shane Smith is a Canadian-American journalist. He also is the co-founder and CEO of the international media company VICE.,68,2:44:44,Jx2dyhRBkHA,9884,False,False,"Smith Ufc JRE 375 Brian ""Shane Smith (TV Program Creator)"" ""Joe Rogan Experience"" Rogan ""JRE #375"" Shane Joe Redban UFC MMA Comedy ""Fear Factor"" ""Joe Rogan Questions Everything"" JRQE",9884,1228,public,4.0,0.0,https://i.ytimg.com/vi/Jx2dyhRBkHA/default.jpg,1426835947,,Joe Rogan Experience #375 - Shane Smith,zQUP1qoWDoEbmsQxvdjxgQ,158654,1426835947000,2015,3,20,375,158654,164,Shane Smith
23/07/2013,PowerfulJRE,22,False,401,"Bryan Callen is an actor, stand-up comedian, and host of his own podcasts: The Bryan Callen Show and The 10-Minute Podcast, with co-hosts Will Sasso and Chris D'Elia.",63,2:55:04,9tZq_n1_yXc,10504,False,False,"""Joe Rogan Experience"" JRE Joe Rogan podcast UFC MMA comedy stand up ""Bryan Callen (Comedian)"" ""Stand-up Comedy (TV Genre)"" ""Ultimate Fighting Championship (Organization)"" Callen Bryan ""JRE #376"" 376 ""Joe Rogan (Comedian)"" ""UFC 162"" ""UFC 163"" ""UFC 168"" Toronto Porsche ""Financial Crisis"" ""housing market"" bubble ""housing bubble"" stocks ""stock market"" ""Fear Factor"" ""Joe Rogan Questions Everything"" JRQE",10504,1079,public,4.0,0.0,https://i.ytimg.com/vi/9tZq_n1_yXc/default.jpg,1426835947,,Joe Rogan Experience #376 - Bryan Callen,zQUP1qoWDoEbmsQxvdjxgQ,120913,1426835947000,2015,3,20,376,120913,175,Bryan Callen
24/07/2013,PowerfulJRE,22,False,722,"Duncan Trussell is a stand-up comedian, and host of his own podcast, The Duncan Trussell Family Hour.",95,2:11:01,7-IOCUCDL28,7861,False,False,"""Joe Rogan Experience"" JRE Joe Rogan podcast UFC MMA comedy stand up ""JRE #377"" 377 Duncan Trussell ""Questions Everything"" JRQE ""Joe Rogan Questions Everything"" Brian Redban ""Duncan Trussell (Person)"" ""Ultimate Fighting Championship (Organization)"" ""Stand-up Comedy (TV Genre)"" ""Fear Factor""",7861,2447,public,4.0,0.0,https://i.ytimg.com/vi/7-IOCUCDL28/default.jpg,1426835947,,Joe Rogan Experience #377 - Duncan Trussell,zQUP1qoWDoEbmsQxvdjxgQ,238953,1426835947000,2015,3,20,377,238953,131,Duncan Trussell
26/08/2013,PowerfulJRE,22,False,515,Duane Ludwig is a former mixed martial arts fighter and currently is the head coach of Team Alpha Male. TJ Dillashaw is a mixed martial arts fighter currently fighting in the bantamweight division of the UFC.,81,2:52:32,Xm27e0oc1lM,10352,False,False,"""Joe Rogan Experience"" JRE Joe Rogan podcast UFC MMA comedy stand up 385 ""JRE #385"" ""Duane Ludwig"" Duane Ludwig TJ Brian Redban Deathsquad ""Ultimate Fighting Championship (Organization)"" ""TJ Dillashaw"" Dillashaw",10352,802,public,4.0,0.0,https://i.ytimg.com/vi/Xm27e0oc1lM/default.jpg,1426835947,,"Joe Rogan Experience #385 - Duane Ludwig, TJ Dillashaw",zQUP1qoWDoEbmsQxvdjxgQ,136408,1426835947000,2015,3,20,385,136408,172,"Duane Ludwig, TJ Dillashaw"
08/08/2013,PowerfulJRE,22,False,317,Greg Fitzsimmons is an American stand-up comedian. He also hosts his own podcast FitzDog Radio available on iTunes and every Monday on Sirius Howard 101.,46,2:59:07,zgQW7LlidFs,10747,False,False,"""Joe Rogan Experience"" JRE Joe Rogan podcast UFC MMA comedy stand up ""Greg Fitzsimmons (TV Writer)"" ""Ultimate Fighting Championship (Organization)"" ""JRE #382"" 382 Brian Redban Greg Fitzsimmons ""Stand-up Comedy (TV Genre)""",10747,638,public,4.0,0.0,https://i.ytimg.com/vi/zgQW7LlidFs/default.jpg,1426835947,,Joe Rogan Experience #382 - Greg Fitzsimmons,zQUP1qoWDoEbmsQxvdjxgQ,71308,1426835947000,2015,3,20,382,71308,179,Greg Fitzsimmons
19/06/2013,PowerfulJRE,22,False,335,"David Seaman is a journalist and former Congressional candidate. He also hosts his own podcast called ""The David Seaman Hour""",44,2:28:09,y6xkxLKrDPw,8889,False,False,"Seaman David ""JRE #368"" podcast JRE ""Joe Rogan Experience"" Ufc Brian Rogan 368 Joe Redban UFC MMA Comedy ""Fear Factor"" ""Joe Rogan Questions Everything"" JRQE",8889,629,public,4.0,0.0,https://i.ytimg.com/vi/y6xkxLKrDPw/default.jpg,1426835947,,Joe Rogan Experience #368 - David Seaman,zQUP1qoWDoEbmsQxvdjxgQ,57949,1426835947000,2015,3,20,368,57949,148,David Seaman
13/08/2013,PowerfulJRE,22,False,593,Ian McCall is an American mixed martial artist competing in the flyweight division.,158,2:54:56,hk8NfFhRKpw,10496,False,False,"""Joe Rogan Experience"" JRE Joe Rogan podcast UFC MMA comedy stand up ""JRE #384"" 384 Ian McCall ""Ian McCall (Person)"" ""Ultimate Fighting Championship (Organization)"" ""Joe Rogan (Comedian)"" ""Stand-up Comedy (TV Genre)"" ""Comedian (Profession)"" fighting brazil ""bear fights""",10496,805,public,4.0,0.0,https://i.ytimg.com/vi/hk8NfFhRKpw/default.jpg,1426835947,,Joe Rogan Experience #384 - Ian McCall,zQUP1qoWDoEbmsQxvdjxgQ,126694,1426835947000,2015,3,20,384,126694,174,Ian McCall
09/09/2013,PowerfulJRE,22,False,596,"Mac Lethal is an independent hip hop artist and also author of ""Texts from Bennett""",73,2:57:18,U_lUHyN-4ZA,10638,False,False,"""Joe Rogan Experience"" JRE Joe Rogan podcast UFC MMA comedy stand up ""Mac Lethal (Musical Artist)"" ""Ultimate Fighting Championship (Organization)"" ""JRE #390"" 390 Brian Redban music rap ""Texts from Bennet"" author story storytelling ""Storytelling (Broadcast Genre)""",10638,1322,public,4.0,0.0,https://i.ytimg.com/vi/U_lUHyN-4ZA/default.jpg,1426835947,,Joe Rogan Experience #390 - Mac Lethal,zQUP1qoWDoEbmsQxvdjxgQ,112250,1426835947000,2015,3,20,390,112250,177,Mac Lethal
27/08/2013,PowerfulJRE,22,False,879,"Joey ""CoCo"" Diaz is a Cuban-American stand up comedian and actor.  Joey also hosts his own podcast called ""The Church of What's Happening Now""",275,2:55:02,i_HqR46dU_8,10502,False,False,"""Joe Rogan Experience"" JRE Joe Rogan podcast UFC MMA comedy stand up ""Joey Diaz (TV Actor)"" ""Ultimate Fighting Championship (Organization)"" Funny ""JRE #386"" 386 Joey Diaz CoCo MadFlavor Mad Flavor Brian Redban Deathsquad",10502,3827,public,4.0,0.0,https://i.ytimg.com/vi/i_HqR46dU_8/default.jpg,1426835947,,"Joe Rogan Experience #386 - Joey ""CoCo"" Diaz",zQUP1qoWDoEbmsQxvdjxgQ,490924,1426835947000,2015,3,20,386,490924,175,"Joey ""CoCo"" Diaz"
28/08/2013,PowerfulJRE,22,False,354,"Everlast is an American singer-songwriter known for hits such as ""What It's Like"" and ""Put Your Lights On"" and was a founding member of House of Pain.",48,2:50:45,SBgj3sdJJRk,10245,False,False,"""Joe Rogan Experience"" JRE Joe Rogan podcast UFC MMA comedy stand up ""Everlast (Musical Artist)"" ""Ultimate Fighting Championship (Organization)"" Funny ""Acoustic Music (Musical Genre)"" ""Acoustic Guitar (Musical Instrument)"" ""live music"" guitar acoustic performance ""JRE #387"" 387 Brian Redban Bryan Velasco Everlast ""Whitey Ford"" ""Acoustic (Musical Album)"" Concert",10245,670,public,4.0,0.0,https://i.ytimg.com/vi/SBgj3sdJJRk/default.jpg,1426835947,,Joe Rogan Experience #387 - Everlast,zQUP1qoWDoEbmsQxvdjxgQ,67143,1426835947000,2015,3,20,387,67143,170,Everlast
24/09/2013,PowerfulJRE,22,False,1094,"Stefan Molyneux is a Canadian philosopher. He runs the #1 philosophy show on the internet, Freedomain Radio, and also runs a very popular YouTube channel, https://www.youtube.com/user/stefbot",200,3:00:37,mFxU5veg0Cw,10837,False,True,"""Joe Rogan Experience"" JRE Joe Rogan podcast UFC MMA comedy stand up ""Stefan Molyneux (Philosopher)"" ""Ultimate Fighting Championship (Organization)"" Funny Humor Sketch ""Sketch Comedy (TV Genre)"" ""Humour (Literary Genre)"" ""Stand-up Comedy (TV Genre)"" Comedian ""Philosophy (Professional Field)"" Stefan Molyneux 396 ""JRE #396"" Deathsquad Comic",10837,2131,public,4.0,0.0,https://i.ytimg.com/vi/mFxU5veg0Cw/default.jpg,1426835947,,Joe Rogan Experience #396 - Stefan Molyneux,zQUP1qoWDoEbmsQxvdjxgQ,147772,1426835947000,2015,3,20,396,147772,180,Stefan Molyneux
16/09/2013,PowerfulJRE,22,False,413,"Tom Segura is a stand-up comedian, and hosts his own podcast with his wife, Christina Pazsitzky called ""Your Mom's House""",93,2:53:13,kiFM2QDPbw4,10393,False,False,"""Joe Rogan Experience"" JRE Joe Rogan podcast UFC MMA comedy stand up ""Christina Pazsitzky (TV Personality)"" Funny ""Ultimate Fighting Championship (Organization)"" Humor ""Stand-up Comedy (TV Genre)"" ""Humour (Literary Genre)"" Sketch Comedian ""Sketch Comedy (TV Genre)"" Comic Jokes Hilarious Tom Segura Brian Redban Deathsquad",10393,1454,public,4.0,0.0,https://i.ytimg.com/vi/kiFM2QDPbw4/default.jpg,1426835947,,Joe Rogan Experience #393 - Tom Segura,zQUP1qoWDoEbmsQxvdjxgQ,184470,1426835947000,2015,3,20,393,184470,173,Tom Segura
21/06/2013,PowerfulJRE,22,False,890,"Jason Silva is a Venezuelan-American filmmaker, philosopher, and television personality, currently hosting ""Brain Games"" on NatGeo. Duncan Trussell is a stand-up comedian, and host of his own podcast, The Duncan Trussell Family Hour. Ari Shaffir is a stand-up comedian and also hosts his own podcasts Ari Shaffir's Skeptic Tank and Punch Drunk.",98,2:00:05,TyODZ4IjBVI,7205,False,False,"Duncan ""Jason Silva (Person)"" ""JRE #369"" Jason podcast JRE Trussell Ari ""Joe Rogan (Comedian)"" ""Joe Rogan Experience"" Ufc Brian Silva ""Duncan Trussell (Person)"" Rogan Shaffir 369 Joe Redban UFC MMA Comedy ""Fear Factor"" ""Joe Rogan Questions Everything"" JRQE",7205,2030,public,4.0,0.0,https://i.ytimg.com/vi/TyODZ4IjBVI/default.jpg,1426835947,,"Joe Rogan Experience #369 - Jason Silva, Duncan Trussell, Ari Shaffir",zQUP1qoWDoEbmsQxvdjxgQ,186000,1426835947000,2015,3,20,369,186000,120,"Jason Silva, Duncan Trussell, Ari Shaffir"
05/08/2013,PowerfulJRE,22,False,1083,"Abby Martin is an American journalist and also host of ""Breaking the Set"" for RT America.",184,2:54:23,zbjrwJG54XA,10463,False,False,"""Joe Rogan Experience"" JRE Joe Rogan podcast UFC MMA comedy stand up 381 ""JRE #381"" Abby Martin RT ""Breaking the Set"" Brian Redban ""Ultimate Fighting Championship (Organization)"" ""Stand-up Comedy (TV Genre)""",10463,1873,public,4.0,0.0,https://i.ytimg.com/vi/zbjrwJG54XA/default.jpg,1426835947,,Joe Rogan Experience #381 - Abby Martin,zQUP1qoWDoEbmsQxvdjxgQ,184774,1426835947000,2015,3,20,381,184774,174,Abby Martin
11/06/2013,PowerfulJRE,22,False,235,"Aubrey Marcus is writer, entrepreneur, and adventurer.  Some of his writings and experiences can be found on his website, WarriorPoet.us, as well as links to his latest venture, Onnit Labs.",33,2:26:24,sGFFPJDzN-4,8784,False,False,"Marcus ""JRE #367"" JRE Brian Warrior ""Joe Rogan Experience"" Poet 367 Ufc Rogan Redban Joe Aubrey UFC MMA Comedy ""Fear Factor"" ""Joe Rogan Questions Everything"" JRQE",8784,705,public,4.0,0.0,https://i.ytimg.com/vi/sGFFPJDzN-4/default.jpg,1426835947,,Joe Rogan Experience #367 - Aubrey Marcus,zQUP1qoWDoEbmsQxvdjxgQ,91073,1426835947000,2015,3,20,367,91073,146,Aubrey Marcus
10/06/2013,PowerfulJRE,22,False,313,,57,2:40:51,ipEtAkxrm1w,9651,False,False,"Bobcat Ufc JRE Rogan ""Joe Rogan Experience"" 366 Goldthwait ""JRE #366"" Joe UFC MMA Comedy ""Fear Factor"" ""Joe Rogan Questions Everything"" JRQE",9651,1119,public,4.0,0.0,https://i.ytimg.com/vi/ipEtAkxrm1w/default.jpg,1426835947,,Joe Rogan Experience #366 - Bobcat Goldthwait,zQUP1qoWDoEbmsQxvdjxgQ,143601,1426835947000,2015,3,20,366,143601,160,Bobcat Goldthwait
30/09/2013,PowerfulJRE,22,False,1102,"Buck Angel is an American trans man, adult film producer and performer, motivational speaker, and LGBT icon.",241,2:49:37,vFe1xEGtpjA,10177,False,False,"""Joe Rogan Experience"" JRE Joe Rogan podcast UFC MMA comedy stand up ""Buck Angel (Adult Entertainer)"" ""Stand-up Comedy (TV Genre)"" ""Ultimate Fighting Championship (Organization)"" Funny Humor Hilarious Sketch ""Television (Invention)"" ""Sketch Comedy (TV Genre)"" Comic Comedian Humour Jokes Laugh Deathsquad 399 ""JRE #399""",10177,2121,public,4.0,0.0,https://i.ytimg.com/vi/vFe1xEGtpjA/default.jpg,1426835947,,Joe Rogan Experience #399 - Buck Angel,zQUP1qoWDoEbmsQxvdjxgQ,193513,1426835947000,2015,3,20,399,193513,169,Buck Angel
23/04/2013,PowerfulJRE,22,False,1608,"Georges St. Pierre is a Canadian MMA fighter, and is also the UFC Welterweight Champion.",187,1:13:49,rmFsUV5ICKk,4429,False,False,"""Joe Rogan Experience"" ""JRE #351"" 351 JRE Joe Rogan Georges ""St. Pierre"" GSP Brian Redban ""Joe Rogan (Comedian)"" UFC MMA Comedy ""Fear Factor"" ""Joe Rogan Questions Everything"" JRQE",4429,5636,public,4.0,0.0,https://i.ytimg.com/vi/rmFsUV5ICKk/default.jpg,1426835947,,Joe Rogan Experience #351 - Georges St. Pierre,zQUP1qoWDoEbmsQxvdjxgQ,717311,1426835947000,2015,3,20,351,717311,73,Georges St. Pierre
25/04/2013,PowerfulJRE,22,False,420,"Special appearances by Bert Kreischer & Joey ""CoCo"" Diaz",86,2:04:43,tO2TXneMdUQ,7483,False,False,"""Joe Rogan Experience"" ""JRE #352"" 352 JRE Joe Rogan Tom Segura Brian Redban ""Joe Rogan (Comedian)"" UFC MMA Comedy ""Fear Factor"" ""Joe Rogan Questions Everything"" JRQE",7483,1523,public,4.0,0.0,https://i.ytimg.com/vi/tO2TXneMdUQ/default.jpg,1426835947,,Joe Rogan Experience #352 - Tom Segura,zQUP1qoWDoEbmsQxvdjxgQ,187287,1426835947000,2015,3,20,352,187287,124,Tom Segura
30/04/2013,PowerfulJRE,22,False,636,,196,2:40:25,rKf80WtsFjk,9625,False,False,"""Joe Rogan Experience"" ""JRE #354"" 354 JRE Joe Rogan Ari Shaffir Amy Schumer Brian Redban ""Joe Rogan (Comedian)"" UFC MMA Comedy ""Fear Factor"" ""Joe Rogan Questions Everything"" JRQE",9625,1280,public,4.0,0.0,https://i.ytimg.com/vi/rKf80WtsFjk/default.jpg,1426835947,,"Joe Rogan Experience #354 - Ari Shaffir, Amy Schumer",zQUP1qoWDoEbmsQxvdjxgQ,257514,1426835947000,2015,3,20,354,257514,160,"Ari Shaffir, Amy Schumer"
06/05/2013,PowerfulJRE,22,False,174,,28,2:20:37,HWkLKU0KlDQ,8437,False,False,"""Joe Rogan Experience"" podcast ""JRE #355"" 355 JRE Joe Rogan Dom Irrera ""Joe Rogan (Comedian)"" UFC MMA Comedy ""Fear Factor"" ""Joe Rogan Questions Everything"" JRQE ""Dom Irrera (Comedian)"" ""Stand-up Comedy (TV Genre)"" ""Ultimate Fighting Championship (Organization)""",8437,323,public,4.0,0.0,https://i.ytimg.com/vi/HWkLKU0KlDQ/default.jpg,1426835947,,Joe Rogan Experience #355 - Dom Irrera,zQUP1qoWDoEbmsQxvdjxgQ,37928,1426835947000,2015,3,20,355,37928,140,Dom Irrera
08/05/2013,PowerfulJRE,22,False,799,,81,2:22:16,Qcb_EDwQc_w,8536,False,False,"""Joe Rogan Experience"" podcast ""JRE #356"" 356 JRE ""Dan Hardy (Martial Artist)"" Joe Rogan Brian Redban ""Dan Hardy"" ""Joe Rogan (Comedian)"" UFC MMA Comedy ""Fear Factor"" ""Joe Rogan Questions Everything"" JRQE",8536,2163,public,4.0,0.0,https://i.ytimg.com/vi/Qcb_EDwQc_w/default.jpg,1426835947,,Joe Rogan Experience #356 - Dan Hardy,zQUP1qoWDoEbmsQxvdjxgQ,262855,1426835947000,2015,3,20,356,262855,142,Dan Hardy
09/05/2013,PowerfulJRE,22,False,261,"Daniele Bolelli is an Italian author, professor, and martial artist. His books include Create Your Own Religion and On the Warrior's Path and his podcast called The Drunken Taoist is available on iTunes.",18,2:47:11,IkoT6-7drP0,10031,False,False,"""Joe Rogan Experience"" podcast ""JRE #357"" 357 JRE Joe Rogan Brian Redban Daniele Bolelli ""Joe Rogan (Comedian)"" UFC MMA Comedy ""Fear Factor"" ""Joe Rogan Questions Everything"" JRQE",10031,515,public,4.0,0.0,https://i.ytimg.com/vi/IkoT6-7drP0/default.jpg,1426835947,,Joe Rogan Experience #357 - Daniele Bolelli,zQUP1qoWDoEbmsQxvdjxgQ,59250,1426835947000,2015,3,20,357,59250,167,Daniele Bolelli
13/05/2013,PowerfulJRE,22,False,313,,41,2:56:45,9rMRDYnJh10,10605,False,False,"""Joe Rogan Experience"" ""JRE #358"" JRE 358 Joe Rogan Bert Kreishcer Brian Redban ""Joe Rogan (Comedian)"" UFC MMA Comedy ""Fear Factor"" ""Joe Rogan Questions Everything"" JRQE",10605,784,public,4.0,0.0,https://i.ytimg.com/vi/9rMRDYnJh10/default.jpg,1426835947,,Joe Rogan Experience #358 - Bert Kreischer,zQUP1qoWDoEbmsQxvdjxgQ,113008,1426835947000,2015,3,20,358,113008,176,Bert Kreischer
22/05/2013,PowerfulJRE,22,False,584,,97,2:31:15,Q01yjj-2NkI,9075,False,False,"""Joe Rogan Experience"" podcast ""JRE #359"" JRE 359 Joe Rogan Brian Redban Alex Grey ""Joe Rogan (Comedian)"" UFC MMA Comedy ""Fear Factor"" ""Joe Rogan Questions Everything"" JRQE",9075,1940,public,4.0,0.0,https://i.ytimg.com/vi/Q01yjj-2NkI/default.jpg,1426835947,,Joe Rogan Experience #359 - Alex Grey,zQUP1qoWDoEbmsQxvdjxgQ,199352,1426835947000,2015,3,20,359,199352,151,Alex Grey
23/05/2013,PowerfulJRE,22,False,1797,"Graham Hancock is an English author and journalist, well known for books such as ""Fingerprints Of The Gods"" and ""Entangled""",438,2:41:34,tsu2-I2q6dg,9694,False,False,"""Joe Rogan Experience"" podcast ""JRE #360"" 360 JRE Joe Rogan Graham Hancock UFC MMA Comedy ""Fear Factor"" ""Joe Rogan Questions Everything"" JRQE",9694,8683,public,4.0,0.0,https://i.ytimg.com/vi/tsu2-I2q6dg/default.jpg,1426835947,,Joe Rogan Experience #360 - Graham Hancock,zQUP1qoWDoEbmsQxvdjxgQ,824393,1426835947000,2015,3,20,360,824393,161,Graham Hancock
27/05/2013,PowerfulJRE,22,False,507,"Dave Asprey is an author, lifehacker, and creator of Bulletproof Coffee. Tait Fletcher is a former American mixed martial artist, and currently is a stuntman, trainer, and hosts his own podcast called ""Stay Bulletproof with Tait Fletcher""",58,2:59:04,SY26mXMVDko,10744,False,False,"""Joe Rogan Experience"" podcast ""JRE #361"" 361 JRE Joe Rogan Dave Asprey Tait Fletcher Brian Redban UFC MMA Comedy ""Fear Factor"" ""Joe Rogan Questions Everything"" JRQE",10744,719,public,4.0,0.0,https://i.ytimg.com/vi/SY26mXMVDko/default.jpg,1426835947,,"Joe Rogan Experience #361 - Dave Asprey, Tait Fletcher",zQUP1qoWDoEbmsQxvdjxgQ,89964,1426835947000,2015,3,20,361,89964,179,"Dave Asprey, Tait Fletcher"
29/05/2013,PowerfulJRE,22,False,229,Eddie Ifft is an American stand-up comedian and also hosts his own podcast called Talkin' Shit with Eddie Ifft.,20,2:50:27,fZ3Gu4szudI,10227,False,False,"""Joe Rogan Experience"" podcast ""JRE #362"" 362 JRE Joe Rogan Eddie Ifft Brian Redban UFC MMA Comedy ""Fear Factor"" ""Joe Rogan Questions Everything"" JRQE",10227,310,public,4.0,0.0,https://i.ytimg.com/vi/fZ3Gu4szudI/default.jpg,1426835947,,Joe Rogan Experience #362 - Eddie Ifft,zQUP1qoWDoEbmsQxvdjxgQ,44322,1426835947000,2015,3,20,362,44322,170,Eddie Ifft
04/06/2013,PowerfulJRE,22,False,272,"Everlast is an American singer-songwriter known for hits such as ""What It's Like"" and ""Put Your Lights On"" and was a founding member of House of Pain.",35,2:47:53,3K7rhvXe0aE,10073,False,False,"""Joe Rogan Experience"" ""JRE #363"" 363 JRE Joe Rogan Everlast Brian Redban UFC MMA Comedy ""Fear Factor"" ""Joe Rogan Questions Everything"" JRQE",10073,560,public,4.0,0.0,https://i.ytimg.com/vi/3K7rhvXe0aE/default.jpg,1426835947,,Joe Rogan Experience #363 - Everlast,zQUP1qoWDoEbmsQxvdjxgQ,59892,1426835947000,2015,3,20,363,59892,167,Everlast
07/06/2013,PowerfulJRE,22,False,956,,191,2:55:36,fcVy7EEgqNM,10536,False,False,"Cordoza 365 podcast JRE ""JRE #365"" Starrett Kelly ""Joe Rogan Experience"" Ufc Brian Rogan MobilityWOD Glenn Joe Redban UFC MMA Comedy ""Fear Factor"" ""Joe Rogan Questions Everything"" JRQE",10536,2023,public,4.0,0.0,https://i.ytimg.com/vi/fcVy7EEgqNM/default.jpg,1426835947,,"Joe Rogan Experience #365 - Kelly Starrett, Glen Cordoza",zQUP1qoWDoEbmsQxvdjxgQ,240393,1426835947000,2015,3,20,365,240393,175,"Kelly Starrett, Glen Cordoza"
26/09/2013,PowerfulJRE,22,False,390,"Sam Tripoli is a stand-up comedian. He hosts also his own shows, The Naughty Show and the Punch Drunk Sports podcast, with co-hosts Ari Shaffir and Jason Thibault.",59,2:57:07,IiUUuXeTtqA,10627,False,False,"""Joe Rogan Experience"" JRE Joe Rogan podcast UFC MMA comedy stand up ""Stand-up Comedy (TV Genre)"" ""Sam Tripoli (Person)"" ""Ultimate Fighting Championship (Organization)"" Funny Humor ""Humour (Literary Genre)"" Comedian Sketch ""Sketch Comedy (TV Genre)"" ""The Naughty Show"" Deathsquad ""JRE #398"" 398",10627,727,public,4.0,0.0,https://i.ytimg.com/vi/IiUUuXeTtqA/default.jpg,1426835947,,Joe Rogan Experience #398 - Sam Tripoli,zQUP1qoWDoEbmsQxvdjxgQ,82815,1426835947000,2015,3,20,398,82815,177,Sam Tripoli
22/01/2013,PowerfulJRE,22,False,56,"JRE #121 - Bryan Callen, Brian Redban",16,2:25:15,ILrLfoHUzj8,8715,False,False,"""Joe Rogan Experience"" Podcast ""Joe Rogan"" ""Brian Redban"" Rogan Redban JRE ""JRE #121"" 121 ""Bryan Callen"" UFC MMA Comedy ""Fear Factor"" ""Joe Rogan Questions Everything"" JRQE",8715,404,public,4.0,0.0,https://i.ytimg.com/vi/ILrLfoHUzj8/default.jpg,1422577462,,Joe Rogan Experience #121 - Bryan Callen,zQUP1qoWDoEbmsQxvdjxgQ,35672,1422577462000,2015,1,30,121,35672,145,Bryan Callen
09/04/2013,PowerfulJRE,22,False,66,JRE #197 - Ari Shaffir,19,2:26:47,fnqsUUm7vww,8807,False,False,"""Joe Rogan Experience"" podcast ""JRE #197"" 197 JRE Joe Rogan Ari Shaffir Brian Redban ""Joe Rogan (Comedian)"" UFC MMA Comedy ""Fear Factor"" ""Joe Rogan Questions Everything"" JRQE",8807,302,public,4.0,0.0,https://i.ytimg.com/vi/fnqsUUm7vww/default.jpg,1422577333,,Joe Rogan Experience #197 - Ari Shaffir,zQUP1qoWDoEbmsQxvdjxgQ,33172,1422577333000,2015,1,30,197,33172,146,Ari Shaffir
09/04/2013,PowerfulJRE,22,False,338,Joe Rogan Experience #199 - Joey Diaz,94,2:57:37,VZ7FGp0_QBU,10657,False,False,"""Joe Rogan Experience"" podcast ""JRE #199"" 199 JRE Joe Rogan Joey Diaz CoCo MadFlavor Brian Redban ""Joe Rogan (Comedian)"" UFC MMA Comedy ""Fear Factor"" ""Joe Rogan Questions Everything"" JRQE",10657,1668,public,4.0,0.0,https://i.ytimg.com/vi/VZ7FGp0_QBU/default.jpg,1422577333,,Joe Rogan Experience #199 - Joey Diaz,zQUP1qoWDoEbmsQxvdjxgQ,179481,1422577333000,2015,1,30,199,179481,177,Joey Diaz
09/04/2013,PowerfulJRE,22,False,55,JRE #188 - Amy Schumer,47,2:16:43,uD6HuOqACww,8203,False,False,"""Joe Rogan Experience"" podcast ""JRE #188"" 188 JRE Amy Schumer Joe Rogan Brian Redban ""Joe Rogan (Comedian)"" UFC MMA Comedy ""Fear Factor"" ""Joe Rogan Questions Everything"" JRQE",8203,216,public,4.0,0.0,https://i.ytimg.com/vi/uD6HuOqACww/default.jpg,1422577333,,Joe Rogan Experience #188 - Amy Schumer,zQUP1qoWDoEbmsQxvdjxgQ,24703,1422577333000,2015,1,30,188,24703,136,Amy Schumer
09/04/2013,PowerfulJRE,22,False,94,JRE #196 - Matt Paxton,12,2:26:25,AoYqzStWHsk,8785,False,False,"""Joe Rogan Experience"" Podcast ""JRE #196"" 196 Joe Rogan Matt Paxton Brian Redban ""Joe Rogan (Comedian)"" UFC MMA Comedy ""Fear Factor"" ""Joe Rogan Questions Everything"" JRQE",8785,393,public,4.0,0.0,https://i.ytimg.com/vi/AoYqzStWHsk/default.jpg,1422577333,,Joe Rogan Experience #196 - Matt Paxton,zQUP1qoWDoEbmsQxvdjxgQ,32382,1422577333000,2015,1,30,196,32382,146,Matt Paxton
09/04/2013,PowerfulJRE,22,False,128,"Jason Silva is a futurist, filmmaker, epiphany addict, ecstatic truth lover, znd techno optimist. Formerly a host on Current.tv, Jason more recently creates short videos for the internet he calls 'shots of philosophical espresso'",21,2:47:04,eg6wXH9QqJc,10024,False,False,"""Joe Rogan Experience"" podcast ""JRE #194"" 194 JRE Joe Rogan Jason Silva Brian Redban ""Joe Rogan (Comedian)"" UFC MMA Comedy ""Fear Factor"" ""Joe Rogan Questions Everything"" JRQE",10024,517,public,4.0,0.0,https://i.ytimg.com/vi/eg6wXH9QqJc/default.jpg,1422577333,,Joe Rogan Experience #194 - Jason Silva,zQUP1qoWDoEbmsQxvdjxgQ,45750,1422577333000,2015,1,30,194,45750,167,Jason Silva
09/04/2013,PowerfulJRE,22,False,227,JRE #193 - Jim Gaffigan,110,1:26:29,gZ7Xdyl5mAo,5189,False,False,"""Joe Rogan Experience"" Podcast ""JRE #193"" 193 JRE Joe Rogan Jim Gaffigan Brian Redban ""Joe Rogan (Comedian)"" UFC MMA Comedy ""Fear Factor"" ""Joe Rogan Questions Everything"" JRQE",5189,1322,public,4.0,0.0,https://i.ytimg.com/vi/gZ7Xdyl5mAo/default.jpg,1422577333,,Joe Rogan Experience #193 - Jim Gaffigan,zQUP1qoWDoEbmsQxvdjxgQ,204546,1422577333000,2015,1,30,193,204546,86,Jim Gaffigan
09/04/2013,PowerfulJRE,22,False,924,JRE #192 - Sam Harris,169,2:50:15,WHBfB7usIcU,10215,False,False,"""Joe Rogan Experience"" Podcast ""Jre #192"" 192 JRE Joe Rogan Sam Harris Brian Redban ""Joe Rogan (Comedian)"" UFC MMA Comedy ""Fear Factor"" ""Joe Rogan Questions Everything"" JRQE",10215,3524,public,4.0,0.0,https://i.ytimg.com/vi/WHBfB7usIcU/default.jpg,1422577333,,Joe Rogan Experience #192 - Sam Harris,zQUP1qoWDoEbmsQxvdjxgQ,307738,1422577333000,2015,1,30,192,307738,170,Sam Harris
09/04/2013,PowerfulJRE,22,False,46,JRE #190 - Greg Fitzsimmons,14,2:58:31,K96ot8_1Zf0,10711,False,False,"""Joe Rogan Experience"" Podcast ""JRE #190"" 190 JRE Joe Rogan Greg Fitzsimmons Brian Redban ""Joe Rogan (Comedian)"" UFC MMA Comedy ""Fear Factor"" ""Joe Rogan Questions Everything"" JRQE",10711,323,public,4.0,0.0,https://i.ytimg.com/vi/K96ot8_1Zf0/default.jpg,1422577333,,Joe Rogan Experience #190 - Greg Fitzsimmons,zQUP1qoWDoEbmsQxvdjxgQ,31222,1422577333000,2015,1,30,190,31222,178,Greg Fitzsimmons
09/04/2013,PowerfulJRE,22,False,78,"The full video is not available, but full audio is at JoeRogan.net",32,2:23:04,aN39ZW4zNIE,8584,False,False,"""Joe Rogan Experience"" podcast ""JRE #189"" 189 JRE Joe Rogan B-Real ""Cypress Hill"" Brian Redban ""Joe Rogan (Comedian)"" UFC MMA Comedy ""Fear Factor"" ""Joe Rogan Questions Everything"" JRQE",8584,239,public,4.0,0.0,https://i.ytimg.com/vi/aN39ZW4zNIE/default.jpg,1422577333,,Joe Rogan Experience #189 -- B-Real,zQUP1qoWDoEbmsQxvdjxgQ,26196,1422577333000,2015,1,30,189,26196,143,
09/04/2013,PowerfulJRE,22,False,31,JRE #187 - Daniele Bolelli,13,2:34:16,b-7shLy5bsA,9256,False,False,"""Joe Rogan Experience"" podcast ""JRE #187"" 187 JRE Joe Rogan Daniele Bolelli Brian Redban ""Joe Rogan (Comedian)"" UFC MMA Comedy ""Fear Factor"" ""Joe Rogan Questions Everything"" JRQE",9256,219,public,4.0,0.0,https://i.ytimg.com/vi/b-7shLy5bsA/default.jpg,1422577333,,Joe Rogan Experience #187 - Daniele Bolelli,zQUP1qoWDoEbmsQxvdjxgQ,18791,1422577333000,2015,1,30,187,18791,154,Daniele Bolelli
08/04/2013,PowerfulJRE,22,False,27,JRE #186 - Ari Shaffir,15,2:10:20,CZgcZxEq5y0,7820,False,False,"""Joe Rogan Experience"" podcast Joe Rogan Ari Shaffir Brian Redban ""JRE #186"" 186 JRE ""Joe Rogan (Comedian)"" UFC MMA Comedy ""Fear Factor"" ""Joe Rogan Questions Everything"" JRQE",7820,196,public,4.0,0.0,https://i.ytimg.com/vi/CZgcZxEq5y0/default.jpg,1422577333,,Joe Rogan Experience #186 - Ari Shaffir,zQUP1qoWDoEbmsQxvdjxgQ,21013,1422577333000,2015,1,30,186,21013,130,Ari Shaffir
08/04/2013,PowerfulJRE,22,False,72,JRE #185 - Tom Segura,23,1:46:34,8IFYLXtfMeg,6394,False,False,"""Joe Rogan Experience"" Podcast ""JRE #185"" JRE 185 Joe Rogan Tom Segura Brian Redban ""Joe Rogan (Comedian)"" UFC MMA Comedy ""Fear Factor"" ""Joe Rogan Questions Everything"" JRQE",6394,438,public,4.0,0.0,https://i.ytimg.com/vi/8IFYLXtfMeg/default.jpg,1422577333,,Joe Rogan Experience #185 - Tom Segura,zQUP1qoWDoEbmsQxvdjxgQ,46517,1422577333000,2015,1,30,185,46517,106,Tom Segura
08/04/2013,PowerfulJRE,22,False,826,"JRE #184 - DEADMAU5, Russell Peters, Eddie Bravo",113,3:02:45,tjbEWvtsNcI,10965,False,False,"""Joe Rogan Experience"" Podcast ""JRE #184"" JRE 184 Joe Rogan DEADMAU5 Russel Peters Eddie Bravo Brian Redban ""Russell Peters (Comedian)"" UFC MMA Comedy ""Fear Factor"" ""Joe Rogan Questions Everything"" JRQE",10965,2076,public,4.0,0.0,https://i.ytimg.com/vi/tjbEWvtsNcI/default.jpg,1422577333,,"Joe Rogan Experience #184 - DEADMAU5, Russell Peters, Eddie Bravo",zQUP1qoWDoEbmsQxvdjxgQ,213020,1422577333000,2015,1,30,184,213020,182,"DEADMAU5, Russell Peters, Eddie Bravo"
17/03/2013,PowerfulJRE,22,False,605,JRE #173 - Peter Joseph,67,2:26:06,_if5-OLoxCk,8766,False,False,"""Joe Rogan Experience"" Podcast JRE Joe Rogan Brian Redban 173 ""JRE #173"" Peter Joseph UFC MMA Comedy ""Fear Factor"" ""Joe Rogan Questions Everything"" JRQE",8766,1488,public,4.0,0.0,https://i.ytimg.com/vi/_if5-OLoxCk/default.jpg,1422577223,,Joe Rogan Experience #173 - Peter Joseph,zQUP1qoWDoEbmsQxvdjxgQ,87358,1422577223000,2015,1,30,173,87358,146,Peter Joseph
17/03/2013,PowerfulJRE,22,False,25,JRE #175 - Ari Shaffir,9,2:16:05,1-l7LBVgcdc,8165,False,False,"""Joe Rogan Experience"" Podcast JRE Joe Rogan Brian Redban ""JRE #175"" 175 Ari Shaffir UFC MMA Comedy ""Fear Factor"" ""Joe Rogan Questions Everything"" JRQE",8165,158,public,4.0,0.0,https://i.ytimg.com/vi/1-l7LBVgcdc/default.jpg,1422577223,,Joe Rogan Experience #175 - Ari Shaffir,zQUP1qoWDoEbmsQxvdjxgQ,15072,1422577223000,2015,1,30,175,15072,136,Ari Shaffir
17/03/2013,PowerfulJRE,22,False,45,JRE #172 - Bryan Callen,6,3:00:14,B6EE_j-H01s,10814,False,False,"""Joe Rogan Experience"" Podcast JRE Joe Rogan Brian Redban 172 ""JRE #172"" Bryan Callen UFC MMA Comedy ""Fear Factor"" ""Joe Rogan Questions Everything"" JRQE",10814,241,public,4.0,0.0,https://i.ytimg.com/vi/B6EE_j-H01s/default.jpg,1422577223,,Joe Rogan Experience #172 - Bryan Callen,zQUP1qoWDoEbmsQxvdjxgQ,20370,1422577223000,2015,1,30,172,20370,180,Bryan Callen
27/03/2013,PowerfulJRE,22,False,1164,JRE #177 - Hamilton Morris,204,2:45:25,sp6JkY3d0sw,9925,False,False,"""Joe Rogan Experience"" Podcast ""JRE #177"" JRE 177 Joe Rogan Brian Redban Hamilton Morris VICE ""Joe Rogan (Comedian)"" UFC MMA Comedy ""Fear Factor"" ""Joe Rogan Questions Everything"" JRQE",9925,3366,public,4.0,0.0,https://i.ytimg.com/vi/sp6JkY3d0sw/default.jpg,1422577223,,Joe Rogan Experience #177 - Hamilton Morris,zQUP1qoWDoEbmsQxvdjxgQ,342696,1422577223000,2015,1,30,177,342696,165,Hamilton Morris
27/03/2013,PowerfulJRE,22,False,329,JRE #176 -- Steven Rinella,111,3:00:47,ZJ8a6RUCDYw,10847,False,False,"""Joe Rogan Experience"" Podcast Joe Rogan ""JRE #176"" 176 JRE Brian Redban Steve Rinella MeatEater ""Joe Rogan (Comedian)"" UFC MMA Comedy ""Fear Factor"" ""Joe Rogan Questions Everything"" JRQE",10847,1773,public,4.0,0.0,https://i.ytimg.com/vi/ZJ8a6RUCDYw/default.jpg,1422577223,,Joe Rogan Experience #176 -- Steven Rinella,zQUP1qoWDoEbmsQxvdjxgQ,235915,1422577223000,2015,1,30,176,235915,180,
27/03/2013,PowerfulJRE,22,False,204,"JRE #180 - Joey Diaz, Eddie Bravo, Denny Prokopos",86,2:35:45,Cvw9l4SJw0o,9345,False,False,"""Joe Rogan Experience"" Podcast ""JRE #180"" 180 JRE Joe Rogan Brian Redban Joey Diaz MadFlavor Eddie Bravo Denny Prokopos UFC MMA Comedy ""Fear Factor"" ""Joe Rogan Questions Everything"" JRQE",9345,1312,public,4.0,0.0,https://i.ytimg.com/vi/Cvw9l4SJw0o/default.jpg,1422577223,,"Joe Rogan Experience #180 - Joey Diaz, Eddie Bravo, Denny Prokopos",zQUP1qoWDoEbmsQxvdjxgQ,142261,1422577223000,2015,1,30,180,142261,155,"Joey Diaz, Eddie Bravo, Denny Prokopos"
27/03/2013,PowerfulJRE,22,False,314,JRE #178 - Joey Diaz,92,2:36:24,_AhelDPxnpk,9384,False,False,"""Joe Rogan Experience"" Podcast ""JRE #178"" JRE 178 Joe Rogan Brian Redban Joey Diaz ""Joe Rogan (Comedian)"" UFC MMA Comedy ""Fear Factor"" ""Joe Rogan Questions Everything"" JRQE",9384,1582,public,4.0,0.0,https://i.ytimg.com/vi/_AhelDPxnpk/default.jpg,1422577223,,Joe Rogan Experience #178 - Joey Diaz,zQUP1qoWDoEbmsQxvdjxgQ,170020,1422577223000,2015,1,30,178,170020,156,Joey Diaz
27/03/2013,PowerfulJRE,22,False,258,JRE #179 - Duncan Trussell,49,2:39:54,nqbRepVizzE,9594,False,False,"""Joe Rogan Experience"" Podcast ""JRE #179"" JRE 179 Joe Rogan Brian Redban Duncan Trussell ""Joe Rogan (Comedian)"" UFC MMA Comedy ""Fear Factor"" ""Joe Rogan Questions Everything"" JRQE",9594,1009,public,4.0,0.0,https://i.ytimg.com/vi/nqbRepVizzE/default.jpg,1422577223,,Joe Rogan Experience #179 - Duncan Trussell,zQUP1qoWDoEbmsQxvdjxgQ,76362,1422577223000,2015,1,30,179,76362,159,Duncan Trussell
28/03/2013,PowerfulJRE,22,False,159,JRE #181 - Iliza Shelsinger,60,2:13:27,cVtjPXr7ycc,8007,False,False,"""Joe Rogan Experience"" Podcast ""JRE #181"" 181 JRE Joe Rogan Brian Redban Iliza Schlesinger ""Joe Rogan (Comedian)"" UFC MMA Comedy ""Fear Factor"" ""Joe Rogan Questions Everything"" JRQE",8007,505,public,4.0,0.0,https://i.ytimg.com/vi/cVtjPXr7ycc/default.jpg,1422577223,,Joe Rogan Experience #181 - Iliza Shlesinger,zQUP1qoWDoEbmsQxvdjxgQ,74305,1422577223000,2015,1,30,181,74305,133,Iliza Shlesinger
11/02/2013,PowerfulJRE,22,False,126,"JRE #161 - Bert Kreischer, Brian Redban",48,2:57:43,qKQAm5pMgq4,10663,False,False,"#161 Bert Brian JRE Joe Kreischer Redban Rogan UFC MMA Comedy ""Fear Factor"" ""Joe Rogan Questions Everything"" JRQE",10663,715,public,4.0,0.0,https://i.ytimg.com/vi/qKQAm5pMgq4/default.jpg,1422577043,,Joe Rogan Experience #161 - Bert Kreischer,zQUP1qoWDoEbmsQxvdjxgQ,85117,1422577043000,2015,1,30,161,85117,177,Bert Kreischer
10/02/2013,PowerfulJRE,22,False,27,JRE #152 - Brian Redban,13,2:07:44,2eQvDFenVCE,7664,False,False,"#152 Brian JRE Joe Redban Rogan UFC MMA Comedy ""Fear Factor"" ""Joe Rogan Questions Everything"" JRQE",7664,166,public,4.0,0.0,https://i.ytimg.com/vi/2eQvDFenVCE/default.jpg,1422577043,,Joe Rogan Experience #152 - Brian Redban,zQUP1qoWDoEbmsQxvdjxgQ,13071,1422577043000,2015,1,30,152,13071,127,Brian Redban
10/02/2013,PowerfulJRE,22,False,243,"JRE #153 - Joey Diaz, Brian Redban",86,2:12:22,m_wMSgIzmVY,7942,False,False,"#153 Brian Diaz JRE Joe Joey Redban Rogan UFC MMA Comedy ""Fear Factor"" ""Joe Rogan Questions Everything"" JRQE",7942,1430,public,4.0,0.0,https://i.ytimg.com/vi/m_wMSgIzmVY/default.jpg,1422577043,,Joe Rogan Experience #153 - Joey Diaz,zQUP1qoWDoEbmsQxvdjxgQ,142110,1422577043000,2015,1,30,153,142110,132,Joey Diaz
10/02/2013,PowerfulJRE,22,False,53,"JRE #154 Sam Tripoli, Brian Redban",9,2:16:04,FisrIcISldM,8164,False,False,"#154 Brian JRE Joe Redban Rogan Sam Tripoli UFC MMA Comedy ""Fear Factor"" ""Joe Rogan Questions Everything"" JRQE",8164,188,public,4.0,0.0,https://i.ytimg.com/vi/FisrIcISldM/default.jpg,1422577043,,Joe Rogan Experience #154 - Sam Tripoli,zQUP1qoWDoEbmsQxvdjxgQ,14026,1422577043000,2015,1,30,154,14026,136,Sam Tripoli
10/02/2013,PowerfulJRE,22,False,53,"JRE #155 - Dave Attell, Brian Redban",17,2:04:44,RkeOessITz8,7484,False,False,"#155 Attell Brian Dave JRE Joe Redban Rogan UFC MMA Comedy ""Fear Factor"" ""Joe Rogan Questions Everything"" JRQE",7484,412,public,4.0,0.0,https://i.ytimg.com/vi/RkeOessITz8/default.jpg,1422577043,,Joe Rogan Experience #155 - Dave Attell,zQUP1qoWDoEbmsQxvdjxgQ,51300,1422577043000,2015,1,30,155,51300,124,Dave Attell
11/02/2013,PowerfulJRE,22,False,91,"JRE #157 - Tom Segura, Christina Pazsitzky, Brian Redban",18,2:44:50,GF_-j9RDs2Q,9890,False,False,"#157 Brian Christina JRE Joe Pazsitzky Redban Rogan Segura Tom UFC MMA Comedy ""Fear Factor"" ""Joe Rogan Questions Everything"" JRQE",9890,482,public,4.0,0.0,https://i.ytimg.com/vi/GF_-j9RDs2Q/default.jpg,1422577043,,"Joe Rogan Experience #157 - Tom Segura, Christina Pazsitzky",zQUP1qoWDoEbmsQxvdjxgQ,50011,1422577043000,2015,1,30,157,50011,164,"Tom Segura, Christina Pazsitzky"
11/02/2013,PowerfulJRE,22,False,79,"JRE #158 - Doug Benson, Brian Redban",19,2:56:09,lHvhJ9zlh7Y,10569,False,False,"#158 Benson Brian Doug JRE Joe Redban Rogan UFC MMA Comedy ""Fear Factor"" ""Joe Rogan Questions Everything"" JRQE",10569,360,public,4.0,0.0,https://i.ytimg.com/vi/lHvhJ9zlh7Y/default.jpg,1422577043,,Joe Rogan Experience #158 - Doug Benson,zQUP1qoWDoEbmsQxvdjxgQ,44901,1422577043000,2015,1,30,158,44901,176,Doug Benson
11/02/2013,PowerfulJRE,22,False,28,"JRE #159 -- Nick Thune, Brian Redban",5,2:31:26,eeT714q2edA,9086,False,False,"#159 Brian JRE Joe Nick Redban Rogan Thune UFC MMA Comedy ""Fear Factor"" ""Joe Rogan Questions Everything"" JRQE",9086,137,public,4.0,0.0,https://i.ytimg.com/vi/eeT714q2edA/default.jpg,1422577043,,Joe Rogan Experience #159 -- Nick Thune,zQUP1qoWDoEbmsQxvdjxgQ,14621,1422577043000,2015,1,30,159,14621,151,
11/02/2013,PowerfulJRE,22,False,351,"JRE #156 - Duncan Trussell, Brian Redban",64,2:30:54,JCsWOgTsd8E,9054,False,True,"#156 Brian Duncan JRE Joe Redban Rogan Trussell UFC MMA Comedy ""Fear Factor"" ""Joe Rogan Questions Everything"" JRQE",9054,1168,public,4.0,0.0,https://i.ytimg.com/vi/JCsWOgTsd8E/default.jpg,1422577043,,Joe Rogan Experience #156 - Duncan Trussell,zQUP1qoWDoEbmsQxvdjxgQ,127109,1422577043000,2015,1,30,156,127109,150,Duncan Trussell
10/02/2013,PowerfulJRE,22,False,37,"JRE #162 -- Daniele Bolelli, Brian Redban",6,1:48:55,gsbbecrgXvo,6535,False,False,"#162 Bolelli Brian Daniele JRE Joe Redban Rogan UFC MMA Comedy ""Fear Factor"" ""Joe Rogan Questions Everything"" JRQE",6535,276,public,4.0,0.0,https://i.ytimg.com/vi/gsbbecrgXvo/default.jpg,1422577043,,Joe Rogan Experience #162 -- Daniele Bolelli,zQUP1qoWDoEbmsQxvdjxgQ,21681,1422577043000,2015,1,30,162,21681,108,
11/02/2013,PowerfulJRE,22,False,629,"JRE#163 - Doug Stanhope, Joey Diaz, Brian Redban",118,3:01:59,SRfsAp8WBJ0,10919,False,True,"#163 Brian Diaz Doug JRE Joe Joey Redban Rogan Stanhope UFC MMA Comedy ""Fear Factor"" ""Joe Rogan Questions Everything"" JRQE",10919,3022,public,4.0,0.0,https://i.ytimg.com/vi/SRfsAp8WBJ0/default.jpg,1422577043,,Joe Rogan Experience #163 - Doug Stanhope & Joey Diaz,zQUP1qoWDoEbmsQxvdjxgQ,328437,1422577043000,2015,1,30,163,328437,181,Doug Stanhope & Joey Diaz
04/03/2013,PowerfulJRE,22,False,134,"JRE #166 - Duncan Trussell, Brian Redban",43,2:36:10,hsjv_d8gUkM,9370,False,False,"""Joe Rogan Experience"" Podcast ""JRE #166"" JRe 166 Joe Rogan Duncan Trussell Brian Redban UFC MMA Comedy ""Fear Factor"" ""Joe Rogan Questions Everything"" JRQE",9370,850,public,4.0,0.0,https://i.ytimg.com/vi/hsjv_d8gUkM/default.jpg,1422577043,,Joe Rogan Experience #166 - Duncan Trussell,zQUP1qoWDoEbmsQxvdjxgQ,65887,1422577043000,2015,1,30,166,65887,156,Duncan Trussell
04/03/2013,PowerfulJRE,22,False,39,"JRE #167 - Aubrey Marcus, Brian Redban",15,2:53:13,5AS_eOoeYg4,10393,False,False,"""Joe Rogan Experience"" Podcast ""JRE #167"" 167 JRE Joe Rogan Aubrey Marcus Brian Redban UFC MMA Comedy ""Fear Factor"" ""Joe Rogan Questions Everything"" JRQE",10393,214,public,4.0,0.0,https://i.ytimg.com/vi/5AS_eOoeYg4/default.jpg,1422577043,,Joe Rogan Experience #167 - Aubrey Marcus,zQUP1qoWDoEbmsQxvdjxgQ,22584,1422577043000,2015,1,30,167,22584,173,Aubrey Marcus
04/03/2013,PowerfulJRE,22,False,537,"JRE #170 - Michael Ruppert, Brian Redban",83,2:46:21,-ni_bI8l4u8,9981,False,False,"""Joe Rogan Experience"" Podcast ""JRE #170"" JRE 170 Joe Rogan Brian Redban Michael Ruppert UFC MMA Comedy ""Fear Factor"" ""Joe Rogan Questions Everything"" JRQE",9981,1469,public,4.0,0.0,https://i.ytimg.com/vi/-ni_bI8l4u8/default.jpg,1422577043,,Joe Rogan Experience #170 - Michael Ruppert,zQUP1qoWDoEbmsQxvdjxgQ,114571,1422577043000,2015,1,30,170,114571,166,Michael Ruppert
31/01/2013,PowerfulJRE,22,False,40,"JRE #146 - Ari Shaffir, Brian Redban",16,2:29:49,3a2BZdXJijY,8989,False,False,"Brian Experience JRE Joe Podcast Redban Rogan ""Ari Shaffir"" UFC MMA Comedy ""Fear Factor"" ""Joe Rogan Questions Everything"" JRQE",8989,248,public,4.0,0.0,https://i.ytimg.com/vi/3a2BZdXJijY/default.jpg,1422576847,,Joe Rogan Experience #146 - Ari Shaffir,zQUP1qoWDoEbmsQxvdjxgQ,25696,1422576847000,2015,1,30,146,25696,149,Ari Shaffir
31/01/2013,PowerfulJRE,22,False,47,Recorded on 9/25/11 - Captured Live on Ustream at http://www.ustream.tv/joerogan,10,52:10,kzb7PdqOmaA,3130,False,False,"jre ""Joe Rogan Experience"" Podcast ""JRE #141"" 141 ""Duncan Trussell"" ""Joe Rogan"" Rogan UFC MMA Comedy ""Fear Factor"" ""Joe Rogan Questions Everything"" JRQE",3130,431,public,4.0,0.0,https://i.ytimg.com/vi/kzb7PdqOmaA/default.jpg,1422576847,,Joe Rogan Experience #141 Duncan Trussell,zQUP1qoWDoEbmsQxvdjxgQ,30080,1422576847000,2015,1,30,141,30080,52,Joe Rogan Experience #141 Duncan Trussell
31/01/2013,PowerfulJRE,22,False,3319,Joe Rogan Live 09/25/11 11:56PM - Captured Live on Ustream at http://www.ustream.tv/joerogan,901,2:08:35,3ODaWxBJNPk,7715,False,False,"Joe Rogan ""Joe Rogan Experience"" JRE ""JRE #142"" ""Duncan Trussell"" ""Graham Hancock"" Hancock Trussell UFC MMA Comedy ""Fear Factor"" ""Joe Rogan Questions Everything"" JRQE",7715,18092,public,4.0,0.0,https://i.ytimg.com/vi/3ODaWxBJNPk/default.jpg,1422576847,,"Joe Rogan Experience #142 - Graham Hancock, Duncan Trussell",zQUP1qoWDoEbmsQxvdjxgQ,1392198,1422576847000,2015,1,30,142,1392198,128,"Graham Hancock, Duncan Trussell"
31/01/2013,PowerfulJRE,22,False,184,Joe Rogan Live 09/28/11 06:47PM - Captured Live on Ustream at http://www.ustream.tv/joerogan,29,2:51:52,qdV-VEg6dwI,10312,False,False,"Joe ""Joe Rogan Experience"" Podcast ""Joe Rogan"" ""Brian Redban"" Rogan Redban JRE ""JRE #"" UFC MMA Comedy ""Fear Factor"" ""Joe Rogan Questions Everything"" JRQE",10312,495,public,4.0,0.0,https://i.ytimg.com/vi/qdV-VEg6dwI/default.jpg,1422576847,,Joe Rogan Experience #143 - Mayhem Miller,zQUP1qoWDoEbmsQxvdjxgQ,71423,1422576847000,2015,1,30,143,71423,171,Mayhem Miller
31/01/2013,PowerfulJRE,22,False,127,Recorded on 10/4/11 - Captured Live on Ustream at http://www.ustream.tv/joerogan,20,2:27:03,IUVK9ZL6h_U,8823,False,False,"Bravo Eddie ""Joe Rogan Experience"" Podcast ""Joe Rogan"" ""Brian Redban"" Rogan Redban JRE ""JRE #144"" UFC MMA Comedy ""Fear Factor"" ""Joe Rogan Questions Everything"" JRQE",8823,470,public,4.0,0.0,https://i.ytimg.com/vi/IUVK9ZL6h_U/default.jpg,1422576847,,Joe Rogan Experience #144 - Eddie Bravo,zQUP1qoWDoEbmsQxvdjxgQ,42833,1422576847000,2015,1,30,144,42833,147,Eddie Bravo
31/01/2013,PowerfulJRE,22,False,156,Joe Rogan Live 10/10/11 06:52PM - Captured Live on Ustream at http://www.ustream.tv/joerogan,31,2:45:19,dJj4QtCr6Es,9919,False,False,"Joe ""Joe Rogan Experience"" Podcast ""Joe Rogan"" ""Brian Redban"" Rogan Redban JRE ""JRE #145"" UFC MMA Comedy ""Fear Factor"" ""Joe Rogan Questions Everything"" JRQE",9919,458,public,4.0,0.0,https://i.ytimg.com/vi/dJj4QtCr6Es/default.jpg,1422576847,,Joe Rogan Experience #145 Bert Kreischer,zQUP1qoWDoEbmsQxvdjxgQ,46985,1422576847000,2015,1,30,145,46985,165,Joe Rogan Experience #145 Bert Kreischer
31/01/2013,PowerfulJRE,22,False,319,Joe Rogan Live 10/17/11 07:05PM - Captured Live on Ustream at http://www.ustream.tv/joerogan,58,2:26:50,sJkQuLLC0bQ,8810,False,False,"#147 Brian Experience JRE Joe Podcast Redban Rogan UFC MMA Comedy ""Fear Factor"" ""Joe Rogan Questions Everything"" JRQE",8810,966,public,4.0,0.0,https://i.ytimg.com/vi/sJkQuLLC0bQ/default.jpg,1422576847,,Joe Rogan Experience #147 - Duncan Trussell,zQUP1qoWDoEbmsQxvdjxgQ,98171,1422576847000,2015,1,30,147,98171,146,Duncan Trussell
10/02/2013,PowerfulJRE,22,False,27,"JRE #151 - Josh McDermitt, Brian Redban",3,2:22:14,A9nVZL0BKRQ,8534,False,False,"#151 Brian JRE Joe Josh McDermitt Redban Rogan UFC MMA Comedy ""Fear Factor"" ""Joe Rogan Questions Everything"" JRQE",8534,142,public,4.0,0.0,https://i.ytimg.com/vi/A9nVZL0BKRQ/default.jpg,1422576847,,Joe Rogan Experience #151 - Josh McDermitt,zQUP1qoWDoEbmsQxvdjxgQ,11837,1422576847000,2015,1,30,151,11837,142,Josh McDermitt
31/01/2013,PowerfulJRE,22,False,64,Joe Rogan Live 10/19/11 10:04PM - Captured Live on Ustream at http://www.ustream.tv/joerogan,12,2:48:29,_jwssNoWsg8,10109,False,False,"#148 Brian Experience JRE Joe Podcast Redban Rogan ""Kevin Pereira"" UFC MMA Comedy ""Fear Factor"" ""Joe Rogan Questions Everything"" JRQE",10109,307,public,4.0,0.0,https://i.ytimg.com/vi/_jwssNoWsg8/default.jpg,1422576847,,Joe Rogan Experience #148 - Kevin Pereira,zQUP1qoWDoEbmsQxvdjxgQ,25785,1422576847000,2015,1,30,148,25785,168,Kevin Pereira
23/01/2013,PowerfulJRE,22,False,38,"JRE #131 - Neal Brennan, Brian Redban",15,2:08:48,hLapHkLLANo,7728,False,False,"""Joe Rogan Experience"" Podcast ""Joe Rogan"" ""Brian Redban"" Rogan Redban JRE ""JRE #131"" 131 ""Nela Brennan"" UFC MMA Comedy ""Fear Factor"" ""Joe Rogan Questions Everything"" JRQE",7728,165,public,4.0,0.0,https://i.ytimg.com/vi/hLapHkLLANo/default.jpg,1422576518,,Joe Rogan Experience #131 - Neal Brennan,zQUP1qoWDoEbmsQxvdjxgQ,17945,1422576518000,2015,1,30,131,17945,128,Neal Brennan
23/01/2013,PowerfulJRE,22,False,173,"JRE #130 - Duncan Trussell, Brian Redban",28,2:40:49,R8Um3CEzyH4,9649,False,False,"""Joe Rogan Experience"" Podcast ""Joe Rogan"" ""Brian Redban"" Rogan Redban JRE ""JRE #130"" 130 ""Duncan Trussell"" UFC MMA Comedy ""Fear Factor"" ""Joe Rogan Questions Everything"" JRQE",9649,838,public,4.0,0.0,https://i.ytimg.com/vi/R8Um3CEzyH4/default.jpg,1422576518,,Joe Rogan Experience #130 - Duncan Trussell,zQUP1qoWDoEbmsQxvdjxgQ,71342,1422576518000,2015,1,30,130,71342,160,Duncan Trussell
23/01/2013,PowerfulJRE,22,False,37,"JRE #129 - Ari Shaffir, Brian Redban",12,2:26:25,VsaaYpqHFCQ,8785,False,False,"""Joe Rogan Experience"" Podcast ""Joe Rogan"" ""Brian Redban"" Rogan Redban JRE ""JRE #129"" 129 ""Ari Shaffir"" Shaffir UFC MMA Comedy ""Fear Factor"" ""Joe Rogan Questions Everything"" JRQE",8785,265,public,4.0,0.0,https://i.ytimg.com/vi/VsaaYpqHFCQ/default.jpg,1422576518,,Joe Rogan Experience #129 - Ari Shaffir,zQUP1qoWDoEbmsQxvdjxgQ,24702,1422576518000,2015,1,30,129,24702,146,Ari Shaffir
23/01/2013,PowerfulJRE,22,False,343,"JRE #125 - Giorgio A. Tsoukalos, Eddie Bravo, Brian Redban",59,2:29:40,OfkKlekmIBo,8980,False,False,"""Joe Rogan Experience"" Podcast ""Joe Rogan"" ""Brian Redban"" Rogan Redban JRE ""JRE #125"" 125 ""Giorgio A. Tsoukalos"" Tsoukalos ""Eddie Bravo"" Bravo UFC MMA Comedy ""Fear Factor"" ""Joe Rogan Questions Everything"" JRQE",8980,703,public,4.0,0.0,https://i.ytimg.com/vi/OfkKlekmIBo/default.jpg,1422576518,,"Joe Rogan Experience #125 - Giorgio A. Tsoukalos, Eddie Bravo",zQUP1qoWDoEbmsQxvdjxgQ,81428,1422576518000,2015,1,30,125,81428,149,"Giorgio A. Tsoukalos, Eddie Bravo"
23/01/2013,PowerfulJRE,22,False,823,"JRE #133 - Charlie Murphy, Freeze Love, Brian Redban",172,2:06:56,A3HaH2Dxkdg,7616,False,False,"""Joe Rogan Experience"" Podcast ""Joe Rogan"" ""Brian Redban"" Rogan Redban JRE ""JRE #133"" 133 ""Charlie Murphy"" ""Freeze Love"" UFC MMA Comedy ""Fear Factor"" ""Joe Rogan Questions Everything"" JRQE",7616,4022,public,4.0,0.0,https://i.ytimg.com/vi/A3HaH2Dxkdg/default.jpg,1422576518,,Joe Rogan Experience #133 - Charlie Murphy & Freeze Love,zQUP1qoWDoEbmsQxvdjxgQ,423557,1422576518000,2015,1,30,133,423557,126,Charlie Murphy & Freeze Love
22/01/2013,PowerfulJRE,22,False,160,"JRE #119 - Jan Irvin, Brian Redban",83,2:17:53,FR6lEJMrp04,8273,False,False,"""Joe Rogan Experience"" Podcast ""Joe Rogan"" ""Brian Redban"" Rogan Redban JRE ""JRE #119"" 119 ""Jan Irvin"" UFC MMA Comedy ""Fear Factor"" ""Joe Rogan Questions Everything"" JRQE",8273,196,public,3.0,0.0,https://i.ytimg.com/vi/FR6lEJMrp04/default.jpg,1422576518,,Joe Rogan Experience #119 - Jan Irvin,zQUP1qoWDoEbmsQxvdjxgQ,21372,1422576518000,2015,1,30,119,21372,137,Jan Irvin
23/01/2013,PowerfulJRE,22,False,131,"JRE #132 - Bert Kreischer, Brian Redban",28,2:41:10,15JLaeUUVVQ,9670,False,False,"""Joe Rogan Experience"" Podcast ""Joe Rogan"" ""Brian Redban"" Rogan Redban JRE ""JRE #132"" 132 ""Bert Kreischer"" ""The Machine"" UFC MMA Comedy ""Fear Factor"" ""Joe Rogan Questions Everything"" JRQE",9670,813,public,4.0,0.0,https://i.ytimg.com/vi/15JLaeUUVVQ/default.jpg,1422576518,,Joe Rogan Experience #132 - Bert Kreischer,zQUP1qoWDoEbmsQxvdjxgQ,74517,1422576518000,2015,1,30,132,74517,161,Bert Kreischer
23/01/2013,PowerfulJRE,22,False,93,"JRE #135 - Joey Diaz, John Heffron, Brian Redban",32,2:35:18,EcMRWjpVWDc,9318,False,False,"""Joe Rogan Experience"" Podcast ""Joe Rogan"" ""Brian Redban"" Rogan Redban JRE ""JRE #135"" 135 ""John Heffron"" Heffron ""Joey Diaz"" MadFlavor Diaz CoCo UFC MMA Comedy ""Fear Factor"" ""Joe Rogan Questions Everything"" JRQE",9318,529,public,4.0,0.0,https://i.ytimg.com/vi/EcMRWjpVWDc/default.jpg,1422576518,,Joe Rogan Experience #135 - Joey Diaz & John Heffron,zQUP1qoWDoEbmsQxvdjxgQ,57204,1422576518000,2015,1,30,135,57204,155,Joey Diaz & John Heffron
23/01/2013,PowerfulJRE,22,False,84,"JRE #137 - Tim Ferriss, Brian Redban",23,2:36:38,rzHVQBtPcDA,9398,False,False,"""Joe Rogan Experience"" Podcast ""Joe Rogan"" ""Brian Redban"" Rogan Redban JRE ""JRE #137"" 137 ""Tim Ferriss"" Ferriss UFC MMA Comedy ""Fear Factor"" ""Joe Rogan Questions Everything"" JRQE",9398,574,public,4.0,0.0,https://i.ytimg.com/vi/rzHVQBtPcDA/default.jpg,1422576518,,Joe Rogan Experience #137 - Tim Ferriss,zQUP1qoWDoEbmsQxvdjxgQ,49881,1422576518000,2015,1,30,137,49881,156,Tim Ferriss
23/01/2013,PowerfulJRE,22,False,1968,"JRE #138 - Anthony Bourdain, Brian Redban",384,2:30:31,28Qzxz5wsA0,9031,False,False,"""Joe Rogan Experience"" Podcast ""Joe Rogan"" ""Brian Redban"" Rogan Redban JRE ""JRE #138"" 138 ""Anthony Bourdain"" Bourdain UFC MMA Comedy ""Fear Factor"" ""Joe Rogan Questions Everything"" JRQE",9031,9155,public,4.0,0.0,https://i.ytimg.com/vi/28Qzxz5wsA0/default.jpg,1422576518,,Joe Rogan Experience #138 - Anthony Bourdain,zQUP1qoWDoEbmsQxvdjxgQ,801993,1422576518000,2015,1,30,138,801993,150,Anthony Bourdain
23/01/2013,PowerfulJRE,22,False,262,"JRE#139 - Duncan Trussell, Brian Redban",44,2:42:16,FplOwu--GE4,9736,False,True,"""Joe Rogan Experience"" Podcast ""Joe Rogan"" ""Brian Redban"" Rogan Redban JRE ""JRE #139"" 139 ""Dunca Trussell"" UFC MMA Comedy ""Fear Factor"" ""Joe Rogan Questions Everything"" JRQE",9736,958,public,4.0,0.0,https://i.ytimg.com/vi/FplOwu--GE4/default.jpg,1422576518,,Joe Rogan Experience #139 - Duncan Trussell,zQUP1qoWDoEbmsQxvdjxgQ,86204,1422576518000,2015,1,30,139,86204,162,Duncan Trussell
21/01/2013,PowerfulJRE,22,False,234,"JRE #103 - Duncan Trussell, Brian Redban",40,2:10:58,mskyNpMvU7s,7858,False,False,"""JRE #103 Duncan Trussell"" ""Brian Redban"" UFC MMA Comedy ""Fear Factor"" ""Joe Rogan Questions Everything"" JRQE",7858,1054,public,4.0,0.0,https://i.ytimg.com/vi/mskyNpMvU7s/default.jpg,1422576459,,Joe Rogan Experience #103 - Duncan Trussell,zQUP1qoWDoEbmsQxvdjxgQ,89412,1422576459000,2015,1,30,103,89412,130,Duncan Trussell
21/01/2013,PowerfulJRE,22,False,58,"JRE #106 - Steve Rannazzisi, Brian Redban",22,2:02:05,fE8H53UhiNI,7325,False,False,"""JRE #106 Steve Rannazzisi"" ""Brian Redban"" UFC MMA Comedy ""Fear Factor"" ""Joe Rogan Questions Everything"" JRQE",7325,201,public,4.0,0.0,https://i.ytimg.com/vi/fE8H53UhiNI/default.jpg,1422576459,,Joe Rogan Experience #106 - Steve Rannazzisi,zQUP1qoWDoEbmsQxvdjxgQ,21228,1422576459000,2015,1,30,106,21228,122,Steve Rannazzisi
21/01/2013,PowerfulJRE,22,False,94,"JRE #109 - Ari Shaffir, Brian Redban",14,2:30:09,vVcrR0wryYw,9009,False,False,"""JRE #109 Ari Shaffir"" ""Brian Redban"" UFC MMA Comedy ""Fear Factor"" ""Joe Rogan Questions Everything"" JRQE",9009,285,public,4.0,0.0,https://i.ytimg.com/vi/vVcrR0wryYw/default.jpg,1422576459,,Joe Rogan Experience #109 - Ari Shaffir,zQUP1qoWDoEbmsQxvdjxgQ,25024,1422576459000,2015,1,30,109,25024,150,Ari Shaffir
21/01/2013,PowerfulJRE,22,False,12,"JRE #102 - John Heffron, Brian Redban",6,2:09:41,sX3ttrTtMBU,7781,False,False,"""JRE #102 John Heffron"" ""Brian Redban"" UFC MMA Comedy ""Fear Factor"" ""Joe Rogan Questions Everything"" JRQE",7781,119,public,4.0,0.0,https://i.ytimg.com/vi/sX3ttrTtMBU/default.jpg,1422576459,,Joe Rogan Experience #102 - John Heffron,zQUP1qoWDoEbmsQxvdjxgQ,10314,1422576459000,2015,1,30,102,10314,129,John Heffron
21/01/2013,PowerfulJRE,22,False,69,JRE #100 - Brian Redban,14,2:02:49,3L7nsSNyDAQ,7369,False,False,"""Joe Rogan Experience"" Podcast ""Joe Rogan"" ""Brian Redban"" Rogan Redban JRE ""JRE #100"" 100 UFC MMA Comedy ""Fear Factor"" ""Joe Rogan Questions Everything"" JRQE",7369,368,public,4.0,0.0,https://i.ytimg.com/vi/3L7nsSNyDAQ/default.jpg,1422576459,,Joe Rogan Experience #100 - Brian Redban,zQUP1qoWDoEbmsQxvdjxgQ,37876,1422576459000,2015,1,30,100,37876,122,Brian Redban
21/01/2013,PowerfulJRE,22,False,62,"JRE #107 - Doug Benson, Brian Redban",9,2:15:32,65lqZoRn8QY,8132,False,False,"""JRE #107 Doug Benson"" ""Brian Redban"" UFC MMA Comedy ""Fear Factor"" ""Joe Rogan Questions Everything"" JRQE",8132,348,public,4.0,0.0,https://i.ytimg.com/vi/65lqZoRn8QY/default.jpg,1422576459,,Joe Rogan Experience #107 - Doug Benson,zQUP1qoWDoEbmsQxvdjxgQ,34107,1422576459000,2015,1,30,107,34107,135,Doug Benson
21/01/2013,PowerfulJRE,22,False,172,"JRE #110 - Duncan Trussell, Brian Redban",33,2:07:18,As-udf1m-nE,7638,False,False,"""JRE #110 Duncan Trussell"" ""Brian Redban"" UFC MMA Comedy ""Fear Factor"" ""Joe Rogan Questions Everything"" JRQE",7638,823,public,4.0,0.0,https://i.ytimg.com/vi/As-udf1m-nE/default.jpg,1422576459,,Joe Rogan Experience #110 - Duncan Trussell,zQUP1qoWDoEbmsQxvdjxgQ,65936,1422576459000,2015,1,30,110,65936,127,Duncan Trussell
22/01/2013,PowerfulJRE,22,False,67,"JRE #123 - Tom Segura, Brian Redban",31,2:20:36,61Bu_AbRfeI,8436,False,False,"""Joe Rogan Experience"" Podcast ""Joe Rogan"" ""Brian Redban"" Rogan Redban JRE ""JRE #123"" 123 ""Tom Segura"" Segura UFC MMA Comedy ""Fear Factor"" ""Joe Rogan Questions Everything"" JRQE",8436,445,public,4.0,0.0,https://i.ytimg.com/vi/61Bu_AbRfeI/default.jpg,1422576459,,Joe Rogan Experience #123 - Tom Segura,zQUP1qoWDoEbmsQxvdjxgQ,48284,1422576459000,2015,1,30,123,48284,140,Tom Segura
21/01/2013,PowerfulJRE,22,False,28,"JRE #111 - Al Madrigal, Brian Redban",12,2:42:14,r7wu8KWKDjw,9734,False,False,"""Joe Rogan Experience"" Podcast ""Joe Rogan"" ""Brian Redban"" Rogan Redban JRE ""JRE #111"" 111 ""Al Madrigal"" UFC MMA Comedy ""Fear Factor"" ""Joe Rogan Questions Everything"" JRQE",9734,176,public,4.0,0.0,https://i.ytimg.com/vi/r7wu8KWKDjw/default.jpg,1422576459,,Joe Rogan Experience #111 - Al Madrigal,zQUP1qoWDoEbmsQxvdjxgQ,18471,1422576459000,2015,1,30,111,18471,162,Al Madrigal
21/01/2013,PowerfulJRE,22,False,27,"JRE #112 - Cliff Bleszinski, Jon Christofaris, Brian Redban",6,2:41:38,YtqnVoICmmM,9698,False,False,"""Joe Rogan Experience"" Podcast ""Joe Rogan"" ""Brian Redban"" Rogan Redban JRE ""JRE #112"" 112 ""Cliff Bleszinski"" ""Cliffy B"" UFC MMA Comedy ""Fear Factor"" ""Joe Rogan Questions Everything"" JRQE",9698,154,public,4.0,0.0,https://i.ytimg.com/vi/YtqnVoICmmM/default.jpg,1422576459,,Joe Rogan Experience #112 - Cliff Bleszinski & Jon Christofaris,zQUP1qoWDoEbmsQxvdjxgQ,14072,1422576459000,2015,1,30,112,14072,161,Cliff Bleszinski & Jon Christofaris
21/01/2013,PowerfulJRE,22,False,52,"JRE #113 - Brian Posehn, Brian Redban",16,2:10:16,dLph2yiFS4g,7816,False,False,"""Joe Rogan Experience"" Podcast ""Joe Rogan"" ""Brian Redban"" Rogan Redban JRE ""JRE #113"" 113 ""Brian Posehn"" Posehn UFC MMA Comedy ""Fear Factor"" ""Joe Rogan Questions Everything"" JRQE",7816,331,public,4.0,0.0,https://i.ytimg.com/vi/dLph2yiFS4g/default.jpg,1422576459,,Joe Rogan Experience #113 - Brian Posehn,zQUP1qoWDoEbmsQxvdjxgQ,30060,1422576459000,2015,1,30,113,30060,130,Brian Posehn
21/01/2013,PowerfulJRE,22,False,39,"JRE #114 - Neal Brennan, Brian Redban",22,2:17:56,r4emzyJRcEY,8276,False,False,"""Joe Rogan Experience"" Podcast ""Joe Rogan"" ""Brian Redban"" Rogan Redban JRE ""JRE #114"" 114 ""Neal Brennan"" Brennan UFC MMA Comedy ""Fear Factor"" ""Joe Rogan Questions Everything"" JRQE",8276,277,public,4.0,0.0,https://i.ytimg.com/vi/r4emzyJRcEY/default.jpg,1422576459,,Joe Rogan Experience #114 - Neal Brennan,zQUP1qoWDoEbmsQxvdjxgQ,30076,1422576459000,2015,1,30,114,30076,137,Neal Brennan
21/01/2013,PowerfulJRE,22,False,21,"JRE #115 - Maz Jobrani, Brian Redban",10,2:10:18,-4liI74MGAs,7818,False,False,"""Joe Rogan Experience"" Podcast ""Joe Rogan"" ""Brian Redban"" Rogan Redban JRE ""JRE #115"" 115 ""Maz Jobrani"" Maz Jobrani UFC MMA Comedy ""Fear Factor"" ""Joe Rogan Questions Everything"" JRQE",7818,205,public,4.0,0.0,https://i.ytimg.com/vi/-4liI74MGAs/default.jpg,1422576459,,Joe Rogan Experience #115 - Maz Jobrani,zQUP1qoWDoEbmsQxvdjxgQ,13717,1422576459000,2015,1,30,115,13717,130,Maz Jobrani
22/01/2013,PowerfulJRE,22,False,28,"JRE #116 - Russell Peters, Junior Simpson, Brian Redban",8,2:02:14,9-qkcs_aO7k,7334,False,False,"""Joe Rogan Experience"" Podcast ""Joe Rogan"" ""Brian Redban"" Rogan Redban JRE ""JRE #116"" 116 ""Russel Peters"" UFC MMA Comedy ""Fear Factor"" ""Joe Rogan Questions Everything"" JRQE",7334,194,public,4.0,0.0,https://i.ytimg.com/vi/9-qkcs_aO7k/default.jpg,1422576459,,Joe Rogan Experience #116 - Russell Peters & Junior Simpson,zQUP1qoWDoEbmsQxvdjxgQ,16952,1422576459000,2015,1,30,116,16952,122,Russell Peters & Junior Simpson
22/01/2013,PowerfulJRE,22,False,51,"JRE #117 - Eddie Bravo, Brian Redban",13,2:36:44,ealQgXFCg0U,9404,False,False,"""Joe Rogan Experience"" Podcast ""Joe Rogan"" ""Brian Redban"" Rogan Redban JRE ""JRE #117"" 117 ""Eddie Bravo"" Bravo UFC MMA Comedy ""Fear Factor"" ""Joe Rogan Questions Everything"" JRQE",9404,336,public,4.0,0.0,https://i.ytimg.com/vi/ealQgXFCg0U/default.jpg,1422576459,,Joe Rogan Experience #117 - Eddie Bravo,zQUP1qoWDoEbmsQxvdjxgQ,26561,1422576459000,2015,1,30,117,26561,156,Eddie Bravo
22/01/2013,PowerfulJRE,22,False,41,"JRE #118 - Ari Shaffir, Brian Redban",12,2:24:54,iGG_D2Zj81E,8694,False,False,"""Joe Rogan Experience"" Podcast ""Joe Rogan"" ""Brian Redban"" Rogan Redban JRE ""JRE #118"" 118 ""Ari Shaffir"" Shaffir UFC MMA Comedy ""Fear Factor"" ""Joe Rogan Questions Everything"" JRQE",8694,305,public,4.0,0.0,https://i.ytimg.com/vi/iGG_D2Zj81E/default.jpg,1422576459,,Joe Rogan Experience #118 - Ari Shaffir,zQUP1qoWDoEbmsQxvdjxgQ,29811,1422576459000,2015,1,30,118,29811,144,Ari Shaffir
22/01/2013,PowerfulJRE,22,False,44,"JRE #122 - Jamie Kilstein, Brian Redban",11,2:23:35,hbNyvLO3Qmg,8615,False,False,"""Joe Rogan Experience"" Podcast ""Joe Rogan"" ""Brian Redban"" Rogan Redban JRE ""JRE #122"" 122 ""Jamie Kilstein"" Kilstein UFC MMA Comedy ""Fear Factor"" ""Joe Rogan Questions Everything"" JRQE",8615,120,public,4.0,0.0,https://i.ytimg.com/vi/hbNyvLO3Qmg/default.jpg,1422576459,,Joe Rogan Experience #122 - Jamie Kilstein,zQUP1qoWDoEbmsQxvdjxgQ,13417,1422576459000,2015,1,30,122,13417,143,Jamie Kilstein
13/01/2015,PowerfulJRE,22,False,1482,Shane Smith is a Canadian-American journalist. He also is the co-founder and CEO of the international media company VICE.,251,2:46:23,xICbf4iCFMQ,9983,False,True,"""Joe Rogan Experience"" JRE Joe Rogan podcast UFC MMA comedy stand up Deathsquad funny ""Joe Rogan (Celebrity)"" ""Stand-up Comedy (TV Genre)"" ""Shane Smith (Organization Leader)"" ""VICE News"" VICE ""Vice (Magazine)"" ""JRE #599"" 599 ""Freak Party"" Humor",9983,4438,public,4.0,0.0,https://i.ytimg.com/vi/xICbf4iCFMQ/default.jpg,1421215221,,Joe Rogan Experience #599 - Shane Smith,zQUP1qoWDoEbmsQxvdjxgQ,423350,1421215221000,2015,1,14,599,423350,166,Shane Smith
12/01/2015,PowerfulJRE,22,False,1420,"Joey “CoCo” Diaz is a Cuban-American stand up comedian and actor.  Joey also hosts his own podcast called “The Church of What’s Happening Now” http://www.joeydiaz.net

http://podcasts.joerogan.net",760,2:58:00,By-zQN2g0DE,10680,False,True,"""Joe Rogan Experience"" JRE Joe Rogan podcast UFC MMA comedy stand up Deathsquad funny ""Stand-up Comedy (TV Genre)"" Humor ""JRE #598"" ""Joe Rogan (Celebrity)"" ""Joey Diaz (TV Actor)"" 598 ""freak Party"" ""Brian Redban"" ""Jon Jones"" ""Jon Jones (Martial Artist)"" ""Ultimate Fighting Championship (Sports Association)"" ""Martial Arts (Sport)""",10680,8869,public,4.0,0.0,https://i.ytimg.com/vi/By-zQN2g0DE/default.jpg,1421116587,,"Joe Rogan Experience #598 - Joey ""CoCo"" Diaz",zQUP1qoWDoEbmsQxvdjxgQ,1404453,1421116587000,2015,1,13,598,1404453,178,"Joey ""CoCo"" Diaz"
10/01/2015,PowerfulJRE,23,False,472,"Magnus Walker is a driver, a famous collector and builder of Porsches. He's in a short documentary called ""Urban Outlaw"" featuring his cars and his obsession with Porsches. Alex Ross is the owner, and co-founder of Sharkwerks, which creates dialed-in, tweaked-out modern Porsches for Porsche enthusiasts.

http://magnuswalker911.com/
http://www.sharkwerks.com/",300,2:51:56,mNsJum3ilWs,10316,False,True,"""Joe Rogan (Celebrity)"" ""Comedy (Theater Genre)"" ""Porsche (Automobile Company)"" ""Porsche 911 GT3 (Automobile Model)"" ""Porsche 911 (Automobile Model)"" ""Alex Ross"" SharkWerks ""Magnus Walker"" ""Joe Rogan Experience"" podcast ""JRE #597"" 597 Deathsquad ""Freak Party""",10316,1187,public,4.0,0.0,https://i.ytimg.com/vi/mNsJum3ilWs/default.jpg,1420944428,,Joe Rogan Experience #597 - Magnus Walker & Alex Ross,zQUP1qoWDoEbmsQxvdjxgQ,116729,1420944428000,2015,1,11,597,116729,171,Magnus Walker & Alex Ross
08/01/2015,PowerfulJRE,1,False,1344,"Brian Stann is a retired mixed martial artist and U.S. Marine, who competed as a Middleweight in the UFC. He is a former WEC Light Heavyweight Champion and is currently an analyst & commentator for the UFC.",157,2:55:40,K2fLwDpxZz0,10540,False,True,"""Joe Rogan (Celebrity)"" ""Comedy (Theater Genre)"" ""Brian Stann (Martial Artist)"" ""Joe Rogan Experience"" podcast ""Ultimate Fighting Championship (Sports Association)"" ""JRE #596"" 596 funny fighting ""Jon Jones (Martial Artist)""",10540,3544,public,4.0,0.0,https://i.ytimg.com/vi/K2fLwDpxZz0/default.jpg,1420715816,,Joe Rogan Experience #596 - Brian Stann,zQUP1qoWDoEbmsQxvdjxgQ,359111,1420715816000,2015,1,8,596,359111,175,Brian Stann
06/01/2015,PowerfulJRE,22,False,724,"Nick DiPaolo is a writer and stand up comedian. His latest special ""Another Senseless Killing"" is available now at http://www.nickdipaolo.com & on iTunes.",145,2:47:30,KyCMYhRQjds,10050,False,False,"""Joe Rogan Experience"" JRE Joe Rogan podcast UFC MMA comedy stand up Deathsquad funny ""Joe Rogan (Celebrity)"" ""Nick DiPaolo (TV Writer)"" ""Stand-up Comedy (TV Genre)"" ""JRE #595"" 595 ""Brian Redban"" ""Freak Party""",10050,2149,public,4.0,0.0,https://i.ytimg.com/vi/KyCMYhRQjds/default.jpg,1420592154,,Joe Rogan Experience #595 - Nick DiPaolo,zQUP1qoWDoEbmsQxvdjxgQ,239170,1420592154000,2015,1,7,595,239170,167,Nick DiPaolo
30/12/2014,PowerfulJRE,22,False,543,"Russell Peters is an actor and standup comedian, currently touring internationally all over the world.",97,2:59:18,osWoNru-1Oo,10758,False,False,"""Joe Rogan Experience"" JRE Joe Rogan podcast UFC MMA comedy stand up Deathsquad funny ""Joe Rogan (Celebrity)"" ""Russell Peters (Musical Artist)"" Humor ""Stand-up Comedy (TV Genre)"" ""Brian Redban"" ""Freak Party""",10758,1829,public,4.0,0.0,https://i.ytimg.com/vi/osWoNru-1Oo/default.jpg,1419988011,,Joe Rogan Experience #594 - Russell Peters,zQUP1qoWDoEbmsQxvdjxgQ,282427,1419988011000,2014,12,31,594,282427,179,Russell Peters
29/12/2014,PowerfulJRE,22,False,617,"Josh Fox is a film director and environmental activist, best known for his Oscar-nominated documentary, Gasland & Gasland II.",239,2:31:57,UhD960cX35M,9117,False,False,"""Joe Rogan Experience"" JRE Joe Rogan podcast UFC MMA comedy stand up Deathsquad funny ""Joe Rogan (Celebrity)"" ""Stand-up Comedy (TV Genre)"" Humor Comedian ""JRE #593"" 593 ""Josh Fox"" ""Gasland (Award-Winning Work)"" ""Gasland 2"" Fracking Dethsquad ""Freak Party""",9117,767,public,4.0,0.0,https://i.ytimg.com/vi/UhD960cX35M/default.jpg,1419898230,,Joe Rogan Experience #593 - Josh Fox,zQUP1qoWDoEbmsQxvdjxgQ,79629,1419898230000,2014,12,30,593,79629,151,Josh Fox
23/12/2014,PowerfulJRE,22,False,537,"Bert Kreischer is a stand-up comedian, actor and reality television host. Check out his new book ""Life of the Party"" on Amazon and his podcast ""The Bertcast"" on Stitcher & iTunes.",123,2:57:34,QDrZgYta3Gg,10654,False,False,"""Joe Rogan Experience"" JRE Joe Rogan podcast UFC MMA comedy stand up Deathsquad funny ""Joe Rogan (Celebrity)"" ""Bert Kreischer (Musical Artist)"" Humor ""Stand-up Comedy (TV Genre)"" ""JRE #592""",10654,2179,public,4.0,0.0,https://i.ytimg.com/vi/QDrZgYta3Gg/default.jpg,1419386161,,Joe Rogan Experience #592 - Bert Kreischer,zQUP1qoWDoEbmsQxvdjxgQ,260825,1419386161000,2014,12,24,592,260825,177,Bert Kreischer
22/12/2014,PowerfulJRE,22,False,593,"Kevin Pereira is a game show host, TV personality, and podcast creator. Check out the ""Pointless Podcast"" available on Stitcher & iTunes.",127,2:55:42,qzzMuSx3-Pc,10542,False,False,"""Joe Rogan Experience"" JRE Joe Rogan podcast UFC MMA comedy stand up Deathsquad funny ""Stand-up Comedy (TV Genre)"" Humor ""JRE #591"" 591 ""Kevin Pereira (TV Personality)"" ""Brian Redban"" ""Freak Party"" ""Joe Rogan (Celebrity)""",10542,1417,public,4.0,0.0,https://i.ytimg.com/vi/qzzMuSx3-Pc/default.jpg,1419293770,,Joe Rogan Experience #591 - Kevin Pereira,zQUP1qoWDoEbmsQxvdjxgQ,166882,1419293770000,2014,12,23,591,166882,175,Kevin Pereira
19/12/2014,PowerfulJRE,22,False,2946,"Ana Kasparian is a producer and co-host of ""The Young Turks"" and also teaches journalism at Cal State Northridge.",4147,2:51:55,pmTEa1TNAa8,10315,False,False,"""Joe Rogan Experience"" JRE Joe Rogan podcast UFC MMA comedy stand up Deathsquad funny ""Joe Rogan (Celebrity)"" ""Ana Kasparian (TV Program Creator)"" Humor ""Stand-up Comedy (TV Genre)"" Comedian ""JRE #590"" 590 ""Freak Party""",10315,5247,public,3.0,0.0,https://i.ytimg.com/vi/pmTEa1TNAa8/default.jpg,1419045111,,Joe Rogan Experience #590 - Ana Kasparian,zQUP1qoWDoEbmsQxvdjxgQ,534748,1419045111000,2014,12,20,590,534748,171,Ana Kasparian
18/12/2014,PowerfulJRE,22,False,1575,"Chris Harris is an automotive enthusiast. He ""writes and does low-rent videos about cars"" that are available on YouTube at http://bit.ly/1yXoiuh",234,2:04:47,lcFPOPB0MmE,7487,False,False,"""Joe Rogan Experience"" JRE Joe Rogan podcast UFC MMA comedy stand up Deathsquad funny ""Joe Rogan (Celebrity)"" ""Stand-up Comedy (TV Genre)"" Humor ""Chris Harris (TV Actor)"" Drive ""Television (Invention)"" ""JRE #589"" 589 ""Freak Party""",7487,11579,public,4.0,0.0,https://i.ytimg.com/vi/lcFPOPB0MmE/default.jpg,1418957282,,Joe Rogan Experience #589 - Chris Harris,zQUP1qoWDoEbmsQxvdjxgQ,795302,1418957282000,2014,12,19,589,795302,124,Chris Harris
18/12/2014,PowerfulJRE,22,False,847,"Philip DeFranco is a popular YouTube and internet personality. He hosts ""The Philip DeFranco Show"" where news stories are discussed every Monday-Thursday at youtube.com/sxephil",204,2:23:27,B0iB16i5Ek4,8607,False,False,"""Joe Rogan Experience"" JRE Joe Rogan podcast UFC MMA comedy stand up Deathsquad funny ""Joe Rogan (Celebrity)"" ""Stand-up Comedy (TV Genre)"" Humor ""Television (Invention)"" ""Philip DeFranco (Organization Founder)"" ""Entrepreneur (Profession)"" ""Brian Redban"" ""JRE #588"" 588",8607,4614,public,4.0,0.0,https://i.ytimg.com/vi/B0iB16i5Ek4/default.jpg,1418957282,,Joe Rogan Experience #588 - Philip DeFranco,zQUP1qoWDoEbmsQxvdjxgQ,271597,1418957282000,2014,12,19,588,271597,143,Philip DeFranco
17/12/2014,PowerfulJRE,22,False,772,"Ron Finely is a ""guerrilla gardener"" from South Central LA. After giving his first TED Talk in 2012, Ron has been spreading his ""vision for community gardening and rejuvenation"" all over the world.",85,2:37:27,oCy_CbQTY7A,9447,False,False,"""Joe Rogan Experience"" JRE Joe Rogan podcast UFC MMA comedy stand up Deathsquad funny ""Joe Rogan (Celebrity)"" Humor ""Stand-up Comedy (TV Genre)"" ""Gardening (Interest)"" ""guerrilla garden"" ""Ron Finley"" ""JRE #587"" 587 ""Ultimate Fighting Championship (Sports Association)"" ""TED Talk""",9447,1758,public,4.0,0.0,https://i.ytimg.com/vi/oCy_CbQTY7A/default.jpg,1418859550,,Joe Rogan Experience #587 - Ron Finley,zQUP1qoWDoEbmsQxvdjxgQ,99995,1418859550000,2014,12,17,587,99995,157,Ron Finley
11/12/2014,PowerfulJRE,22,False,278,"Kill Tony is a podcast on the Deathsquad.tv network. A show created by Tony Hinchcliffe and Redban, where young comedians do 1-minute of stand up to be judged by weekly guests. Every episode also features two regulars doing a brand new minute each week, Kimberly Congdon and Sara Weinshenk.",101,2:48:49,2nC8cqfU_YY,10129,False,False,"""Joe Rogan Experience"" JRE Joe Rogan podcast UFC MMA comedy stand up Deathsquad funny ""Joe Rogan (Celebrity)"" ""Stand-up Comedy (TV Genre)"" Humor ""JRE #586"" 586 Kim ""Kimberly Congdon"" ""Tony Hinchcliffe"" ""Brian Redban"" ""Kill Tony"" Comedian ""Sara Weinshenk""",10129,780,public,4.0,0.0,https://i.ytimg.com/vi/2nC8cqfU_YY/default.jpg,1418349288,,"Joe Rogan Experience #586 - Kill Tony Cast - Tony Hinchcliffe, Sara Weinshenk & Kimberly Congdon",zQUP1qoWDoEbmsQxvdjxgQ,131000,1418349288000,2014,12,12,586,131000,168,Kill Tony Cast
09/12/2014,PowerfulJRE,22,False,245,"John Heffron is a stand-up comedian and a past winner of ""Last Comic Standing"" on NBC.",48,2:52:39,teWae5Ar6ec,10359,False,False,"""Joe Rogan Experience"" JRE Joe Rogan podcast UFC MMA comedy stand up Deathsquad funny ""Joe Rogan (Celebrity)"" ""John Heffron (TV Actor)"" ""Stand-up Comedy (TV Genre)"" Humor Comedian ""Ultimate Fighting Championship (Sports Association)"" ""Last Comic Standing (TV Program)"" ""Brian Redban"" ""Freak Party""",10359,549,public,4.0,0.0,https://i.ytimg.com/vi/teWae5Ar6ec/default.jpg,1418170997,,Joe Rogan Experience #585 - John Heffron,zQUP1qoWDoEbmsQxvdjxgQ,105525,1418170997000,2014,12,10,585,105525,172,John Heffron
08/12/2014,PowerfulJRE,22,False,776,"Zoltan Istvan is a futurist, philosopher, journalist, author of #1 best-selling novel"" The Transhumanist Wager"" & 2016 US Presidential candidate for the Transhumanist Party.",182,2:51:01,9grWo5ZofmA,10261,False,False,"""Joe Rogan Experience"" JRE Joe Rogan podcast UFC MMA comedy stand up Deathsquad funny ""Joe Rogan (Celebrity)"" ""Stand-up Comedy (TV Genre)"" ""Ultimate Fighting Championship (Sports Association)"" Humor ""JRE #584"" 584 ""Zoltan Istvan""",10261,1721,public,4.0,0.0,https://i.ytimg.com/vi/9grWo5ZofmA/default.jpg,1418115058,,Joe Rogan Experience #584 - Zoltan Istvan,zQUP1qoWDoEbmsQxvdjxgQ,180537,1418115058000,2014,12,9,584,180537,171,Zoltan Istvan
03/12/2014,PowerfulJRE,22,False,2358,"Bill Burr is a standup comedian and also hosts his own podcast called ""The Monday Morning Podcast"" His latest special ""I'm Sorry You Feel That Way"" premieres on Netflix on December 5th, 2014.",815,1:41:00,gS2mGBjgnk4,6060,False,False,"""Joe Rogan Experience"" JRE Joe Rogan podcast UFC MMA comedy stand up Deathsquad funny ""Joe Rogan (Celebrity)"" ""Bill Burr (TV Writer)"" Humor ""Stand-up Comedy (TV Genre)"" Sketch ""Sketch Comedy (TV Genre)"" Comedian ""Brian Redban"" ""Freak Party"" ""JRE #583"" 583 MMP ""Ultimate Fighting Championship (Sports Association)""",6060,13384,public,4.0,0.0,https://i.ytimg.com/vi/gS2mGBjgnk4/default.jpg,1417654786,,Joe Rogan Experience #583 - Bill Burr,zQUP1qoWDoEbmsQxvdjxgQ,1908371,1417654786000,2014,12,4,583,1908371,101,Bill Burr
01/12/2014,PowerfulJRE,22,False,731,"Andreas Antonopoulos is a bitcoin entrepreneur, he also serves on the advisory boards of several bitcoin startups and serves as the Chief Security Officer of Blockchain.",58,2:53:56,5wwbzwUXfgc,10436,False,False,"""Joe Rogan Experience"" JRE Joe Rogan podcast UFC MMA comedy stand up Deathsquad funny ""Joe Rogan (Celebrity)"" ""Andreas Antonopoulos"" Botcoin ""Brian Redban"" ""Crypto Currenct"" Crypto ""JRE #581"" 581 ""Freak Party"" ""Stand-up Comedy (TV Genre)"" Dance Humor",10436,1617,public,4.0,0.0,https://i.ytimg.com/vi/5wwbzwUXfgc/default.jpg,1417570294,,Joe Rogan Experience #581 - Andreas Antonopoulos,zQUP1qoWDoEbmsQxvdjxgQ,147405,1417570294000,2014,12,3,581,147405,173,Andreas Antonopoulos
02/12/2014,PowerfulJRE,22,False,468,"David Seaman is a journalist and former Congressional candidate. He also hosts his own podcast called ""The David Seaman Hour""",133,3:01:07,s7ObSwWbvUQ,10867,False,False,"""Joe Rogan Experience"" JRE Joe Rogan podcast UFC MMA comedy stand up Deathsquad funny ""Joe Rogan (Celebrity)"" Humor ""Stand-up Comedy (TV Genre)"" ""David Seaman"" ""JRE #582"" 582 ""Freak Party""",10867,728,public,4.0,0.0,https://i.ytimg.com/vi/s7ObSwWbvUQ/default.jpg,1417563087,,Joe Rogan Experience #582 - David Seaman,zQUP1qoWDoEbmsQxvdjxgQ,108000,1417563087000,2014,12,2,582,108000,181,David Seaman
26/11/2014,PowerfulJRE,22,False,413,"Unbox Therapy is a YouTube channel ""where products get naked."" Lewis does in-depth reviews of new tech products releasing to the consumer market. http://www.youtube.com/unboxtherapy",122,2:59:28,QuZwcG702Mk,10768,False,False,"""Joe Rogan Experience"" JRE Joe Rogan podcast UFC MMA comedy stand up Deathsquad funny ""JRE #580"" 580 Lewis ""Unboxing (TV Subject)"" ""Unbox Therapy"" Humor ""Stand-up Comedy (TV Genre)""",10768,937,public,4.0,0.0,https://i.ytimg.com/vi/QuZwcG702Mk/default.jpg,1417055880,,"Joe Rogan Experience #580 - Lewis, from Unbox Therapy",zQUP1qoWDoEbmsQxvdjxgQ,103064,1417055880000,2014,11,27,580,103064,179,"Lewis, from Unbox Therapy"
25/11/2014,PowerfulJRE,22,False,1152,Rory MacDonald is a Canadian mixed martial artist currently signed with the UFC fighting in the Welterweight division. He is a former King of the Cage Lightweight Champion.,160,2:37:44,nqkzqE_Fg6g,9464,False,False,"""Joe Rogan Experience"" JRE Joe Rogan podcast UFC MMA comedy stand up Deathsquad funny ""Joe Rogan (Celebrity)"" ""Rory MacDonald (Person)"" ""Stand-up Comedy (TV Genre)"" Humor ""Ultimate Fighting Championship (Sports Association)"" ""B.J. Penn (Martial Artist)"" ""JRE #579"" 579 ""Martial Arts (Sport)""",9464,4462,public,4.0,0.0,https://i.ytimg.com/vi/nqkzqE_Fg6g/default.jpg,1416969962,,Joe Rogan Experience #579 - Rory MacDonald,zQUP1qoWDoEbmsQxvdjxgQ,534370,1416969962000,2014,11,26,579,534370,157,Rory MacDonald
21/11/2014,PowerfulJRE,22,False,290,"Peter McGraw is an associate professor of Marketing and Psychology at the University of Colorado at Boulder. Along with journalist Joel Warner, they are responsible for ""The Humor Code"" - a bestselling book, blog & international research project. His research spans the fields of judgment and decision making, emotion, affect, and mood.",74,2:46:58,F7OqZEGLY-g,10018,False,False,"""Joe Rogan Experience"" JRE Joe Rogan podcast UFC MMA comedy stand up Deathsquad funny ""Stand-up Comedy (TV Genre)"" Humor ""Joe Rogan (Celebrity)"" ""Peter McGraw (Author)"" ""The Humor Code"" Comedian ""JRE #578"" 578",10018,498,public,4.0,0.0,https://i.ytimg.com/vi/F7OqZEGLY-g/default.jpg,1416613973,,Joe Rogan Experience #578 - Peter McGraw,zQUP1qoWDoEbmsQxvdjxgQ,95920,1416613973000,2014,11,21,578,95920,166,Peter McGraw
18/11/2014,PowerfulJRE,22,False,1670,"Duncan Trussell is a stand-up comedian, and host of his own podcast ""The Duncan Trussell Family Hour"".",444,2:44:28,3QH4bs0QdOM,9868,False,False,"""Joe Rogan Experience"" JRE Joe Rogan podcast UFC MMA comedy stand up Deathsquad funny ""Joe Rogan (Celebrity)"" ""Duncan Trussell (Film Actor)"" ""Stand-up Comedy (TV Genre)"" Humor ""JRE #577"" 577 ""Ultimate Fighting Championship (Sports Association)""",9868,6396,public,4.0,0.0,https://i.ytimg.com/vi/3QH4bs0QdOM/default.jpg,1416353897,,Joe Rogan Experience #577 - Duncan Trussell,zQUP1qoWDoEbmsQxvdjxgQ,663365,1416353897000,2014,11,18,577,663365,164,Duncan Trussell
17/11/2014,PowerfulJRE,22,False,718,"Jim Shockey is an outdoor writer, a professional big game outfitter and television producer for many hunting shows. Jim has hunted in more than forty countries and has taken nearly three-hundred known species. Check out the new season of ""Uncharted"" airing in 2015 on the Outdoor Channel.",255,2:58:26,sfHkeDwD6Y0,10706,False,False,"""Joe Rogan Experience"" JRE Joe Rogan podcast UFC MMA comedy stand up Deathsquad funny ""Joe Rogan (Celebrity)"" ""Stand-up Comedy (TV Genre)"" ""Jim Shockey"" Hunting ""JRE #576"" 576 Uncharted",10706,2811,public,4.0,0.0,https://i.ytimg.com/vi/sfHkeDwD6Y0/default.jpg,1416269347,,Joe Rogan Experience #576 - Jim Shockey,zQUP1qoWDoEbmsQxvdjxgQ,397289,1416269347000,2014,11,18,576,397289,178,Jim Shockey
13/11/2014,PowerfulJRE,22,False,275,"Matt Fulchiron is a stand-up comedian and also hosts his own podcast called ""The Full Charge Power Hour""",47,2:56:46,ofb9IXJBd4E,10606,False,False,"""Joe Rogan Experience"" JRE Joe Rogan podcast UFC MMA comedy stand up Deathsquad funny ""Joe Rogan (Celebrity)"" ""Stand-up Comedy (TV Genre)"" Humor ""JRE #575"" 575 ""Matt Fulchiron"" ""Brian Redban"" ""Ultimate Fighting Championship (Sports Association)""",10606,627,public,4.0,0.0,https://i.ytimg.com/vi/ofb9IXJBd4E/default.jpg,1415925146,,Joe Rogan Experience #575 - Matt Fulchiron,zQUP1qoWDoEbmsQxvdjxgQ,87144,1415925146000,2014,11,14,575,87144,176,Matt Fulchiron
12/11/2014,PowerfulJRE,22,False,249,"Dr. Mark Gordon is the Medical Director of Education at Access Medical Laboratory and is recognized as a top leader world wide in Interventional Endocrinology (Anti Aging Medicine). Matthew Gosney is a former Navy SEAL and current patient of Dr. Gordon's. Jason Hall is a screenwriter, his new movie ""American Sniper"" stars Bradley Cooper and is directed by Clint Eastwood releases this winter.",52,2:19:56,tbxPxFiOIKc,8396,False,False,"""Joe Rogan Experience"" JRE Joe Rogan podcast UFC MMA comedy stand up Deathsquad funny ""Joe Rogan (Celebrity)"" ""Stand-up Comedy (TV Genre)"" ""Dr. Mark Gordon"" TBI ""Traumatic Brain Injury (Disease Or Medical Condition)"" ""Posttraumatic Stress Disorder (Disease Or Medical Condition)"" ""Jason Hall"" ""Matthew Gosney"" ""American Sniper (film)"" Humor ""Brain Injury"" Brain Comedian",8396,1049,public,4.0,0.0,https://i.ytimg.com/vi/tbxPxFiOIKc/default.jpg,1415835538,,"Joe Rogan Experience #574 - Dr. Mark Gordon, Matthew Gosney & Jason Hall",zQUP1qoWDoEbmsQxvdjxgQ,117353,1415835538000,2014,11,12,574,117353,139,"Dr. Mark Gordon, Matthew Gosney & Jason Hall"
11/11/2014,PowerfulJRE,22,False,458,"Daniele Bolelli is an Italian author, professor, and martial artist. His books include ""Create Your Own Religion"" and ""On the Warrior's Path"" and his podcast called The Drunken Taoist is available on iTunes.",44,1:40:55,qKbe1-MFRsE,6055,False,False,"""Joe Rogan Experience"" JRE Joe Rogan podcast UFC MMA comedy stand up Deathsquad funny ""Joe Rogan (Celebrity)"" ""Daniele Bolelli"" ""Stand-up Comedy (TV Genre)"" Humor Comedian ""JRE #573"" 573 ""Drunken Taoist""",6055,870,public,4.0,0.0,https://i.ytimg.com/vi/qKbe1-MFRsE/default.jpg,1415751831,,Joe Rogan Experience #573 - Daniele Bolelli,zQUP1qoWDoEbmsQxvdjxgQ,82312,1415751831000,2014,11,12,573,82312,100,Daniele Bolelli
10/11/2014,PowerfulJRE,22,False,175,"Dom Irrera is a stand up comedian, and also hosts his own podcast called ""Dom Irrera Live from The Laugh Factory.""",24,2:43:46,0swiKKUHIiU,9826,False,False,"""Joe Rogan Experience"" JRE Joe Rogan podcast UFC MMA comedy stand up Deathsquad funny ""Joe Rogan (Celebrity)"" ""Dom Irrera (TV Actor)"" ""Stand-up Comedy (TV Genre)"" ""Television (Invention)"" Humor ""JRE #572"" 572 ""Brian Redban"" ""Ultimate Fighting Championship (Sports Association)""",9826,428,public,4.0,0.0,https://i.ytimg.com/vi/0swiKKUHIiU/default.jpg,1415680971,,Joe Rogan Experience #572 - Dom Irrera,zQUP1qoWDoEbmsQxvdjxgQ,60886,1415680971000,2014,11,11,572,60886,163,Dom Irrera
10/11/2014,PowerfulJRE,22,False,273,"Josh Zepps is the host of HuffPost Live & Point of Inquiry, ""a podcast for reason & science.""",92,2:19:30,CQtxTcnrROo,8370,False,False,"""Joe Rogan Experience"" JRE Joe Rogan podcast UFC MMA comedy stand up Deathsquad funny ""Joe Rogan (Celebrity)"" Humor ""Stand-up Comedy (TV Genre)"" ""Josh Zepps"" ""Huffington Post"" ""HuffPost Live (Award-Winning Work)"" ""JRE #571"" 571",8370,733,public,4.0,0.0,https://i.ytimg.com/vi/CQtxTcnrROo/default.jpg,1415670810,,Joe Rogan Experience #571 - Josh Zepps,zQUP1qoWDoEbmsQxvdjxgQ,80805,1415670810000,2014,11,11,571,80805,139,Josh Zepps
30/10/2014,PowerfulJRE,22,False,177,Ryan Parsons is the owner of Radius Sports Artist Management. A full-service talent management company representing some of the world’s most elite athletes.,61,3:00:33,6joR5T0QCAc,10833,False,False,"""Joe Rogan Experience"" JRE Joe Rogan podcast UFC MMA comedy stand up Deathsquad funny ""Joe Rogan (Celebrity)"" ""Stand-up Comedy (TV Genre)"" Humor Comedian ""Ryan Parsons"" ""Mixed Martial Arts (Martial Art)"" ""Ultimate Fighting Championship (Sports Association)"" ""JRE #570"" 570 ""Freak Party"" ""Martial Arts (Sport)""",10833,571,public,4.0,0.0,https://i.ytimg.com/vi/6joR5T0QCAc/default.jpg,1414710524,,Joe Rogan Experience #570 - Ryan Parsons,zQUP1qoWDoEbmsQxvdjxgQ,103785,1414710524000,2014,10,30,570,103785,180,Ryan Parsons
28/10/2014,PowerfulJRE,22,False,778,"Joe Perry is a guitar player, singer, songwriter, and co-founder of Aerosmith.",156,2:49:14,RTOhFUI5IDM,10154,False,False,"""Joe Rogan Experience"" JRE Joe Rogan podcast UFC MMA comedy stand up Deathsquad funny ""Joe Rogan (Celebrity)"" ""Stand-up Comedy (TV Genre)"" Humor ""JRE #569"" 569 ""Joe Perry (Composer)"" ""Joe Perry (Person)"" ""Joe Perry (Musical Group)"" ""Aerosmith (Musical Group)"" ""Brian Redban"" deathsquad",10154,2287,public,4.0,0.0,https://i.ytimg.com/vi/RTOhFUI5IDM/default.jpg,1414539653,,Joe Rogan Experience #569 - Joe Perry,zQUP1qoWDoEbmsQxvdjxgQ,287502,1414539653000,2014,10,28,569,287502,169,Joe Perry
27/10/2014,PowerfulJRE,22,False,812,"Dr. Rhonda Patrick is a Ph.D in biomedical science and expert on nutritional health. Her podcasts and other videos can be found at FoundMyFitness.com

http://www.youtube.com/user/FoundMyFitness",147,2:57:38,bnO1hXvAV2c,10658,False,False,"""Joe Rogan Experience"" JRE Joe Rogan podcast UFC MMA comedy stand up Deathsquad funny ""Joe Rogan (Celebrity)"" ""Stand-up Comedy (TV Genre)"" ""JRE #568"" 568 ""Dr. Rhonda Patrick"" ""Found My Fitness"" ""Freak Party""",10658,3670,public,4.0,0.0,https://i.ytimg.com/vi/bnO1hXvAV2c/default.jpg,1414453799,,Joe Rogan Experience #568 - Dr. Rhonda Patrick,zQUP1qoWDoEbmsQxvdjxgQ,367222,1414453799000,2014,10,27,568,367222,177,Dr. Rhonda Patrick
24/10/2014,PowerfulJRE,22,False,571,"Cameron Hanes is a bowhunting athlete, ""training intensively each and every day to become the Ultimate Predator.""",171,2:28:26,CMPrxj2ldyo,8906,False,False,"""Joe Rogan Experience"" JRE Joe Rogan podcast UFC MMA comedy stand up Deathsquad funny ""Joe Rogan (Celebrity)"" Humor ""Stand-up Comedy (TV Genre)"" ""JRE #567"" 567 ""Cameron Hanes"" Hoyt ""Bow hunting"" Bow Arrow ""compound bow""",8906,1886,public,4.0,0.0,https://i.ytimg.com/vi/CMPrxj2ldyo/default.jpg,1414180341,,Joe Rogan Experience #567 - Cameron Hanes,zQUP1qoWDoEbmsQxvdjxgQ,230260,1414180341000,2014,10,24,567,230260,148,Cameron Hanes
23/10/2014,PowerfulJRE,22,False,2923,"Sue Aikens is a woman living in Kavik, 197 miles North of the Arctic Circle in extreme isolation. Her motto is ""If it hurts, don't think about it."" Check out on the new season of ""Life Below Zero"" on NatGeo November 4th.",511,1:23:44,WUBUFiBtgQg,5024,False,False,"""Joe Rogan Experience"" JRE Joe Rogan podcast UFC MMA comedy stand up Deathsquad funny ""Stand-up Comedy (TV Genre)"" Humor ""Joe Rogan (Celebrity)"" ""Television (Invention)"" Sketch ""Sketch Comedy (TV Genre)"" Comedian ""JRE #566"" 566 ""Sue Aikens"" ""Susan Aikens"" ""Life Below Zero"" ""Kavik Camp""",5024,11971,public,4.0,0.0,https://i.ytimg.com/vi/WUBUFiBtgQg/default.jpg,1414093696,,Joe Rogan Experience #566 - Sue Aikens,zQUP1qoWDoEbmsQxvdjxgQ,865687,1414093696000,2014,10,23,566,865687,83,Sue Aikens
23/10/2014,PowerfulJRE,22,False,345,Trevor Valle is paleontologist and the host of 'Mammoth Unearthed' debuting on October 26th on the NatGeo Channel.,112,1:20:50,PDMFutnJlLA,4850,False,False,"""Joe Rogan Experience"" JRE Joe Rogan podcast UFC MMA comedy stand up Deathsquad funny ""Joe Rogan (Celebrity)"" Humor ""Stand-up Comedy (TV Genre)"" Comedian ""Paleontology (Field Of Study)"" paleontologist ""Trevor Valle"" Mammoth ""Mammoth Unearthed"" ""JRE #565"" 565",4850,1838,public,4.0,0.0,https://i.ytimg.com/vi/PDMFutnJlLA/default.jpg,1414082712,,Joe Rogan Experience #565 - Trevor Valle,zQUP1qoWDoEbmsQxvdjxgQ,158754,1414082712000,2014,10,23,565,158754,80,Trevor Valle
20/10/2014,PowerfulJRE,22,False,652,"Sturgill Simpson is an American country music singer-songwriter. He has released two albums independently, ""High Top Mountain"" & ""Metamodern Sounds in Country Music"" - https://itunes.apple.com/us/album/metamodern-sounds-in-country/id865795112",135,2:56:37,g2KP8-zV9mc,10597,False,False,"""Joe Rogan Experience"" JRE Joe Rogan podcast UFC MMA comedy stand up Deathsquad funny ""Joe Rogan (Celebrity)"" ""Stand-up Comedy (TV Genre)"" Humor ""JRE #564"" 564 ""Sturgill Simpson""",10597,2276,public,4.0,0.0,https://i.ytimg.com/vi/g2KP8-zV9mc/default.jpg,1413846931,,Joe Rogan Experience #564 - Sturgill Simpson,zQUP1qoWDoEbmsQxvdjxgQ,310842,1413846931000,2014,10,20,564,310842,176,Sturgill Simpson
16/10/2014,PowerfulJRE,22,False,1546,"David Choe is an American painter, muralist, graffiti artist and graphic novelist from Los Angeles, CA.  Check out his podcast at DVDASA.com",291,2:31:33,2Xw5EgZdNvQ,9093,False,False,"""Joe Rogan Experience"" JRE Joe Rogan podcast UFC MMA comedy stand up Deathsquad funny ""Stand-up Comedy (TV Genre)"" Humor Sketch ""Sketch Comedy (TV Genre)"" Comedian ""JRE #563"" ""Joe Rogan (Celebrity)"" ""David Choe (Visual Artist)""",9093,7565,public,4.0,0.0,https://i.ytimg.com/vi/2Xw5EgZdNvQ/default.jpg,1413504777,,Joe Rogan Experience #563 - David Choe,zQUP1qoWDoEbmsQxvdjxgQ,610837,1413504777000,2014,10,17,563,610837,151,David Choe
15/10/2014,PowerfulJRE,22,False,4409,"Paul Stanley is an American hard rock guitarist, singer, and painter, best known for being the frontman of the rock band Kiss.",728,1:57:24,NgwoHp5cfls,7044,False,False,"""Joe Rogan Experience"" JRE Joe Rogan podcast UFC MMA comedy stand up Deathsquad funny ""Joe Rogan (Celebrity)"" Humor ""Stand-up Comedy (TV Genre)"" ""Kiss (Musical Group)"" ""Paul Stanley (Musical Artist)"" ""JRE #562"" 562",7044,8901,public,4.0,0.0,https://i.ytimg.com/vi/NgwoHp5cfls/default.jpg,1413410289,,Joe Rogan Experience #562 - Paul Stanley,zQUP1qoWDoEbmsQxvdjxgQ,867478,1413410289000,2014,10,15,562,867478,117,Paul Stanley
14/10/2014,PowerfulJRE,22,False,616,"Dr. Bruce Damer is a polymath scientist, designer, author and general explorer of liminal realms. He has worked for over a decade in simulation and design of space missions for NASA, develops biochemical models for the origin of life at UC Santa Cruz and collects vintage computers and their history in his DigiBarn computer museum. He has a practice exploring beyond the edges of consciousness to bring back stuff that is meaningful for humanity and the Gaian prerogative.  http://www.damer.com http://levityzone.org/",110,2:56:54,SSf2bVpibmw,10614,False,False,"""Joe Rogan Experience"" JRE Joe Rogan podcast UFC MMA comedy stand up Deathsquad funny ""Joe Rogan (Celebrity)"" ""Stand-up Comedy (TV Genre)"" Humor ""Television (Invention)"" Sketch ""Sketch Comedy (TV Genre)"" Comedian ""JRE #561"" 561 ""Bruce Damer"" ""Terrence Mackenna"" ""Terrance McKenna"" ""Dennis Mackenna"" ""Dennis McKenna (Person Or Entity Appearing In Film)"" ""Terrence McKenna""",10614,1661,public,4.0,0.0,https://i.ytimg.com/vi/SSf2bVpibmw/default.jpg,1413270114,,Joe Rogan Experience #561 - Bruce Damer,zQUP1qoWDoEbmsQxvdjxgQ,187147,1413270114000,2014,10,14,561,187147,176,Bruce Damer
13/10/2014,PowerfulJRE,22,False,1306,"Anthony Cumia is an ""exiled radio host"" formerly of The O&A Show, now hosting The Anthony Cumia Show available at AnthonyCumia.com",374,2:59:24,qN8GevAI7xk,10764,False,False,"""Joe Rogan Experience"" JRE Joe Rogan podcast UFC MMA comedy stand up Deathsquad funny ""Joe Rogan (Celebrity)"" ""Opie And Anthony (Broadcast Content)"" Humor ""Stand-up Comedy (TV Genre)"" ""Broadcasting (Industry)"" ""JRE #560"" 560 ""Brian Redban"" ""The Anthony Cumia Show""",10764,4501,public,4.0,0.0,https://i.ytimg.com/vi/qN8GevAI7xk/default.jpg,1413229284,,Joe Rogan Experience #560 - Anthony Cumia,zQUP1qoWDoEbmsQxvdjxgQ,507512,1413229284000,2014,10,13,560,507512,179,Anthony Cumia
10/10/2014,PowerfulJRE,22,False,269,"Keith Weber is the creator of ""Extreme Kettlebell Cardio"" DVDs, a physiotherapist, triathlete, and ""physical culturist.""",48,1:58:04,NXKq3fuiEJk,7084,False,False,"""Joe Rogan Experience"" JRE Joe Rogan podcast UFC MMA comedy stand up Deathsquad funny ""Joe Rogan (Celebrity)"" ""Kettlebell (Sports Equipment)"" ""Keith Weber"" ""JRE #559"" 559 ""Stand-up Comedy (TV Genre)"" Humor ""Lifting weights"" weightlifting ""Bodybuilding (Sport)"" ""Ultimate Fighting Championship (Sports Association)"" ufc mma",7084,907,public,4.0,0.0,https://i.ytimg.com/vi/NXKq3fuiEJk/default.jpg,1412980085,,Joe Rogan Experience #559 - Keith Weber,zQUP1qoWDoEbmsQxvdjxgQ,98125,1412980085000,2014,10,10,559,98125,118,Keith Weber
09/10/2014,PowerfulJRE,22,False,298,"Honey Honey is a band, featuring members Suzanne Santo and Ben Jaffe, from Los Angeles, CA. They are currently recording a new album and can be seen touring all over the world.",99,3:15:30,B0vfos5yMS4,11730,False,False,"""Joe Rogan Experience"" JRE Joe Rogan podcast UFC MMA comedy stand up Deathsquad funny ""Stand-up Comedy (TV Genre)"" Humor ""JRE #558"" 558 ""Honey Honey"" band ""live music"" acoustic",11730,855,public,4.0,0.0,https://i.ytimg.com/vi/B0vfos5yMS4/default.jpg,1412911062,,Joe Rogan Experience #558 - Honey Honey,zQUP1qoWDoEbmsQxvdjxgQ,87283,1412911062000,2014,10,10,558,87283,195,Honey Honey
07/10/2014,PowerfulJRE,22,False,715,"Bryan Callen is an actor and stand-up comedian, and together with Brendan Schaub he also hosts ""The Fighter & The Kid"" podcast.",133,2:59:23,CbCTYVP0mQo,10763,False,False,"""Joe Rogan Experience"" JRE Joe Rogan podcast UFC MMA comedy stand up Deathsquad funny ""Joe Rogan (Celebrity)"" ""Bryan Callen (TV Actor)"" ""Stand-up Comedy (TV Genre)"" ""Television (Invention)"" Humor ""JRE #557"" 557",10763,1451,public,4.0,0.0,https://i.ytimg.com/vi/CbCTYVP0mQo/default.jpg,1412726128,,Joe Rogan Experience #557 - Bryan Callen,zQUP1qoWDoEbmsQxvdjxgQ,204568,1412726128000,2014,10,7,557,204568,179,Bryan Callen
30/09/2014,PowerfulJRE,22,False,515,"Bryan Callen is an actor and stand-up comedian, and together with Brendan Schaub he also hosts ""The Fighter & The Kid"" podcast.",128,2:58:39,aaSgP1nIiLY,10719,False,False,"""Joe Rogan Experience"" JRE Joe Rogan podcast UFC MMA comedy stand up Deathsquad funny ""Joe Rogan (Celebrity)"" ""Bryan Callen (TV Actor)"" ""Television (Invention)"" ""Stand-up Comedy (TV Genre)"" Humor ""JRE #556"" 556 ""Brian Redban""",10719,1482,public,4.0,0.0,https://i.ytimg.com/vi/aaSgP1nIiLY/default.jpg,1412129432,,Joe Rogan Experience #556 - Bryan Callen,zQUP1qoWDoEbmsQxvdjxgQ,240417,1412129432000,2014,10,1,556,240417,178,Bryan Callen
29/09/2014,PowerfulJRE,22,False,335,"Rory Albanese is a stand-up comedian and former executive producer/writer for The Daily Show with Jon Stewart. He's currently working on the Sundance Channel's ""The Approval Matrix"" and next year look for him on ""Minority Report"" on Comedy Central.",34,2:54:10,jFL6Spqt8RE,10450,False,False,"""Joe Rogan Experience"" JRE Joe Rogan podcast UFC MMA comedy stand up Deathsquad funny ""Joe Rogan (Celebrity)"" Humor ""Radio Comedy (Broadcast Genre)"" ""Stand-up Comedy (TV Genre)"" Comedian ""Rory Albanese"" ""The Daily Show (TV Program)"" ""John Oliver's New York Stand-Up Show (TV Program)"" ""Jon Stewart (Celebrity)"" ""Brian Redban"" ""JRE #555"" 555 ""Ultimate Fighting Championship (Sports Association)""",10450,718,public,4.0,0.0,https://i.ytimg.com/vi/jFL6Spqt8RE/default.jpg,1412030538,,Joe Rogan Experience #555 - Rory Albanese,zQUP1qoWDoEbmsQxvdjxgQ,89584,1412030538000,2014,9,29,555,89584,174,Rory Albanese
24/09/2014,PowerfulJRE,22,False,415,"W. Kamau Bell is a stand-up comic and former host of the FXX television series ""Totally Biased with W. Kamau Bell""",170,2:50:35,9HruqwjK_uA,10235,False,False,"""Joe Rogan Experience"" JRE Joe Rogan podcast UFC MMA comedy stand up Deathsquad funny ""W. Kamau Bell (TV Program Creator)"" ""Joe Rogan (Celebrity)"" Humor ""Stand-up Comedy (TV Genre)"" Sketch ""Sketch Comedy (TV Genre)"" Comedian ""JRE #554"" 554",10235,873,public,4.0,0.0,https://i.ytimg.com/vi/9HruqwjK_uA/default.jpg,1411617728,,Joe Rogan Experience #554 - W. Kamau Bell,zQUP1qoWDoEbmsQxvdjxgQ,113835,1411617728000,2014,9,25,554,113835,170,W. Kamau Bell
23/09/2014,PowerfulJRE,22,False,752,"Thaddeus Russell is an adjunct professor of American Studies at Occidental College, and also the author of ""A Renegade History of The United States""",251,2:54:53,AjMX4_4faX4,10493,False,False,"""Joe Rogan Experience"" JRE Joe Rogan podcast UFC MMA comedy stand up Deathsquad funny ""Joe Rogan (Celebrity)"" Humor ""Stand-up Comedy (TV Genre)"" Comedian ""Thaddeus Russell"" ""JRE #553"" 553 History ""American History"" Politics",10493,1741,public,4.0,0.0,https://i.ytimg.com/vi/AjMX4_4faX4/default.jpg,1411512638,,Joe Rogan Experience #553 - Thaddeus Russell,zQUP1qoWDoEbmsQxvdjxgQ,163323,1411512638000,2014,9,23,553,163323,174,Thaddeus Russell
22/09/2014,PowerfulJRE,22,False,3178,"Scott Mescudi, aka Kid Cudi, is an American recording artist and actor from Cleveland, Ohio.",652,2:54:25,zwiZ0tLyNLU,10465,False,False,"""Joe Rogan Experience"" JRE Joe Rogan podcast UFC MMA comedy stand up Deathsquad funny Humor ""Joe Rogan (Celebrity)"" ""Stand-up Comedy (TV Genre)"" Comedian ""Kid Cudi (Music Video Performer)"" ""JRE #552"" 552 ""Scott Mescudi"" ""Brian Redban""",10465,25059,public,4.0,0.0,https://i.ytimg.com/vi/zwiZ0tLyNLU/default.jpg,1411430465,,Joe Rogan Experience #552 - Kid Cudi,zQUP1qoWDoEbmsQxvdjxgQ,1698004,1411430465000,2014,9,23,552,1698004,174,Kid Cudi
18/09/2014,PowerfulJRE,22,False,2487,"Graham Hancock is an English author and journalist, well known for books such as ""Fingerprints Of The Gods"" & ""Entangled"" and also a new fiction book called ""War God""",1032,2:59:47,W7zfnNH1GD0,10787,False,False,"""Joe Rogan Experience"" JRE Joe Rogan podcast UFC MMA comedy stand up ""Graham Hancock (Author)"" Funny Sketch Humor ancient Deathsquad ""Stand-up Comedy (TV Genre)"" Comedian interview ""War God"" ""Fingerprints of the Gods"" ""Joe Rogan (Celebrity)"" ""JRE #551"" 551",10787,13870,public,4.0,0.0,https://i.ytimg.com/vi/W7zfnNH1GD0/default.jpg,1411095451,,Joe Rogan Experience #551 - Graham Hancock,zQUP1qoWDoEbmsQxvdjxgQ,1505128,1411095451000,2014,9,19,551,1505128,179,Graham Hancock
17/09/2014,PowerfulJRE,22,False,1730,"Rupert Sheldrake is an author, lecturer, and researcher in the field of parapsychology, known for his proposed theory of morphic resonance.",324,2:35:52,ZklRSn92ek4,9352,False,False,"""Joe Rogan Experience"" JRE Joe Rogan podcast UFC MMA comedy stand up Deathsquad funny ""Joe Rogan (Celebrity)"" ""Stand-up Comedy (TV Genre)"" Humor ""morphic resonance"" ""Rupert Sheldrake (Author)"" ""JRE #550"" 550",9352,5194,public,4.0,0.0,https://i.ytimg.com/vi/ZklRSn92ek4/default.jpg,1410941097,,Joe Rogan Experience #550 - Rupert Sheldrake,zQUP1qoWDoEbmsQxvdjxgQ,359807,1410941097000,2014,9,17,550,359807,155,Rupert Sheldrake
15/09/2014,PowerfulJRE,22,False,331,"Big Jay Oakerson is a stand up comedian and he also hosts his own show ""Legion of Skanks Podcast"" available on iTunes.",78,2:55:29,gCIGXplxRi4,10529,False,False,"""Joe Rogan Experience"" JRE Joe Rogan podcast UFC MMA comedy stand up Deathsquad funny ""Joe Rogan (Celebrity)"" ""Jay Oakerson"" ""Big Jay"" ""Brian Redban"" ""JRE #549"" 549 ""Stand-up Comedy (TV Genre)"" Humor ""Ultimate Fighting Championship (Sports Association)""",10529,1064,public,4.0,0.0,https://i.ytimg.com/vi/gCIGXplxRi4/default.jpg,1410821579,,Joe Rogan Experience #549 - Big Jay Oakerson,zQUP1qoWDoEbmsQxvdjxgQ,144675,1410821579000,2014,9,15,549,144675,175,Big Jay Oakerson
11/09/2014,PowerfulJRE,22,False,357,"Tim Burnett is a hunter, adventurer, and videographer. He can be seen hunting all over the world on ""Solo Hunter"" on the Outdoor Channel.",122,2:58:47,tIh9BBb24SI,10727,False,False,"""Joe Rogan Experience"" JRE Joe Rogan podcast UFC MMA comedy stand up Deathsquad funny ""Joe Rogan (Celebrity)"" ""Stand-up Comedy (TV Genre)"" ""Solo Hunter (TV Show)"" ""Outdoor Channel (TV Network)"" ""Remi Warren"" ""Tim Burnett"" ""JRE #548"" 548 Humor ""Hunting (Interest)"" ""Bow Hunt"" ""Game Meat""",10727,412,public,4.0,0.0,https://i.ytimg.com/vi/tIh9BBb24SI/default.jpg,1410475903,,Joe Rogan Experience #548 - Tim Burnett,zQUP1qoWDoEbmsQxvdjxgQ,81493,1410475903000,2014,9,11,548,81493,178,Tim Burnett
10/09/2014,PowerfulJRE,22,False,610,"Joe DeRosa is an American stand-up comedian, actor, producer, director, editor and writer. Look for his podcast available at JoeDeRosaComedy.com and also check out his new album ""Mistakes Were Made: The B-Sides out now on iTunes.",587,2:50:43,HZhos-kYy6Y,10243,False,False,"""Joe Rogan Experience"" JRE Joe Rogan podcast UFC MMA comedy stand up Deathsquad funny ""Stand-up Comedy (TV Genre)"" Humor ""Joe DeRosa (TV Writer)"" ""JRE #547"" 547 ""Brian Redban"" ""Television (Invention)"" ""Joe Rogan (Celebrity)"" ""O & A"" ""Opie And Anthony (Broadcast Content)""",10243,678,public,3.0,0.0,https://i.ytimg.com/vi/HZhos-kYy6Y/default.jpg,1410389280,,Joe Rogan Experience #547 - Joe DeRosa,zQUP1qoWDoEbmsQxvdjxgQ,82509,1410389280000,2014,9,10,547,82509,170,Joe DeRosa
08/09/2014,PowerfulJRE,22,False,599,"Mike Dolce is a fitness trainer and was named the 2013 MMA Trainer of the Year. Check out his latest book ""3 Weeks To Shredded"" out now.",175,2:59:59,gU4_mW_HCUc,10799,False,False,"""Joe Rogan Experience"" JRE Joe Rogan podcast UFC MMA comedy stand up Deathsquad funny ""Joe Rogan (Celebrity)"" ""JRE #546"" 546 ""Mike Dolce"" ""Dolce Diet"" ""Ultimate Fighting Championship (Sports Association)"" Diet ""weight cut"" ""Dehydration (Symptom)"" workout ""lifting weights"" ""Diet (Industry)"" ""Dieting (Symptom)"" Humor ""Mixed Martial Arts (Martial Art)"" ""Martial Arts (Sport)""",10799,1983,public,4.0,0.0,https://i.ytimg.com/vi/gU4_mW_HCUc/default.jpg,1410238231,,Joe Rogan Experience #546 - Mike Dolce,zQUP1qoWDoEbmsQxvdjxgQ,294829,1410238231000,2014,9,9,546,294829,179,Mike Dolce
04/09/2014,PowerfulJRE,22,False,452,"Tony Hinchcliffe is a stand-up comedian, writer, and actor. Tony also hosts his own podcasts called ""Kill Tony"" with Redban, and it's available on iTunes and at http://Deathsquad.tv",106,2:54:20,JLgu1UngAwY,10460,False,False,"""Joe Rogan Experience"" JRE Joe Rogan podcast UFC MMA comedy stand up Deathsquad funny ""Joe Rogan (Celebrity)"" ""The Naughty Show (TV Program)"" ""Stand-up Comedy (TV Genre)"" Humor Sketch ""Television (Invention)"" Comedian ""Sketch Comedy (TV Genre)"" ""JRE #545"" 545 ""Brian Redban"" ""Tony Hinchcliffe"" ""Kill Tony"" ""Golden Pony""",10460,1092,public,4.0,0.0,https://i.ytimg.com/vi/JLgu1UngAwY/default.jpg,1409871011,,Joe Rogan Experience #545 - Tony Hinchcliffe,zQUP1qoWDoEbmsQxvdjxgQ,155075,1409871011000,2014,9,4,545,155075,174,Tony Hinchcliffe
03/09/2014,PowerfulJRE,22,False,188,"Dom Irrera is a stand up comedian, and also hosts his own podcast called ""Dom Irrera Live from The Laugh Factory.""",41,2:55:30,W7bql6oNBbo,10530,False,False,"""Joe Rogan Experience"" JRE Joe Rogan podcast UFC MMA comedy stand up Deathsquad funny ""Joe Rogan (Celebrity)"" ""Dom Irrera (TV Actor)"" ""Stand-up Comedy (TV Genre)"" ""JRE #544"" 544 ""Brian Redban"" ""Ultimate Fighting Championship (Sports Association)"" Humor",10530,592,public,4.0,0.0,https://i.ytimg.com/vi/W7bql6oNBbo/default.jpg,1409793016,,Joe Rogan Experience #544 - Dom Irrera,zQUP1qoWDoEbmsQxvdjxgQ,83777,1409793016000,2014,9,4,544,83777,175,Dom Irrera
02/09/2014,PowerfulJRE,22,False,2426,"Sam Harris is a neuroscientist and author of the New York Times bestsellers, The End of Faith, Letter to a Christian Nation, and The Moral Landscape. His latest book ""Waking Up: A Guide to Spirituality without Religion"" is available now.",555,2:59:38,w8Q6CWv7IXo,10778,False,False,"""Joe Rogan Experience"" JRE Joe Rogan podcast UFC MMA comedy stand up Deathsquad funny ""Stand-up Comedy (TV Genre)"" ""Joe Rogan (Celebrity)"" ""Sam Harris (Author)"" Humor Sketch Comedian ""Sketch Comedy (TV Genre)"" ""JRE #543"" 543 ""Free Will"" debate",10778,8210,public,4.0,0.0,https://i.ytimg.com/vi/w8Q6CWv7IXo/default.jpg,1409700441,,Joe Rogan Experience #543 - Sam Harris,zQUP1qoWDoEbmsQxvdjxgQ,835819,1409700441000,2014,9,2,543,835819,179,Sam Harris
28/08/2014,PowerfulJRE,22,False,318,"Greg Fitzsimmons is an American stand-up comedian. He also hosts his own podcast ""FitzDog Radio"" available on iTunes and every Monday on Sirius Howard 101.",77,2:58:48,ASk-uFGou4U,10728,False,False,"""Joe Rogan Experience"" JRE Joe Rogan podcast UFC MMA comedy stand up Deathsquad funny ""Stand-up Comedy (TV Genre)"" ""JRE #542"" 542 ""Joe Rogan (Celebrity)"" ""Greg Fitzsimmons (TV Writer)"" Humor ""Brian Redban""",10728,1233,public,4.0,0.0,https://i.ytimg.com/vi/ASk-uFGou4U/default.jpg,1409275535,,Joe Rogan Experience #542 - Greg Fitzsimmons,zQUP1qoWDoEbmsQxvdjxgQ,148497,1409275535000,2014,8,29,542,148497,178,Greg Fitzsimmons
27/08/2014,PowerfulJRE,22,False,1088,"Mike Baker is a former CIA covert operations officer. Currently he is the president of Diligence LLC, a global intelligence and security firm.",468,2:10:16,mRnXxrELhag,7816,False,False,"""Joe Rogan Experience"" JRE Joe Rogan podcast UFC MMA comedy stand up Deathsquad funny ""Joe Rogan (Celebrity)"" ""Stand-up Comedy (TV Genre)"" ""Central Intelligence Agency (CIA) (Government Agency)"" CIA Kennedy ""Mike Baker"" ""JRE #541"" 541 Humor",7816,1875,public,4.0,0.0,https://i.ytimg.com/vi/mRnXxrELhag/default.jpg,1409178886,,Joe Rogan Experience #541 - Mike Baker,zQUP1qoWDoEbmsQxvdjxgQ,233589,1409178886000,2014,8,27,541,233589,130,Mike Baker
26/08/2014,PowerfulJRE,22,False,442,"Steven Rinella is an outdoorsman, author, and television host. He currently hosts MeatEater on the Sportsman Channel.",226,2:58:42,NpN_AcIy3m4,10722,False,False,"""Joe Rogan Experience"" JRE Joe Rogan podcast UFC MMA comedy stand up Deathsquad funny ""Stand-up Comedy (TV Genre)"" Humor ""JRE #540"" 540 ""Joe Rogan (Celebrity)"" ""Steven Rinella (TV Producer)""",10722,2923,public,4.0,0.0,https://i.ytimg.com/vi/NpN_AcIy3m4/default.jpg,1409096260,,Joe Rogan Experience #540 - Steven Rinella,zQUP1qoWDoEbmsQxvdjxgQ,402771,1409096260000,2014,8,26,540,402771,178,Steven Rinella
25/08/2014,PowerfulJRE,22,False,712,"Cara Santa Maria is a science communicator, writer, producer and television personality. Check out her podcast ""Talk Nerdy"" at her website http://carasantamaria.com


http://podcasts.joerogan.net",274,1:58:16,Gad0gG7SABU,7096,False,False,"""Joe Rogan Experience"" JRE Joe Rogan podcast UFC MMA comedy stand up Deathsquad funny ""Joe Rogan (Celebrity)"" ""Cara Santa Maria (Person)"" ""Stand-up Comedy (TV Genre)"" ""Radio Comedy (Broadcast Genre)"" Humor ""Stand Up (Composition)"" ""Broadcasting (Industry)"" ""JRE #539"" 539 ""Brian Redban""",7096,1590,public,4.0,0.0,https://i.ytimg.com/vi/Gad0gG7SABU/default.jpg,1409002995,,Joe Rogan Experience #539 - Cara Santa Maria,zQUP1qoWDoEbmsQxvdjxgQ,165004,1409002995000,2014,8,25,539,165004,118,Cara Santa Maria
21/08/2014,PowerfulJRE,22,False,221,"Rich Vos is a stand up comedian. He and his wife, Bonnie McFarlane, have a new documentary ""Women Aren't Funny"" available on iTunes.

http://podcasts.joerogan.net

(There are portions removed from this video, check on Vimeo or UStream for the full video)",57,2:32:14,CCGCzfw46P0,9134,False,False,"""Joe Rogan Experience"" JRE Joe Rogan podcast UFC MMA comedy stand up Deathsquad funny ""Joe Rogan (Celebrity)"" ""Rich Vos (Musical Artist)"" ""Rich Vos"" ""Opie & Anthony"" ""Women Aren't Funny"" ""Stand-up Comedy (TV Genre)"" Humor ""JRE #537"" 537",9134,579,public,4.0,0.0,https://i.ytimg.com/vi/CCGCzfw46P0/default.jpg,1408680621,,Joe Rogan Experience #537 - Rich Vos,zQUP1qoWDoEbmsQxvdjxgQ,84516,1408680621000,2014,8,22,537,84516,152,Rich Vos
21/08/2014,PowerfulJRE,22,False,4428,"Stefan Molyneux is a Canadian philosopher. He runs the #1 philosophy show on the internet, Freedomain Radio, and also runs a very popular YouTube channel.",1275,2:52:16,zTRY7pUdENw,10336,False,False,"""Joe Rogan Experience"" JRE Joe Rogan podcast UFC MMA comedy stand up Deathsquad funny ""Joe Rogan (Celebrity)"" ""Stefan Molyneux (Author)"" Humor ""Stand-up Comedy (TV Genre)"" ""JRE #538"" 538 ""Ultimate Fighting Championship (Sports Association)""",10336,4303,public,4.0,0.0,https://i.ytimg.com/vi/zTRY7pUdENw/default.jpg,1408660637,,Joe Rogan Experience #538 - Stefan Molyneux,zQUP1qoWDoEbmsQxvdjxgQ,306616,1408660637000,2014,8,21,538,306616,172,Stefan Molyneux
18/08/2014,PowerfulJRE,22,False,552,"Joe Quirk is an speaker, author, and director of communications at the Seasteading Institute.

http://podcasts.joerogan.net",194,2:16:46,gpBLqm2nYf8,8206,False,False,"""Joe Rogan Experience"" JRE Joe Rogan podcast UFC MMA comedy stand up Deathsquad funny ""Joe Rogan (Celebrity)"" ""Stand-up Comedy (TV Genre)"" Humor ""JRE #536"" 536 ""Joe Quirk"" ""Seasteading Institute"" Sealand Seasteading",8206,832,public,4.0,0.0,https://i.ytimg.com/vi/gpBLqm2nYf8/default.jpg,1408400205,,Joe Rogan Experience #536 - Joe Quirk,zQUP1qoWDoEbmsQxvdjxgQ,102165,1408400205000,2014,8,18,536,102165,136,Joe Quirk
13/08/2014,PowerfulJRE,22,False,525,"Scroobius Pip is a UK spoken word poet and hip hop recording artist. Check out his latest release ""Live at Edinburgh Fringe"" available on iTunes.",85,2:52:10,DUaQTNWAyks,10330,False,False,"""Joe Rogan Experience"" JRE Joe Rogan podcast UFC MMA comedy stand up Deathsquad funny ""Scroobius Pip"" ""Joe Rogan (Celebrity)"" Humor ""Stand-up Comedy (TV Genre)"" ""Brian Redban"" ""JRE #535"" 535",10330,1269,public,4.0,0.0,https://i.ytimg.com/vi/DUaQTNWAyks/default.jpg,1407983132,,Joe Rogan Experience #535 - Scroobius Pip,zQUP1qoWDoEbmsQxvdjxgQ,151773,1407983132000,2014,8,14,535,151773,172,Scroobius Pip
13/08/2014,PowerfulJRE,22,False,495,Robin Black is an MMA analyst and color commentator for Fight Network and was also the lead singer of Canadian Glam Rock band Robin Black & the Intergalactic Rock Stars.,73,2:54:57,GgU019YhN3c,10497,False,False,"""Joe Rogan Experience"" JRE Joe Rogan podcast UFC MMA comedy stand up Deathsquad funny ""Joe Rogan (Celebrity)"" ""Robin Black & The Intergalactic Rock Stars (Musical Group)"" ""Stand-up Comedy (TV Genre)"" Humor ""JRE #534"" 534 ""Robin Black"" Dethsquad",10497,1466,public,4.0,0.0,https://i.ytimg.com/vi/GgU019YhN3c/default.jpg,1407981489,,Joe Rogan Experience #534 - Robin Black,zQUP1qoWDoEbmsQxvdjxgQ,158949,1407981489000,2014,8,14,534,158949,174,Robin Black
11/08/2014,PowerfulJRE,22,False,1054,"Chris D'Elia is a stand-up comic, actor, writer, and rapper. He is currently starring in ""Undateable"" on NBC.",367,2:52:09,t930gQuODIo,10329,False,False,"""Joe Rogan Experience"" JRE Joe Rogan podcast UFC MMA comedy stand up Deathsquad funny ""Joe Rogan (Celebrity)"" ""Chris D'Elia (TV Actor)"" ""Stand-up Comedy (TV Genre)"" ""Television (Invention)"" Humor Comedian Sketch Jokes Parody ""JRE #533"" Undateable",10329,5292,public,4.0,0.0,https://i.ytimg.com/vi/t930gQuODIo/default.jpg,1407795353,,Joe Rogan Experience #533 - Chris D'Elia,zQUP1qoWDoEbmsQxvdjxgQ,728556,1407795353000,2014,8,11,533,728556,172,Chris D'Elia
06/08/2014,PowerfulJRE,22,False,620,"Shooter Jennings is a musician, radio host, record label president, and is also the son of country music legend Waylon Jennings.",120,3:01:17,NqsH-DBfk0o,10877,False,False,"""Joe Rogan Experience"" JRE Joe Rogan podcast UFC MMA comedy stand up Deathsquad funny ""Joe Rogan (Celebrity)"" ""Stand-up Comedy (TV Genre)"" Humor Comedian ""Waylon Jennings (Musical Artist)"" ""Shooter Jennings (Musical Artist)"" ""JRE #532"" 532 Country Music ""Music Industry""",10877,1522,public,4.0,0.0,https://i.ytimg.com/vi/NqsH-DBfk0o/default.jpg,1407361254,,Joe Rogan Experience #532 - Shooter Jennings,zQUP1qoWDoEbmsQxvdjxgQ,191607,1407361254000,2014,8,6,532,191607,181,Shooter Jennings
05/08/2014,PowerfulJRE,22,False,292,"Nick Youssef is a stand-up comedian, writer, and actor. Check out his new album 'STOP NOT OWNING THIS' available on iTunes now!",49,2:59:38,0EI-6l7SSkc,10778,False,False,"""Joe Rogan Experience"" JRE Joe Rogan podcast UFC MMA comedy stand up Deathsquad funny ""Joe Rogan (Celebrity)"" ""Stand-up Comedy (TV Genre)"" ""Nick Youssef"" ""Brian Redban"" ""JRE #531"" 531 ""Ultimate Fighting Championship (Sports Association)"" mantis Humor Parody",10778,571,public,4.0,0.0,https://i.ytimg.com/vi/0EI-6l7SSkc/default.jpg,1407280921,,Joe Rogan Experience #531 - Nick Youssef,zQUP1qoWDoEbmsQxvdjxgQ,81500,1407280921000,2014,8,5,531,81500,179,Nick Youssef
04/08/2014,PowerfulJRE,22,False,424,"Buddhist Geeks is a podcast, on-line magazine and annual conference with a primary focus on American Buddhism.",285,2:50:12,dLfi4lSFwg8,10212,False,False,"""Joe Rogan Experience"" JRE Joe Rogan podcast UFC MMA comedy stand up Deathsquad funny ""Joe Rogan (Celebrity)"" ""Buddhist Geeks"" ""Vincent Horn"" ""Emily Horn"" ""JRE #530"" 530 ""Ultimate Fighting Championship (Sports Association)"" ""Vince Horn""",10212,610,public,3.0,0.0,https://i.ytimg.com/vi/dLfi4lSFwg8/default.jpg,1407190504,,"Joe Rogan Experience #530 - Vince & Emily Horn, from Buddhist Geeks",zQUP1qoWDoEbmsQxvdjxgQ,69535,1407190504000,2014,8,4,530,69535,170,"Vince & Emily Horn, from Buddhist Geeks"
02/08/2014,PowerfulJRE,22,False,2639,"Abby Martin is an American journalist and also host of ""Breaking the Set"" for RT America.",932,2:57:05,cbM0aCeNGl8,10625,False,False,"""Joe Rogan Experience"" JRE Joe Rogan podcast UFC MMA comedy stand up Deathsquad funny ""Joe Rogan (Celebrity)"" ""Abby Martin (Film Director)"" ""Stand-up Comedy (TV Genre)"" ""Abby Martin"" RT ""Russia Today"" ""RT (TV Network)"" ""JRE #529"" 529",10625,5719,public,4.0,0.0,https://i.ytimg.com/vi/cbM0aCeNGl8/default.jpg,1407030354,,Joe Rogan Experience #529 - Abby Martin,zQUP1qoWDoEbmsQxvdjxgQ,532355,1407030354000,2014,8,3,529,532355,177,Abby Martin
30/07/2014,PowerfulJRE,22,False,7816,"Michael Stevens created the YouTube channel VSauce, where ""mind-blowing facts & The Best of The Internet"" is shared.

https://www.youtube.com/Vsauce/",1885,2:57:13,YHpbXtDtcoY,10633,False,False,"""Joe Rogan Experience"" JRE Joe Rogan podcast UFC MMA comedy stand up Deathsquad funny ""Joe Rogan (Celebrity)"" ""Stand-up Comedy (TV Genre)"" Humor ""JRE #528"" 528 ""Michael Stevens"" VSauce",10633,48209,public,4.0,0.0,https://i.ytimg.com/vi/YHpbXtDtcoY/default.jpg,1406761528,,"Joe Rogan Experience #528 - Michael Stevens, from VSauce",zQUP1qoWDoEbmsQxvdjxgQ,3202063,1406761528000,2014,7,30,528,3202063,177,"Michael Stevens, from VSauce"
29/07/2014,PowerfulJRE,22,False,1207,Ms. Pat is a stand-up comedienne.,265,2:52:40,uhIRGGh_Iu0,10360,False,False,"""Joe Rogan Experience"" JRE Joe Rogan podcast UFC MMA comedy stand up Deathsquad funny ""Joe Rogan (Celebrity)"" ""Stand-up Comedy (TV Genre)"" ""Ms Pat"" ""Miss Pat"" ""Brian Redban"" 527 ""JRE #527""",10360,5761,public,4.0,0.0,https://i.ytimg.com/vi/uhIRGGh_Iu0/default.jpg,1406695257,,Joe Rogan Experience #527 - Ms. Pat,zQUP1qoWDoEbmsQxvdjxgQ,425678,1406695257000,2014,7,30,527,425678,172,Ms. Pat
17/07/2014,PowerfulJRE,22,False,636,"Jim Norton is a stand-up comedian, radio personality, author, and actor.",134,2:42:06,1qMFgw8KC1Y,9726,False,False,"""Joe Rogan Experience"" JRE Joe Rogan podcast UFC MMA comedy stand up ""Jim Norton (Author)"" ""Ultimate Fighting Championship (Organization)"" Anthony Opie ""Opie And Anthony (Broadcast Content)"" ""O & A"" Jim Norton Brian Redban ""Joe Rogan (Celebrity)"" ""Jim Norton (Blogger)"" ""Broadcasting (Industry)"" ""Stand-up Comedy (TV Genre)"" ""JRE #523"" 523",9726,1922,public,4.0,0.0,https://i.ytimg.com/vi/1qMFgw8KC1Y/default.jpg,1406238991,,Joe Rogan Experience #523 - Jim Norton,zQUP1qoWDoEbmsQxvdjxgQ,236623,1406238991000,2014,7,24,523,236623,162,Jim Norton
22/07/2014,PowerfulJRE,22,False,912,Isaac Haxton is a professional poker player and No-Limit Hold 'Em specialist.,155,2:58:54,AVqtXh7T1HY,10734,False,False,"""Joe Rogan Experience"" JRE Joe Rogan podcast UFC MMA comedy stand up Deathsquad funny ""Joe Rogan (Celebrity)"" ""Stand-up Comedy (TV Genre)"" Humor ""Television (Invention)"" Poker ""Professional Poker"" ""PokerStars (Business Operation)"" ""JRE #526"" 526 Comedian",10734,3057,public,4.0,0.0,https://i.ytimg.com/vi/AVqtXh7T1HY/default.jpg,1406145241,,Joe Rogan Experience #526 - Isaac Haxton,zQUP1qoWDoEbmsQxvdjxgQ,306129,1406145241000,2014,7,23,526,306129,178,Isaac Haxton
21/07/2014,PowerfulJRE,22,False,347,"Bert Kreischer is a stand-up comedian, actor and reality television host. Check out his new book ""Life of the Party"" on Amazon now!",97,2:46:10,OVBlwZJIEts,9970,False,False,"""Joe Rogan Experience"" JRE Joe Rogan podcast UFC MMA comedy stand up Deathsquad funny ""Joe Rogan (Celebrity)"" ""Bert Kreischer (Musical Artist)"" ""Brian Redban"" ""JRE #525"" 525 ""Stand-up Comedy (TV Genre)"" ""Trip Flip"" ""Hurt Bert""",9970,1399,public,4.0,0.0,https://i.ytimg.com/vi/OVBlwZJIEts/default.jpg,1406018392,,Joe Rogan Experience #525 - Bert Kreischer,zQUP1qoWDoEbmsQxvdjxgQ,189002,1406018392000,2014,7,22,525,189002,166,Bert Kreischer
21/07/2014,PowerfulJRE,22,False,2015,"Rickson Gracie is a Brazilian 8th degree black and red belt in Gracie Jiu-Jitsu and a retired mixed martial artist. Eddie Bravo is a jiujitsu black belt, music producer, and author. He also hosts his own podcast called Eddie Bravo Radio.",375,2:57:17,QH5dBdpIiJw,10637,False,False,"""Joe Rogan Experience"" JRE Joe Rogan podcast UFC MMA comedy stand up Deathsquad funny ""Joe Rogan (Celebrity)"" ""Eddie Bravo (Martial Artist)"" ""Rickson Gracie (Martial Artist)"" ""Martial Arts (Sport)"" ""Brazilian Jiu-jitsu (Martial Art)"" ""Gracie Family (Family)"" ""JRE #524"" 524 ""Stand-up Comedy (TV Genre)"" ""Ultimate Fighting Championship (Sports Association)""",10637,13769,public,4.0,0.0,https://i.ytimg.com/vi/QH5dBdpIiJw/default.jpg,1406018392,,Joe Rogan Experience #524 - Rickson Gracie & Eddie Bravo,zQUP1qoWDoEbmsQxvdjxgQ,1305134,1406018392000,2014,7,22,524,1305134,177,Rickson Gracie & Eddie Bravo
16/07/2014,PowerfulJRE,22,False,743,"CJ Werleman is an Op-Ed Columnist for Salon/Alternet, also known for authoring the books 'Crucifying America' and 'God Hates You. Hate Him Back'",575,2:51:02,ETEUC8AcjwU,10262,False,False,"""Joe Rogan Experience"" JRE Joe Rogan podcast UFC MMA comedy stand up Deathsquad funny ""Joe Rogan (Celebrity)"" ""Stand-up Comedy (TV Genre)"" Humor ""JRE #522"" 522 ""CJ Werleman""",10262,966,public,3.0,0.0,https://i.ytimg.com/vi/ETEUC8AcjwU/default.jpg,1405585257,,Joe Rogan Experience #522 - CJ Werleman,zQUP1qoWDoEbmsQxvdjxgQ,108482,1405585257000,2014,7,17,522,108482,171,CJ Werleman
15/07/2014,PowerfulJRE,22,False,188,"Unbox Therapy is a YouTube channel ""where products get naked."" Lewis does in-depth reviews of new tech products releasing to the consumer market.

http://www.youtube.com/unboxtherapy",57,2:55:04,0W4I4wbD2Bg,10504,False,False,"""Joe Rogan Experience"" JRE Joe Rogan podcast UFC MMA comedy stand up Deathsquad funny ""Joe Rogan (Celebrity)"" Humor ""Stand-up Comedy (TV Genre)"" Comedian ""JRE #521"" 521 ""Unbox Therapy"" Lewis",10504,611,public,4.0,0.0,https://i.ytimg.com/vi/0W4I4wbD2Bg/default.jpg,1405477135,,"Joe Rogan Experience #521 - Lewis, from Unbox Therapy",zQUP1qoWDoEbmsQxvdjxgQ,64206,1405477135000,2014,7,16,521,64206,175,"Lewis, from Unbox Therapy"
07/07/2014,PowerfulJRE,22,False,319,"David Seaman is a journalist and former Congressional candidate. He also hosts his own podcast called ""The David Seaman Hour""",83,2:59:44,eO2V6PWTOCI,10784,False,False,"""Joe Rogan Experience"" JRE Joe Rogan podcast UFC MMA comedy stand up Deathsquad funny ""Joe Rogan (Celebrity)"" ""JRE #520"" 520 ""Brian Redban"" Redban Deathsquad.tv ""Stand-up Comedy (TV Genre)"" ""Ultimate Fighting Championship (Sports Association)""",10784,599,public,4.0,0.0,https://i.ytimg.com/vi/eO2V6PWTOCI/default.jpg,1404805287,,Joe Rogan Experience #520 - David Seaman,zQUP1qoWDoEbmsQxvdjxgQ,81539,1404805287000,2014,7,8,520,81539,179,David Seaman
07/07/2014,PowerfulJRE,22,False,1164,"Gad Saad is Professor of Marketing & Concordia University Research Chair in Evolutionary Behavioral Sciences and Darwinian Consumption and author of ""The Evolutionary Bases of Consumption"" and ""The Consuming Instinct""",219,2:53:01,YfsNP-qgdZo,10381,False,False,"""Joe Rogan Experience"" JRE Joe Rogan podcast UFC MMA comedy stand up Deathsquad funny ""Joe Rogan (Celebrity)"" ""Gad Saad"" ""JRE #519"" Humor ""Stand-up Comedy (TV Genre)"" 519 ""Behavioural Sciences (Field Of Study)"" Marketing ""Ultimate Fighting Championship (Sports Association)""",10381,4585,public,4.0,0.0,https://i.ytimg.com/vi/YfsNP-qgdZo/default.jpg,1404805287,,Joe Rogan Experience #519 - Gad Saad,zQUP1qoWDoEbmsQxvdjxgQ,356301,1404805287000,2014,7,8,519,356301,173,Gad Saad
01/07/2014,PowerfulJRE,22,False,191,"Matt Fulchiron is a stand-up comedian and also hosts his own podcast called ""The Full Charge Power Hour""",46,2:57:14,xZ5fWlNi2xI,10634,False,False,"""Joe Rogan Experience"" JRE Joe Rogan podcast UFC MMA comedy stand up Deathsquad funny ""Stand-up Comedy (TV Genre)"" ""Joe Rogan (Celebrity)"" ""JRE #518"" 518 ""Matt Fulchiron"" ""Brian Redban"" Humor",10634,484,public,4.0,0.0,https://i.ytimg.com/vi/xZ5fWlNi2xI/default.jpg,1404270016,,Joe Rogan Experience #518 - Matt Fulchiron,zQUP1qoWDoEbmsQxvdjxgQ,81760,1404270016000,2014,7,2,518,81760,177,Matt Fulchiron
30/06/2014,PowerfulJRE,22,False,460,Float Lab Technologies specializes in designing and manufacturing high-quality Floatation Chambers. A Float Lab floatation chamber provides a light- and sound-free environment.,77,2:52:30,2TPyx-H1MVc,10350,False,False,"""Joe Rogan Experience"" JRE Joe Rogan podcast UFC MMA comedy stand up Deathsquad funny ""Joe Rogan (Celebrity)"" ""Stand-up Comedy (TV Genre)"" ""JRE #517"" 517 Crash ""Float Lab"" ""Sensory Deprivation"" Float Tank Senses Deprivation",10350,977,public,4.0,0.0,https://i.ytimg.com/vi/2TPyx-H1MVc/default.jpg,1404189426,,"Joe Rogan Experience #517 - Crash, from Float Lab",zQUP1qoWDoEbmsQxvdjxgQ,139406,1404189426000,2014,7,1,517,139406,172,"Crash, from Float Lab"
19/06/2014,PowerfulJRE,22,False,396,Duke Roufus is a former kickboxer who is now one of the top trainers as head coach of the Roufusport competition team.,84,2:58:48,o1KCTcjSS5U,10728,False,False,"""Joe Rogan Experience"" JRE Joe Rogan podcast UFC MMA comedy stand up Deathsquad funny ""Joe Rogan (Celebrity)"" ""Stand-up Comedy (TV Genre)"" ""Duke Roufus (Person)"" ""JRE #514"" 514 ""Ultimate Fighting Championship (Sports Association)"" ""World Series Of Fighting (Business Operation)"" ""Glory Fighting""",10728,1694,public,4.0,0.0,https://i.ytimg.com/vi/o1KCTcjSS5U/default.jpg,1403916659,,Joe Rogan Experience #514 - Duke Roufus,zQUP1qoWDoEbmsQxvdjxgQ,211627,1403916659000,2014,6,28,514,211627,178,Duke Roufus
26/06/2014,PowerfulJRE,22,False,374,"Ari Shaffir is a stand-up comedian and also hosts his own podcasts ""Ari Shaffir's Skeptic Tank"" and ""Punch Drunk Sports""",136,2:55:04,eVEBupwo51I,10504,False,False,"""Joe Rogan Experience"" JRE Joe Rogan podcast UFC MMA comedy stand up Deathsquad funny ""Joe Rogan (Celebrity)"" ""Stand-up Comedy (TV Genre)"" ""JRE #515"" 515 ""Ari Shaffir"" ""Brian Redban"" Deathsquad.tv jokes ""standup comedy"" ""Comedian (Profession)""",10504,1611,public,4.0,0.0,https://i.ytimg.com/vi/eVEBupwo51I/default.jpg,1403916512,,Joe Rogan Experience #515 - Ari Shaffir,zQUP1qoWDoEbmsQxvdjxgQ,216697,1403916512000,2014,6,28,515,216697,175,Ari Shaffir
27/06/2014,PowerfulJRE,22,False,309,"Unbox Therapy is a YouTube channel ""where products get naked."" Lewis does in-depth reviews of new tech products releasing to the consumer market.

http://www.youtube.com/unboxtherapy",58,2:54:36,NPVNEQE4R3M,10476,False,False,"""Joe Rogan Experience"" JRE Joe Rogan podcast UFC MMA comedy stand up Deathsquad funny ""Joe Rogan (Celebrity)"" ""Unbox Therapy"" ""Brian Redban"" Deathsquad.tv ""Stand-up Comedy (TV Genre)"" ""JRE #516"" 516",10476,945,public,4.0,0.0,https://i.ytimg.com/vi/NPVNEQE4R3M/default.jpg,1403916512,,"Joe Rogan Experience #516 - Lewis, from Unbox Therapy",zQUP1qoWDoEbmsQxvdjxgQ,87570,1403916512000,2014,6,28,516,87570,174,"Lewis, from Unbox Therapy"
18/06/2014,PowerfulJRE,22,False,1101,"Joey ""CoCo"" Diaz is a Cuban-American stand up comedian and actor.  Joey also hosts his own podcast called ""The Church of What's Happening Now""",573,3:00:16,VetG5f6GJMk,10816,False,False,"""Joe Rogan Experience"" JRE Joe Rogan podcast UFC MMA comedy stand up Deathsquad funny ""Joe Rogan (Celebrity)"" ""Joey Diaz (TV Actor)"" ""Television (Invention)"" ""JRE #513"" 513 ""Brian Redban"" ""Stand-up Comedy (TV Genre)""",10816,7205,public,4.0,0.0,https://i.ytimg.com/vi/VetG5f6GJMk/default.jpg,1403214427,,"Joe Rogan Experience #513 - Joey ""CoCo"" Diaz",zQUP1qoWDoEbmsQxvdjxgQ,987541,1403214427000,2014,6,19,513,987541,180,"Joey ""CoCo"" Diaz"
29/04/2014,PowerfulJRE,22,False,620,"Dave Attell is a stand-up comedian, writer and actor. Dave's new TV Show ""Comedy Underground with Dave Attell"" airs Saturday nights on Comedy Central and his latest special called ""Road Work"" is available at http://daveattell.com",227,2:56:27,zpvI-JD2dSs,10587,False,False,"""Joe Rogan Experience"" JRE Joe Rogan podcast UFC MMA comedy stand up Deathsquad funny ""Ultimate Fighting Championship (Organization)"" ""Stand-up Comedy (TV Genre)"" ""JRE #492"" 492 ""Brian Redban"" ""Joe Rogan (Comedian)"" ""Dave Attell (Comedian)"" ""Comedian (Profession)""",10587,3062,public,4.0,0.0,https://i.ytimg.com/vi/zpvI-JD2dSs/default.jpg,1403070800,,Joe Rogan Experience #492 - Dave Attell,zQUP1qoWDoEbmsQxvdjxgQ,485770,1403070800000,2014,6,18,492,485770,176,Dave Attell
28/04/2014,PowerfulJRE,22,False,467,"Steve Maxwell is an American fitness coach, physical educator, and Brazilian Jiu-Jitsu instructor. He was named one of the top 100 trainers in the USA by Men's Journal.",56,2:59:40,RictLTGVUwc,10780,False,False,"""Joe Rogan Experience"" JRE Joe Rogan podcast UFC MMA comedy stand up Deathsquad funny ""Stand-up Comedy (TV Genre)"" ""Joe Rogan (Comedian)"" ""Comedian (Profession)"" ""JRE #491""",10780,1241,public,4.0,0.0,https://i.ytimg.com/vi/RictLTGVUwc/default.jpg,1403070800,,Joe Rogan Experience #491 - Steve Maxwell,zQUP1qoWDoEbmsQxvdjxgQ,141886,1403070800000,2014,6,18,491,141886,179,Steve Maxwell
07/05/2014,PowerfulJRE,22,False,1349,Tim Kennedy is a Special Forces operator and professional mixed martial artist who currently competes in the UFC's Middleweight division.,455,2:59:15,F2MoOM1ctiE,10755,False,False,"""Joe Rogan Experience"" JRE Joe Rogan podcast UFC MMA comedy stand up Deathsquad funny ""Ultimate Fighting Championship (Organization)"" ""Stand-up Comedy (TV Genre)"" ""Tim Kennedy (Person)"" ""Joe Rogan (Comedian)"" ""JRE #497"" 497 ""Comedian (Profession)""",10755,7412,public,4.0,0.0,https://i.ytimg.com/vi/F2MoOM1ctiE/default.jpg,1403070800,,Joe Rogan Experience #497 - Tim Kennedy,zQUP1qoWDoEbmsQxvdjxgQ,806919,1403070800000,2014,6,18,497,806919,179,Tim Kennedy
12/05/2014,PowerfulJRE,22,False,5343,"Cenk Uygur is a political commentator, Internet personality, and political activist. He is also the main host and co-founder of ""The Young Turks""",4687,2:54:23,u6snP_ZoaZo,10463,False,False,"""Joe Rogan Experience"" JRE Joe Rogan podcast UFC MMA comedy stand up Deathsquad funny ""Cenk Uygur (Broadcast Artist)"" ""Broadcasting (Industry)"" ""Joe Rogan (Comedian)"" ""The Young Turks (TV Program)"" ""Stand-up Comedy (TV Genre)"" ""JRE #499"" 499 ""Ultimate Fighting Championship (Organization)""",10463,8455,public,3.0,0.0,https://i.ytimg.com/vi/u6snP_ZoaZo/default.jpg,1403070800,,Joe Rogan Experience #499 - Cenk Uygur,zQUP1qoWDoEbmsQxvdjxgQ,692936,1403070800000,2014,6,18,499,692936,174,Cenk Uygur
11/05/2014,PowerfulJRE,22,False,461,"Aubrey Marcus is writer, entrepreneur, and adventurer.  Some of his writings and experiences can be found on his website, WarriorPoet.us, as well as links to his latest venture, Onnit Labs.",104,2:58:55,x-cZehoKj5w,10735,False,False,"""Joe Rogan Experience"" JRE Joe Rogan podcast UFC MMA comedy stand up Deathsquad funny ""Joe Rogan (Comedian)"" ""Stand-up Comedy (TV Genre)"" ""Comedian (Profession)"" ""JRE #498"" 498 ""Aubrey Marcus""",10735,1884,public,4.0,0.0,https://i.ytimg.com/vi/x-cZehoKj5w/default.jpg,1403070800,,Joe Rogan Experience #498 - Aubrey Marcus,zQUP1qoWDoEbmsQxvdjxgQ,163798,1403070800000,2014,6,18,498,163798,178,Aubrey Marcus
06/05/2014,PowerfulJRE,22,False,206,"Nick Cutter is a Canadian author of short stories and novels, who has published work under both his own name, Craig Davidson, and another pen name Patrick Lestewka.",38,2:57:44,6VXdosvVpQ0,10664,False,False,"""Joe Rogan Experience"" JRE Joe Rogan podcast UFC MMA comedy stand up Deathsquad funny ""Joe Rogan (Comedian)"" ""Stand-up Comedy (TV Genre)"" ""Nick Cutter"" ""Craig Davidson"" ""The Troop"" ""JRE #496"" 496 ""Patrick Lestewka""",10664,448,public,4.0,0.0,https://i.ytimg.com/vi/6VXdosvVpQ0/default.jpg,1403070800,,Joe Rogan Experience #496 - Nick Cutter,zQUP1qoWDoEbmsQxvdjxgQ,52384,1403070800000,2014,6,18,496,52384,177,Nick Cutter
16/04/2014,PowerfulJRE,22,False,319,"David Seaman is a journalist and former Congressional candidate. He also hosts his own podcast called ""The David Seaman Hour""",60,2:50:00,4Su050aZg2I,10200,False,False,"""Joe Rogan Experience"" JRE Joe Rogan podcast UFC MMA comedy stand up Deathsquad funny ""Joe Rogan (Comedian)"" ""Ultimate Fighting Championship (Organization)"" ""Stand-up Comedy (TV Genre)"" Rise ""David Seaman (Author)"" ""Brian redban"" ""Comedian (Profession)"" ""JRE #487"" 487",10200,524,public,4.0,0.0,https://i.ytimg.com/vi/4Su050aZg2I/default.jpg,1403070777,,Joe Rogan Experience #487 - David Seaman,zQUP1qoWDoEbmsQxvdjxgQ,75658,1403070777000,2014,6,18,487,75658,170,David Seaman
15/04/2014,PowerfulJRE,22,False,820,"Brendan Schaub is a mixed martial artist and also a former college & pro football player. Bryan Callen is an actor and stand-up comedian. Together with Brendan Schaub hosts ""The Fighter & The Kid"" podcast.",147,2:59:26,mrbfnT5-QbU,10766,False,False,"""Joe Rogan Experience"" JRE Joe Rogan podcast UFC MMA comedy stand up Deathsquad funny ""Ultimate Fighting Championship (Organization)"" ""Stand-up Comedy (TV Genre)"" ""Brendan Schaub (Person)"" ""Bryan Callen (Comedian)"" ""Comedian (Profession)"" ""JRE #486"" 486 ""Joe Rogan (Comedian)""",10766,2382,public,4.0,0.0,https://i.ytimg.com/vi/mrbfnT5-QbU/default.jpg,1403070777,,Joe Rogan Experience #486 - Brendan Schaub & Bryan Callen,zQUP1qoWDoEbmsQxvdjxgQ,336202,1403070777000,2014,6,18,486,336202,179,Brendan Schaub & Bryan Callen
14/04/2014,PowerfulJRE,22,False,2742,"Amy Schumer is a stand-up comedian, actress, and writer. She currently stars on ""Inside Amy Schumer"" on Comedy Central.",6045,2:43:29,pHcF7iC984U,9809,False,False,"""Joe Rogan Experience"" JRE Joe Rogan podcast UFC MMA comedy stand up Deathsquad funny ""Amy Schumer (TV Program Creator)"" ""Joe Rogan (Comedian)"" ""Comedian (Profession)"" ""Stand-up Comedy (TV Genre)"" ""JRE #485"" 485",9809,4898,public,2.0,0.0,https://i.ytimg.com/vi/pHcF7iC984U/default.jpg,1403070777,,Joe Rogan Experience #485 - Amy Schumer,zQUP1qoWDoEbmsQxvdjxgQ,1136917,1403070777000,2014,6,18,485,1136917,163,Amy Schumer
11/04/2014,PowerfulJRE,22,False,261,"Alexis Ohanian is an internet entrepreneur, activist and investor, best known for co-founding the social news website reddit, helping launch travel search website Hipmunk, and starting social enterprise Breadpig. He also is the author of bestseller ""Without Their Permission""",48,2:43:34,PreO9uPeMw8,9814,False,False,"""Joe Rogan Experience"" JRE Joe Rogan podcast UFC MMA comedy stand up Deathsquad funny ""Joe Rogan (Comedian)"" ""Alexis Ohanian (Organization Founder)"" ""Brian Redban"" ""JRE #484"" 484 ""Stand-up Comedy (TV Genre)"" ""Comedian (Profession)""",9814,871,public,4.0,0.0,https://i.ytimg.com/vi/PreO9uPeMw8/default.jpg,1403070777,,Joe Rogan Experience #484 - Alexis Ohanian,zQUP1qoWDoEbmsQxvdjxgQ,92590,1403070777000,2014,6,18,484,92590,163,Alexis Ohanian
21/04/2014,PowerfulJRE,22,False,1153,Iliza Shlesinger is a stand up comedian. She was the winner of the sixth season of NBC's Last Comic Standing and host of the syndicated dating show Excused.,731,2:29:50,2SNRJzk4FNQ,8990,False,False,"""Joe Rogan Experience"" JRE Joe Rogan podcast UFC MMA comedy stand up Deathsquad funny ""Iliza Shlesinger (Comedian)"" ""Joe Rogan (Comedian)"" ""Stand-up Comedy (TV Genre)"" ""Comedian (Profession)"" ""JRE #488"" 488",8990,3878,public,4.0,0.0,https://i.ytimg.com/vi/2SNRJzk4FNQ/default.jpg,1403070777,,Joe Rogan Experience #488 - Iliza Shlesinger,zQUP1qoWDoEbmsQxvdjxgQ,570034,1403070777000,2014,6,18,488,570034,149,Iliza Shlesinger
21/04/2014,PowerfulJRE,22,False,166,Liam & Dylan Resnekov run VT1 Academy in Austrailia. Liam is a black belt in Gracie Jiu Jitsu and Dylan is the 2009 World Muay Thai Champion.,55,3:00:17,imgP7bfWldE,10817,False,False,"""Joe Rogan Experience"" JRE Joe Rogan podcast UFC MMA comedy stand up Deathsquad funny ""Joe Rogan (Comedian)"" ""Stand-up Comedy (TV Genre)"" ""Comedian (Profession)"" ""Muay Thai (Martial Art)"" ""Kickboxing (Martial Art)"" ""Ultimate Fighting Championship (Organization)"" ""Martial Arts (Sport)"" ""Liam Resnekov"" ""Dylan Resnekov"" ""JRE #489"" 489",10817,433,public,4.0,0.0,https://i.ytimg.com/vi/imgP7bfWldE/default.jpg,1403070777,,Joe Rogan Experience #489 - Liam & Dylan Resnekov,zQUP1qoWDoEbmsQxvdjxgQ,51184,1403070777000,2014,6,18,489,51184,180,Liam & Dylan Resnekov
09/04/2014,PowerfulJRE,22,False,109,"Rob MacCachren is an American off-road racer. He raced the Mickey Thompson Stadium Series early in his career and went on to win championships in Championship Off-Road Racing, SCORE International, SODA, and Best in the Desert. Bud Brutsman is a television show creator, executive producer, known for shows such as Overhaulin', Rides, and King of the Cage.",39,1:59:17,bWToVLYXr4Q,7157,False,False,"""Joe Rogan Experience"" JRE Joe Rogan podcast UFC MMA comedy stand up Deathsquad funny ""Joe Rogan (Comedian)"" ""Ultimate Fighting Championship (Organization)"" ""Stand-up Comedy (TV Genre)"" ""Comedian (Profession)"" ""Off-road Vehicle (Automotive Class)"" ""Baja 1000 (Recurring Event)"" ""Automobile (Industry)"" ""Trophy Truck"" ""Bud Brutsman"" ""Rob MacCachren (Person)"" ""JRE #482"" 482 ""Automotive Industry (Industry)""",7157,304,public,4.0,0.0,https://i.ytimg.com/vi/bWToVLYXr4Q/default.jpg,1403070777,,Joe Rogan Experience #482 - Rob MacCachren & Bud Brutsman,zQUP1qoWDoEbmsQxvdjxgQ,43712,1403070777000,2014,6,18,482,43712,119,Rob MacCachren & Bud Brutsman
10/04/2014,PowerfulJRE,22,False,161,"Mark Kendall is a pool player and lead guitarist, best known for being the founding member hard rock band Great White.",36,2:14:15,gdBVYDnImco,8055,False,False,"""Joe Rogan Experience"" JRE Joe Rogan podcast UFC MMA comedy stand up Deathsquad funny ""Joe Rogan (Comedian)"" ""Stand-up Comedy (TV Genre)"" ""Comedian (Profession)"" ""Great White (Musical Group)"" ""Mark Kendall (Musical Artist)"" ""JRE #483"" 483 ""Guitarist (Profession)"" ""live performance"" acoustic pool billiards",8055,328,public,4.0,0.0,https://i.ytimg.com/vi/gdBVYDnImco/default.jpg,1403070777,,Joe Rogan Experience #483 - Mark Kendall,zQUP1qoWDoEbmsQxvdjxgQ,42681,1403070777000,2014,6,18,483,42681,134,Mark Kendall
22/04/2014,PowerfulJRE,22,False,412,"Andreas Antonopoulos is a bitcoin entrepreneur, he also serves on the advisory boards of several bitcoin startups and serves as the Chief Security Officer of Blockchain.",55,2:39:43,EnhGlgCm4MU,9583,False,False,"""Joe Rogan Experience"" JRE Joe Rogan podcast UFC MMA comedy stand up Deathsquad funny ""Ultimate Fighting Championship (Organization)"" Bitcoin MtGox ""Andreas Antonopolous"" ""Joe Rogan (Comedian)"" ""Brian Redban"" ""Comedian (Profession)"" ""Stand-up Comedy (TV Genre)"" ""JRE #490"" 490",9583,1185,public,4.0,0.0,https://i.ytimg.com/vi/EnhGlgCm4MU/default.jpg,1403070777,,Joe Rogan Experience #490 - Andreas Antonopoulos,zQUP1qoWDoEbmsQxvdjxgQ,117604,1403070777000,2014,6,18,490,117604,159,Andreas Antonopoulos
25/03/2014,PowerfulJRE,22,False,841,"Hannibal Buress is a stand-up comedian, actor and television writer currently living in New York City. His latest special ""Live from Chicago""airs March 29th on Comedy Central.",208,2:54:01,irV0M5GNUbk,10441,False,False,"""Joe Rogan Experience"" JRE Joe Rogan podcast UFC MMA comedy stand up Deathsquad funny ""Stand-up Comedy (TV Genre)"" ""Joe Rogan (Comedian)"" ""Hannibal Buress (TV Writer)"" ""JRE #474"" 474 ""Comedian (Profession)""",10441,3921,public,4.0,0.0,https://i.ytimg.com/vi/irV0M5GNUbk/default.jpg,1403070748,,Joe Rogan Experience #474 - Hannibal Buress,zQUP1qoWDoEbmsQxvdjxgQ,502442,1403070748000,2014,6,18,474,502442,174,Hannibal Buress
24/03/2014,PowerfulJRE,22,False,2311,"Jim Jefferies is an Australian stand-up comedian, actor and writer. He currently stars in the show ""Legit"" airing on FXX.",1251,2:35:35,uJ8Y3zrQWnc,9335,False,False,"""Joe Rogan Experience"" JRE Joe Rogan podcast UFC MMA comedy stand up Deathsquad funny ""Jim Jefferies (Performer)"" ""Joe Rogan (Comedian)"" ""Stand-up Comedy (TV Genre)"" ""Comedian (Profession)"" ""JRE #473"" 473 ""Brian Redban"" ""Ultimate Fighting Championship (Organization)""",9335,12834,public,4.0,0.0,https://i.ytimg.com/vi/uJ8Y3zrQWnc/default.jpg,1403070748,,Joe Rogan Experience #473 - Jim Jefferies,zQUP1qoWDoEbmsQxvdjxgQ,1979445,1403070748000,2014,6,18,473,1979445,155,Jim Jefferies
26/03/2014,PowerfulJRE,22,False,718,"Adam Carolla is a comedian, radio personality, television host and actor. 
Help Adam fight the patent trolls!! - http://www.fundanything.com/patenttroll",270,1:52:14,C-UVwPqs8Go,6734,False,False,"""Joe Rogan Experience"" JRE Joe Rogan podcast UFC MMA comedy stand up Deathsquad funny ""Adam Carolla (Author)"" ""Joe Rogan (Comedian)"" ""Stand-up Comedy (TV Genre)"" ""Comedian (Profession)"" ""JRE #475"" 475 ""Patent Troll""",6734,2724,public,4.0,0.0,https://i.ytimg.com/vi/C-UVwPqs8Go/default.jpg,1403070748,,Joe Rogan Experience #475 - Adam Carolla,zQUP1qoWDoEbmsQxvdjxgQ,351873,1403070748000,2014,6,18,475,351873,112,Adam Carolla
11/03/2014,PowerfulJRE,22,False,1125,"Duncan Trussell is a stand-up comedian, and host of his own podcast ""The Duncan Trussell Family Hour"". Christopher Ryan, Ph.D. is a psychologist, speaker, and author of New York Times best seller Sex At Dawn.",292,2:56:16,SrPz5o2_z3U,10576,False,False,"""Joe Rogan Experience"" JRE Joe Rogan podcast UFC MMA comedy stand up Deathsquad funny ""Duncan Trussell (Person)"" ""Joe Rogan (Comedian)"" ""Stand-up Comedy (TV Genre)"" ""Comedian (Profession)"" ""Chris Ryan (Author)"" 468 ""JRE #468"" Triocast",10576,4302,public,4.0,0.0,https://i.ytimg.com/vi/SrPz5o2_z3U/default.jpg,1403070748,,"Joe Rogan Experience #468 - Duncan Trussell, Christopher Ryan",zQUP1qoWDoEbmsQxvdjxgQ,460178,1403070748000,2014,6,18,468,460178,176,"Duncan Trussell, Christopher Ryan"
17/03/2014,PowerfulJRE,22,False,1432,Carl Hart is an associate professor of psychology and psychiatry at Columbia University. He is known for his research in drug abuse and drug addiction. Hart was the first tenured African American professor of sciences at Columbia University.,244,2:11:20,T5jMC8j7ElI,7880,False,False,"""Joe Rogan Experience"" JRE Joe Rogan podcast UFC MMA comedy stand up Deathsquad funny ""JRE #469"" 469 ""Dr. Carl Hart"" ""Carl Hart"" ""Joe Rogan (Comedian)"" ""Stand-up Comedy (TV Genre)"" ""Comedian (Profession)"" Addiction ""Drug abuse""",7880,5339,public,4.0,0.0,https://i.ytimg.com/vi/T5jMC8j7ElI/default.jpg,1403070748,,Joe Rogan Experience #469 - Dr. Carl Hart,zQUP1qoWDoEbmsQxvdjxgQ,466354,1403070748000,2014,6,18,469,466354,131,Dr. Carl Hart
20/03/2014,PowerfulJRE,22,False,899,Shane Smith is a Canadian-American journalist. He also is the co-founder and CEO of the international media company VICE.,132,2:53:50,l1YuUpg3RM0,10430,False,False,"""Joe Rogan Experience"" JRE Joe Rogan podcast UFC MMA comedy stand up Deathsquad funny ""Shane Smith (TV Program Creator)"" ""Joe Rogan (Comedian)"" ""Brian Redban"" Drunkcast ""JRE #472"" 472 ""Comedian (Profession)"" ""Stand-up Comedy (TV Genre)""",10430,2011,public,4.0,0.0,https://i.ytimg.com/vi/l1YuUpg3RM0/default.jpg,1403070748,,Joe Rogan Experience #472 - Shane Smith,zQUP1qoWDoEbmsQxvdjxgQ,243942,1403070748000,2014,6,18,472,243942,173,Shane Smith
10/03/2014,PowerfulJRE,22,False,278,"Peter Giuliano is a student of coffee, barista, director of the Specialty Coffee Symposium.",51,2:15:24,G8LtKdikuTE,8124,False,False,"""Joe Rogan Experience"" JRE Joe Rogan podcast UFC MMA comedy stand up Deathsquad funny ""Joe Rogan (Comedian)"" ""Stand-up Comedy (TV Genre)"" ""Comedian (Profession)"" ""Peter Giuliano"" Coffee",8124,1184,public,4.0,0.0,https://i.ytimg.com/vi/G8LtKdikuTE/default.jpg,1403070748,,Joe Rogan Experience #467 - Peter Giuliano,zQUP1qoWDoEbmsQxvdjxgQ,105239,1403070748000,2014,6,18,467,105239,135,Peter Giuliano
01/04/2014,PowerfulJRE,22,False,830,"Joel Salatin is an American farmer, lecturer, and author whose books include ""Folks, This Ain't Normal""  ""You Can Farm"" and ""Salad Bar Beef""",142,2:37:50,7ZVUoQd-P6o,9470,False,False,"""Joe Rogan Experience"" JRE Joe Rogan podcast UFC MMA comedy stand up Deathsquad funny ""Joel Salatin (Author)"" ""Joe Rogan (Comedian)"" ""Stand-up Comedy (TV Genre)"" ""Comedian (Profession)"" ""Brian Redban"" ""JRE #479"" 479",9470,4000,public,4.0,0.0,https://i.ytimg.com/vi/7ZVUoQd-P6o/default.jpg,1403070748,,Joe Rogan Experience #479 - Joel Salatin,zQUP1qoWDoEbmsQxvdjxgQ,234230,1403070748000,2014,6,18,479,234230,157,Joel Salatin
31/03/2014,PowerfulJRE,22,False,948,"Eddie Bravo is a jiujitsu black belt, music producer, and author. He also hosts his own podcast called Eddie Bravo Radio.

http://10thplanetjj.com
http://joerogan.net",159,2:33:39,iF0MpB89ELc,9219,False,False,"""Joe Rogan Experience"" JRE Joe Rogan podcast UFC MMA comedy stand up Deathsquad funny ""Stand-up Comedy (TV Genre)"" ""Joe Rogan (Comedian)"" ""Eddie Bravo (Martial Artist)"" ""Martial Arts (Sport)"" ""JRE #478"" 478 ""Metamoris 3"" ""Bravo vs. Gracie"" ""Royler Gracie (Martial Artist)"" Bravo Gracie rematch",9219,4181,public,4.0,0.0,https://i.ytimg.com/vi/iF0MpB89ELc/default.jpg,1403070748,,Joe Rogan Experience #478 - Eddie Bravo,zQUP1qoWDoEbmsQxvdjxgQ,417048,1403070748000,2014,6,18,478,417048,153,Eddie Bravo
28/03/2014,PowerfulJRE,22,False,1057,"Dennis McKenna is an ethnopharmacologist, author, and brother to well-known psychedelics proponent Terence McKenna. Josh Wickerham is the chief advisor to the ESC, Ethnobotanical Stewardship Council.

http://www.ethnobotanicalcouncil.org",239,2:51:41,72P_9jmrOVI,10301,False,False,"""Joe Rogan Experience"" JRE Joe Rogan podcast UFC MMA comedy stand up Deathsquad funny ""Dennis McKenna (Person)"" ""Joe Rogan (Comedian)"" ""Stand-up Comedy (TV Genre)"" ""Comedian (Profession)"" ""Ayahuasca (Literature Subject)"" ""Joshua Wickerham"" ""Josh Wickerham"" ""JRE #477"" 477",10301,4244,public,4.0,0.0,https://i.ytimg.com/vi/72P_9jmrOVI/default.jpg,1403070748,,Joe Rogan Experience #477 - Dennis McKenna & Josh Wickerham,zQUP1qoWDoEbmsQxvdjxgQ,397393,1403070748000,2014,6,18,477,397393,171,Dennis McKenna & Josh Wickerham
27/03/2014,PowerfulJRE,22,False,251,"Honey Honey is a band, featuring members Suzanne Santo and Ben Jaffe, from Los Angeles, CA currently based out of Nashville, TN. They are currently recording a new album and can be seen touring all over the world.

[NOTE: At 2:05:45 the performance plays with Joe's commentary here: http://youtu.be/mjpR_BJB1aY]",62,2:55:12,rng8ToHDjaY,10512,False,False,"""Joe Rogan Experience"" JRE Joe Rogan podcast UFC MMA comedy stand up Deathsquad funny ""Joe Rogan (Comedian)"" ""Ultimate Fighting Championship (Organization)"" ""Stand-up Comedy (TV Genre)"" ""Comedian (Profession)"" ""JRE #476"" ""Honey Honey"" HoneyHoney music ""live performance"" acoustic banjo guitar fiddle",10512,543,public,4.0,0.0,https://i.ytimg.com/vi/rng8ToHDjaY/default.jpg,1403070748,,Joe Rogan Experience #476 - Honey Honey,zQUP1qoWDoEbmsQxvdjxgQ,59887,1403070748000,2014,6,18,476,59887,175,Honey Honey
18/03/2014,PowerfulJRE,22,False,1312,"Amber Lyon is an Emmy Award-Winning journalist. She has recently been traveling the world working on Reset.Me, an independent journalism site covering psychedelics, natural medicines, and alternative therapies.",222,2:50:14,WZ1Dm-dcl68,10214,False,False,"""Joe Rogan Experience"" JRE Joe Rogan podcast UFC MMA comedy stand up Deathsquad funny ""Amber Lyon"" ""Joe Rogan (Comedian)"" ""Stand-up Comedy (TV Genre)"" ""Comedian (Profession)"" ""Ultimate Fighting Championship (Organization)"" ""JRE #470"" 470",10214,4047,public,4.0,0.0,https://i.ytimg.com/vi/WZ1Dm-dcl68/default.jpg,1403070748,,Joe Rogan Experience #470 - Amber Lyon,zQUP1qoWDoEbmsQxvdjxgQ,422796,1403070748000,2014,6,18,470,422796,170,Amber Lyon
04/03/2014,PowerfulJRE,22,False,867,"http://powerseductionandwar.com/joe

Robert Greene is an American author and speaker known for his books on strategy, power and seduction. He has written five international bestsellers: The 48 Laws of Power, The Art of Seduction, The 33 Strategies of War, The 50th Law and Mastery. Aubrey Marcus is writer, entrepreneur, and adventurer.  Some of his writings and experiences can be found on his website, WarriorPoet.us, as well as links to his latest venture, Onnit Labs.",135,2:56:16,kmB8_DNeg5k,10576,False,False,"""Joe Rogan Experience"" JRE Joe Rogan podcast UFC MMA comedy stand up Deathsquad funny ""Joe Rogan (Comedian)"" ""Stand-up Comedy (TV Genre)"" ""Comedian (Profession)"" ""Robert Greene (Author)"" ""Aubrey Marcus"" ""JRE #464"" 464 Mastery ""48 laws"" ""50th law""",10576,4552,public,4.0,0.0,https://i.ytimg.com/vi/kmB8_DNeg5k/default.jpg,1403070715,,"Joe Rogan Experience #464 - Robert Greene, Aubrey Marcus",zQUP1qoWDoEbmsQxvdjxgQ,311970,1403070715000,2014,6,18,464,311970,176,"Robert Greene, Aubrey Marcus"
03/03/2014,PowerfulJRE,22,False,2752,"Louis Theroux is best known for his documentaries in the television series ""Louis Theroux's Weird Weekends"" and ""When Louis Met..."", as well as his Louis Theroux's BBC Two specials.",800,2:52:26,QjeV2_hKLao,10346,False,False,"""Joe Rogan Experience"" JRE Joe Rogan podcast UFC MMA comedy stand up Deathsquad funny ""Joe Rogan (Comedian)"" ""Ultimate Fighting Championship (Organization)"" ""Stand-up Comedy (TV Genre)"" ""Louis Theroux (TV Writer)"" ""JRE #463"" 463",10346,12890,public,4.0,0.0,https://i.ytimg.com/vi/QjeV2_hKLao/default.jpg,1403070715,,Joe Rogan Experience #463 - Louis Theroux,zQUP1qoWDoEbmsQxvdjxgQ,1928738,1403070715000,2014,6,18,463,1928738,172,Louis Theroux
24/02/2014,PowerfulJRE,22,False,1229,Kron Gracie is a Brazilian Jiu-Jitsu practitioner and a member of the Gracie family. He is the youngest son of Rickson Gracie and grandson of Helio Gracie.,284,2:13:04,KVRcd4QbrWw,7984,False,False,"""Joe Rogan Experience"" JRE Joe Rogan podcast UFC MMA comedy stand up Deathsquad funny ""Joe Rogan (Comedian)"" ""Stand-up Comedy (TV Genre)"" ""Ultimate Fighting Championship (Organization)"" ""Comedian (Profession)"" ""Pride Fighting Championships (Organization)"" OneFC Valatudo BJJ Brazil Ju-Jitsu ""Kron Gracie (Person)"" ""Rickson Gracie (Martial Artist)"" ""Royler Gracie (Martial Artist)"" ""Hélio Gracie (Martial Artist)"" ""JRE #460"" ""Gracie Family (Family)"" ""Martial Arts (Sport)""",7984,7673,public,4.0,0.0,https://i.ytimg.com/vi/KVRcd4QbrWw/default.jpg,1403070694,,Joe Rogan Experience #460 - Kron Gracie,zQUP1qoWDoEbmsQxvdjxgQ,877885,1403070694000,2014,6,18,460,877885,133,Kron Gracie
20/02/2014,PowerfulJRE,22,False,1489,"Dr. Rhonda Patrick is a Ph.D in biomedical science and expert on nutritional health. Her podcasts and other videos can be found at FoundMyFitness.com

http://www.youtube.com/user/FoundMyFitness",280,2:49:45,qh0xB4OJdpQ,10185,False,False,"""Joe Rogan Experience"" JRE Joe Rogan podcast UFC MMA comedy stand up Deathsquad funny ""JRE #459"" 459 ""Joe Rogan (Comedian)"" ""Dr. Rhonda Patrick"" ""Found My Fitness"" ""Comedian (Profession)"" ""Stand-up Comedy (TV Genre)"" Vitamins Health Fitness",10185,7250,public,4.0,0.0,https://i.ytimg.com/vi/qh0xB4OJdpQ/default.jpg,1403070694,,Joe Rogan Experience #459 - Dr. Rhonda Patrick,zQUP1qoWDoEbmsQxvdjxgQ,664646,1403070694000,2014,6,18,459,664646,169,Dr. Rhonda Patrick
18/02/2014,PowerfulJRE,22,False,428,Ari Shaffir is a stand-up comedian and also hosts his own podcasts Ari Shaffir's Skeptic Tank and Punch Drunk.,97,2:59:26,3Fhvsoh0Jws,10766,False,False,"""Joe Rogan Experience"" JRE Joe Rogan podcast UFC MMA comedy stand up Deathsquad funny ""Joe Rogan (Comedian)"" ""Comedian (Profession)"" ""Stand-up Comedy (TV Genre)"" ""Ari Shaffir"" ""Brian Redban"" ""JRE #457"" 457",10766,1168,public,4.0,0.0,https://i.ytimg.com/vi/3Fhvsoh0Jws/default.jpg,1403070694,,Joe Rogan Experience #457 - Ari Shaffir,zQUP1qoWDoEbmsQxvdjxgQ,158884,1403070694000,2014,6,18,457,158884,179,Ari Shaffir
03/02/2014,PowerfulJRE,22,False,454,"Tom Segura is a stand-up comedian, and hosts his own podcast with his wife, Christina Pazsitzky called ""Your Mom's House""

http://www.yourmomshousepodcast.com

http://joerogan.net",118,2:55:47,kS9HjxXEeqY,10547,False,False,"""Joe Rogan Experience"" JRE Joe Rogan podcast UFC MMA comedy stand up Deathsquad funny ""Tom Segura"" ""Ultimate Fighting Championship (Organization)"" ""Stand-up Comedy (TV Genre)"" ""JRE #448"" ""Brian Redban""",10547,1514,public,4.0,0.0,https://i.ytimg.com/vi/kS9HjxXEeqY/default.jpg,1403070694,,Joe Rogan Experience #448 - Tom Segura,zQUP1qoWDoEbmsQxvdjxgQ,204233,1403070694000,2014,6,18,448,204233,175,Tom Segura
04/02/2014,PowerfulJRE,22,False,283,Justin Martindale is a stand-up comedian.,48,2:49:09,wgnn0oNHG2U,10149,False,False,"""Joe Rogan Experience"" JRE Joe Rogan podcast UFC MMA comedy stand up Deathsquad funny ""Joe Rogan (Comedian)"" ""Stand-up Comedy (TV Genre)"" ""Comedian (Profession)"" ""Justin Martindale"" ""Brian Redban"" ""JRE #449"" 449 ""Ultimate Fighting Championship (Organization)"" Humor",10149,504,public,4.0,0.0,https://i.ytimg.com/vi/wgnn0oNHG2U/default.jpg,1403070694,,Joe Rogan Experience #449 - Justin Martindale,zQUP1qoWDoEbmsQxvdjxgQ,64066,1403070694000,2014,6,18,449,64066,169,Justin Martindale
07/02/2014,PowerfulJRE,22,False,418,"Cameron Hanes is a bowhunting athlete, ""training intensively each and every day to become the Ultimate Predator.""",141,2:43:54,7XTtHSObaS0,9834,False,False,"""Joe Rogan Experience"" JRE Joe Rogan podcast UFC MMA comedy stand up Deathsquad funny ""Joe Rogan (Comedian)"" ""Comedian (Profession)"" ""Stand-up Comedy (TV Genre)"" ""JRE #450"" 450 ""Cameron Hanes"" ""Bow Hunting"" hunting",9834,2334,public,4.0,0.0,https://i.ytimg.com/vi/7XTtHSObaS0/default.jpg,1403070694,,Joe Rogan Experience #450 - Cameron Hanes,zQUP1qoWDoEbmsQxvdjxgQ,263825,1403070694000,2014,6,18,450,263825,163,Cameron Hanes
08/02/2014,PowerfulJRE,22,False,327,"Aubrey Marcus is writer, entrepreneur, and adventurer.  Some of his writings and experiences can be found on his website, WarriorPoet.us, as well as links to his latest venture, Onnit Labs.",58,2:57:22,Zp8BeJM5nSQ,10642,False,False,"""Joe Rogan Experience"" JRE Joe Rogan podcast UFC MMA comedy stand up Deathsquad funny Humor ""Joe Rogan (Comedian)"" ""Stand-up Comedy (TV Genre)"" ""Comedian (Profession)"" Onnit ""Aubrey Marcus"" ""Warrior Poet"" ""JRE #451""",10642,870,public,4.0,0.0,https://i.ytimg.com/vi/Zp8BeJM5nSQ/default.jpg,1403070694,,Joe Rogan Experience #451 - Aubrey Marcus,zQUP1qoWDoEbmsQxvdjxgQ,86988,1403070694000,2014,6,18,451,86988,177,Aubrey Marcus
10/02/2014,PowerfulJRE,22,False,1351,Immortal Technique is a Peruvian born American rapper as well as an urban activist. Chino XL is an American rapper and actor.,245,2:56:58,jdXs_SAlF4I,10618,False,False,"""Joe Rogan Experience"" JRE Joe Rogan podcast UFC MMA comedy stand up Deathsquad funny ""Immortal Technique (Musical Artist)"" ""Chino XL"" ""Brian Redban"" ""JRE #452"" 452 ""Comedian (Profession)"" ""Stand Up Comedy (Composition)"" ""Stand-up Comedy (TV Genre)""",10618,5304,public,4.0,0.0,https://i.ytimg.com/vi/jdXs_SAlF4I/default.jpg,1403070694,,Joe Rogan Experience #452 - Immortal Technique & Chino XL,zQUP1qoWDoEbmsQxvdjxgQ,466234,1403070694000,2014,6,18,452,466234,176,Immortal Technique & Chino XL
07/01/2014,PowerfulJRE,22,False,197,"Scott Sigler is an American author known for science fiction and horror books, such as Nocturnal, Ancestor, Infected and Contagious.  Before being published, Scott built an online audience by giving away his self-recorded audiobooks for free as podcasts on iTunes.",18,2:53:50,K5_cTGoEGgY,10430,False,False,"""Joe Rogan Experience"" JRE Joe Rogan podcast UFC MMA comedy stand up ""Scott Sigler (Podcast)"" ""Stand-up Comedy (TV Genre)"" ""Ultimate Fighting Championship (Organization)"" Humor Funny Comedian ""Joe Rogan (Comedian)"" ""Brian Redban"" Deathsquad",10430,590,public,4.0,0.0,https://i.ytimg.com/vi/K5_cTGoEGgY/default.jpg,1403070661,,Joe Rogan Experience #437 - Scott Sigler,zQUP1qoWDoEbmsQxvdjxgQ,65165,1403070661000,2014,6,18,437,65165,173,Scott Sigler
06/01/2014,PowerfulJRE,22,False,1778,"Stefan Molyneux is a Canadian philosopher. He runs the #1 philosophy show on the internet, Freedomain Radio, and also runs a very popular YouTube channel.",652,2:53:56,5Xq_ZYB8rew,10436,False,False,"""Joe Rogan Experience"" JRE Joe Rogan podcast UFC MMA comedy stand up ""Stefan Molyneux (Philosopher)"" ""Ultimate Fighting Championship (Organization)"" Funny ""Joe Rogan (Comedian)"" ""Stand-up Comedy (TV Genre)""",10436,2751,public,4.0,0.0,https://i.ytimg.com/vi/5Xq_ZYB8rew/default.jpg,1403070661,,Joe Rogan Experience #436 - Stefan Molyneux,zQUP1qoWDoEbmsQxvdjxgQ,199496,1403070661000,2014,6,18,436,199496,173,Stefan Molyneux
27/01/2014,PowerfulJRE,22,False,850,"Andreas Antonopoulos is a bitcoin entrepreneur, he also serves on the advisory boards of several bitcoin startups and serves as the Chief Security Officer of Blockchain.",91,2:46:18,1cexawnOlR8,9978,False,False,"""Joe Rogan Experience"" JRE Joe Rogan podcast UFC MMA comedy stand up Deathsquad funny ""Joe Rogan (Comedian)"" ""Ultimate Fighting Championship (Organization)"" ""Comedian (Profession)"" ""Stand-up Comedy (TV Genre)"" Humor ""JRE #446"" 446 ""Brian Redban"" ""Andreas Antonopoulos"" Bitcoin ""Crypto Currency""",9978,2725,public,4.0,0.0,https://i.ytimg.com/vi/1cexawnOlR8/default.jpg,1403070661,,Joe Rogan Experience #446 - Andreas Antonopoulos,zQUP1qoWDoEbmsQxvdjxgQ,209402,1403070661000,2014,6,18,446,209402,166,Andreas Antonopoulos
22/01/2014,PowerfulJRE,22,False,4073,"Peter Schiff is an American businessman, investment broker, author and financial commentator. Schiff is CEO and chief global strategist of Euro Pacific Capital Inc.",383,3:00:33,8IHU42j3evQ,10833,False,False,"""Joe Rogan Experience"" JRE Joe Rogan podcast UFC MMA comedy stand up Deathsquad funny ""Joe Rogan (Comedian)"" ""Ultimate Fighting Championship (Organization)"" ""Stand-up Comedy (TV Genre)"" ""Peter Schiff (Author)"" ""Economics (Literary Genre)"" ""JRE #445"" 445",10833,4377,public,4.0,0.0,https://i.ytimg.com/vi/8IHU42j3evQ/default.jpg,1403070661,,Joe Rogan Experience #445 - Peter Schiff,zQUP1qoWDoEbmsQxvdjxgQ,339913,1403070661000,2014,6,18,445,339913,180,Peter Schiff
20/01/2014,PowerfulJRE,22,False,293,"Neal Brennan is a stand-up comedian, actor, writer, director and producer. He is known for co-creating and co-writing ""Chappelle's Show"" with Dave Chappelle.

Check out Neal's latest special:
http://ccdirect.comedycentral.com/watch/neal-brennan-women-and-black-dudes",53,2:53:25,UuyxFw_GbuQ,10405,False,False,"""Joe Rogan Experience"" JRE Joe Rogan podcast UFC MMA comedy stand up Deathsquad funny ""Ultimate Fighting Championship (Organization)"" Humor ""Stand-up Comedy (TV Genre)"" ""JRE #443"" ""Neal Brennan (TV Program Creator)"" ""Brian Redban""",10405,778,public,4.0,0.0,https://i.ytimg.com/vi/UuyxFw_GbuQ/default.jpg,1403070661,,Joe Rogan Experience #443 - Neal Brennan,zQUP1qoWDoEbmsQxvdjxgQ,97135,1403070661000,2014,6,18,443,97135,173,Neal Brennan
17/01/2014,PowerfulJRE,22,False,460,"Steven Rinella is an outdoorsman, author, and television host. He currently hosts MeatEater on the Sportsman Channel.",182,2:57:32,RqmJsKkloCc,10652,False,False,"""Joe Rogan Experience"" JRE Joe Rogan podcast UFC MMA comedy stand up Deathsquad funny ""Steven Rinella (TV Personality)"" ""Ultimate Fighting Championship (Organization)"" ""Joe Rogan (Comedian)"" ""JRE #442"" 442 ""Comedian (Profession)"" ""Stand-up Comedy (TV Genre)"" Hunting ""Meat Eater TV""",10652,2435,public,4.0,0.0,https://i.ytimg.com/vi/RqmJsKkloCc/default.jpg,1403070661,,Joe Rogan Experience #442 - Steven Rinella,zQUP1qoWDoEbmsQxvdjxgQ,347514,1403070661000,2014,6,18,442,347514,177,Steven Rinella
14/01/2014,PowerfulJRE,22,False,220,"Dom Irrera is a stand up comedian, and also hosts his own podcast called ""Dom Irrera Live from The Laugh Factory.""",20,2:34:25,Ec_BcTJI9sE,9265,False,False,"""Joe Rogan Experience"" JRE Joe Rogan podcast UFC MMA comedy stand up Deathsquad funny ""Dom Irrera (Comedian)"" ""Ultimate Fighting Championship (Organization)"" ""Comedian (Profession)"" ""Stand-up Comedy (TV Genre)"" Humor ""Brian Redban"" ""JRE #440""",9265,493,public,4.0,0.0,https://i.ytimg.com/vi/Ec_BcTJI9sE/default.jpg,1403070661,,Joe Rogan Experience #440 - Dom Irrera,zQUP1qoWDoEbmsQxvdjxgQ,59088,1403070661000,2014,6,18,440,59088,154,Dom Irrera
08/01/2014,PowerfulJRE,22,False,567,Dr. Mark Gordon is the Medical Director of Education at Access Medical Laboratory and is recognized as a top leader world wide in Interventional Endocrinology (Anti Aging Medicine).,89,2:59:33,aJeGeclGDpQ,10773,False,False,"""Joe Rogan Experience"" JRE Joe Rogan podcast UFC MMA comedy stand up Deathsquad funny ""Joe Rogan (Comedian)"" ""Stand-up Comedy (TV Genre)"" ""Ultimate Fighting Championship (Organization)"" ""Dr. Mark Gordon"" TBI ""Traumatic Brain Injury (Disease Or Medical Condition)""",10773,1666,public,4.0,0.0,https://i.ytimg.com/vi/aJeGeclGDpQ/default.jpg,1403070661,,Joe Rogan Experience #438 - Dr. Mark Gordon,zQUP1qoWDoEbmsQxvdjxgQ,201408,1403070661000,2014,6,18,438,201408,179,Dr. Mark Gordon
30/12/2013,PowerfulJRE,22,False,1570,"Roseanne Barr is a comedian, actress, writer, television producer, director, and 2012 presidential nominee.",358,2:51:03,leI4IvhTVRI,10263,False,False,"""Joe Rogan Experience"" JRE Joe Rogan podcast UFC MMA comedy stand up ""Roseanne Barr (Casino Show)"" ""Joe Rogan (Comedian)"" ""Ultimate Fighting Championship (Organization)"" ""Comedian (Profession)"" ""Stand-up Comedy (TV Genre)"" Funny Humor ""Roseanne's Nuts (TV Program)"" ""Roseanne (TV Program)"" ""Roseanne Barr (Comedian)"" Deathsquad ""JRE #434""",10263,3212,public,4.0,0.0,https://i.ytimg.com/vi/leI4IvhTVRI/default.jpg,1403070632,,Joe Rogan Experience #434 - Roseanne Barr,zQUP1qoWDoEbmsQxvdjxgQ,367024,1403070632000,2014,6,18,434,367024,171,Roseanne Barr
18/11/2013,PowerfulJRE,22,False,385,"Jeremy Stephens is an MMA fighter currently fighting in the UFC's featherweight division.

Eddie Bravo is a jiujitsu black belt, music producer, and author. He also hosts his own podcast called ""Eddie Bravo Radio""",46,2:55:35,62wXeZPEhao,10535,False,False,"""Joe Rogan Experience"" JRE Joe Rogan podcast UFC MMA comedy stand up ""Jeremy Stephens (Martial Artist)"" ""Ultimate Fighting Championship (Organization)"" ""Martial Arts (Sport)"" ""Eddie Bravo (Martial Artist)"" Funny Humor ""UFC 168"" Brian Redban Deathsquad ""JRE #417"" 417 ""Stand-up Comedy (TV Genre)"" Comedian",10535,971,public,4.0,0.0,https://i.ytimg.com/vi/62wXeZPEhao/default.jpg,1403070604,,"Joe Rogan Experience #418 - Jeremy Stephens, Eddie Bravo",zQUP1qoWDoEbmsQxvdjxgQ,122002,1403070604000,2014,6,18,418,122002,175,"Jeremy Stephens, Eddie Bravo"
27/11/2013,PowerfulJRE,22,False,321,"Christopher Ryan, PhD is a psychologist, speaker, and author of New York Times best seller ""Sex At Dawn""",66,2:50:34,ah5Nxb9Of-0,10234,False,False,"""Joe Rogan Experience"" JRE Joe Rogan podcast UFC MMA comedy stand up ""Ultimate Fighting Championship (Organization)"" Funny Humor ""Stand-up Comedy (TV Genre)"" Sketch Comedian ""Chris Ryan (Author)"" ""Joe Rogan (Comedian)"" ""Brian Redban"" Redban Deathsquad ""JRE #421"" 421",10234,1263,public,4.0,0.0,https://i.ytimg.com/vi/ah5Nxb9Of-0/default.jpg,1403070604,,Joe Rogan Experience #421 - Christopher Ryan,zQUP1qoWDoEbmsQxvdjxgQ,138482,1403070604000,2014,6,18,421,138482,170,Christopher Ryan
03/12/2013,PowerfulJRE,22,False,767,"Brody Stevens is a stand-up comedian and actor, currently starring in his own show on Comedy Central ""Brody Stevens: Enjoy It!""",138,2:41:29,BgbS0ObVdJE,9689,False,False,"""Joe Rogan Experience"" JRE Joe Rogan podcast UFC MMA comedy stand up ""Brody Stevens (Comedian)"" ""Stand-up Comedy (TV Genre)"" ""Comedian (Profession)"" ""Comedy (TV Genre)"" ""Standup Comedian (Musical Album)"" ""Joe Rogan (Comedian)"" ""Brian Redban"" Redban Deathsquad Funny ""Ultimate Fighting Championship (Organization)"" Humor Sketch ""Sketch Comedy (TV Genre)""",9689,1746,public,4.0,0.0,https://i.ytimg.com/vi/BgbS0ObVdJE/default.jpg,1403070604,,Joe Rogan Experience #424 - Brody Stevens,zQUP1qoWDoEbmsQxvdjxgQ,181588,1403070604000,2014,6,18,424,181588,161,Brody Stevens
13/11/2013,PowerfulJRE,22,False,2272,"Graham Hancock is an English author and journalist, well known for books such as ""Fingerprints Of The Gods"" & ""Entangled"" and also a new fiction book called ""War God""",706,2:44:22,1cbnCrHwVSg,9862,False,False,"""Joe Rogan Experience"" JRE Joe Rogan podcast UFC MMA comedy stand up ""Graham Hancock (Author)"" ""Ultimate Fighting Championship (Organization)"" Funny Sketch Humor ancient ""JRE #417"" 417 Deathsquad ""Stand-up Comedy (TV Genre)"" Comedian interview ""War God"" ""Fingerprints of the Gods""",9862,10789,public,4.0,0.0,https://i.ytimg.com/vi/1cbnCrHwVSg/default.jpg,1403070604,,Joe Rogan Experience #417 - Graham Hancock,zQUP1qoWDoEbmsQxvdjxgQ,1109260,1403070604000,2014,6,18,417,1109260,164,Graham Hancock
11/11/2013,PowerfulJRE,22,False,2832,"Chris Hadfield is a retired Canadian astronaut who was the first Canadian to walk in space. He also authored the New York Times Bestseller ""An Astronaut's Guide to Life on Earth""",475,1:01:18,OS0laJvgVxo,3678,False,False,"""Joe Rogan Experience"" JRE Joe Rogan podcast UFC MMA comedy stand up ""Stand-up Comedy (TV Genre)"" ""Ultimate Fighting Championship (Organization)"" ""Chris Hadfield (Astronaut)"" ""International Space Station (Satellite)"" Space ""Astronaut (Profession)"" ""JRE #414"" Deathsquad Aliens UFOs Ufo ""Unidentified Flying Object (Field Of Study)"" Funny Hilarious Humor Interview Comedian",3678,17563,public,4.0,0.0,https://i.ytimg.com/vi/OS0laJvgVxo/default.jpg,1403070604,,Joe Rogan Experience #414 - Cmdr. Chris Hadfield,zQUP1qoWDoEbmsQxvdjxgQ,1081340,1403070604000,2014,6,18,414,1081340,61,Cmdr. Chris Hadfield
11/11/2013,PowerfulJRE,22,False,805,"Justin Foster is a stand-up comedian and also hosts his own podcast called ""Foster the Podcast""",262,2:51:21,Slzg6X53xo0,10281,False,False,"""Joe Rogan Experience"" JRE Joe Rogan podcast UFC MMA comedy stand up ""Stand-up Comedy (TV Genre)"" ""Ultimate Fighting Championship (Organization)"" Funny Humor ""JRE #415"" 415 Brian Redban ""Justin Foster"" ""Foster the Podcast"" Deathsquad",10281,561,public,3.0,0.0,https://i.ytimg.com/vi/Slzg6X53xo0/default.jpg,1403070604,,Joe Rogan Experience #415 - Justin Foster,zQUP1qoWDoEbmsQxvdjxgQ,109174,1403070604000,2014,6,18,415,109174,171,Justin Foster
12/11/2013,PowerfulJRE,22,False,1611,"Ana Kasparian is a producer and co-host of ""The Young Turks"" and also teaches journalism at Cal State Northridge.",1133,2:58:58,ntbFS2hzW0Q,10738,False,False,"""Joe Rogan Experience"" JRE Joe Rogan podcast UFC MMA comedy stand up ""JRE #416"" 416 ""Ana Kasparian"" TYT ""The Young Turks"" Deathsquad Funny Interview Humor",10738,3065,public,3.0,0.0,https://i.ytimg.com/vi/ntbFS2hzW0Q/default.jpg,1403070604,,Joe Rogan Experience #416 - Ana Kasparian,zQUP1qoWDoEbmsQxvdjxgQ,308037,1403070604000,2014,6,18,416,308037,178,Ana Kasparian
15/10/2013,PowerfulJRE,22,False,653,"Steven Pressfield is an author of fiction, non-fiction, and screenplays, known for books such as ""The War of Art"" and ""The Legend of Bagger Vance""

Aubrey Marcus is writer, entrepreneur, and adventurer.  Some of his writings and experiences can be found on his website, WarriorPoet.us, as well as links to his latest venture, Onnit Labs.",95,2:43:41,4p3tN_iFHY0,9821,False,False,"""Joe Rogan Experience"" JRE Joe Rogan podcast UFC MMA comedy stand up ""Ultimate Fighting Championship (Organization)"" ""Steven Pressfield (Author)"" ""The War of Art"" ""The LEgend of Bagger Vance"" Onnit ""Aubrey Marcus"" ""Warrior Poet"" ""JRE #405"" 405 Brian Redban Deathsquad Funny Humor ""Stand-up Comedy (TV Genre)""",9821,3074,public,4.0,0.0,https://i.ytimg.com/vi/4p3tN_iFHY0/default.jpg,1403070573,,"Joe Rogan Experience #405 - Steven Pressfield, Aubrey Marcus",zQUP1qoWDoEbmsQxvdjxgQ,235927,1403070573000,2014,6,18,405,235927,163,"Steven Pressfield, Aubrey Marcus"
08/11/2013,PowerfulJRE,22,False,515,"Dan Carlin is an amateur historian and former radio talk show host.  Carlin now hosts two popular podcasts available on iTunes, or through his website, to download:Common Sense and Hardcore History. 

Daniele Bolelli is an Italian author, professor, and martial artist. His books include Create Your Own Religion and On the Warrior's Path and his podcast called The Drunken Taoist is available on iTunes.",147,2:59:30,ruY9Zvmef0Y,10770,False,False,"""Joe Rogan Experience"" JRE Joe Rogan podcast UFC MMA comedy stand up ""Ultimate Fighting Championship (Organization)"" Funny Humor ""Joe Rogan (Comedian)"" ""Stand-up Comedy (TV Genre)"" ""Comedian (Profession)"" ""Dan Carlin"" ""Daniele Bolelli"" ""Hardcore History"" ""Joe Rogan (Celebrity)""",10770,2678,public,4.0,0.0,https://i.ytimg.com/vi/ruY9Zvmef0Y/default.jpg,1403070573,,"Joe Rogan Experience #413 - Dan Carlin, Daniele Bolelli",zQUP1qoWDoEbmsQxvdjxgQ,323242,1403070573000,2014,6,18,413,323242,179,"Dan Carlin, Daniele Bolelli"
04/11/2013,PowerfulJRE,22,False,647,"Maynard James Keenan is a singer, songwriter, producer, winemaker, and actor, best known as the vocalist for Grammy Award-winning rock band Tool, Puscifer, and A Perfect Circle.",91,2:13:28,LFbws0IIqqg,8008,False,False,"""Joe Rogan Experience"" JRE Joe Rogan podcast UFC MMA comedy stand up ""Maynard James Keenan (Musical Artist)"" Perfect Circle Funny Live Humor ""Stand-up Comedy (TV Genre)"" Sketch ""Sketch Comedy (TV Genre)"" ""Joe Rogan (Comedian)"" ""Comedian (Profession)"" ""Puscifer (Musical Group)"" ""Tool (Musical Group)"" Deathsquad MJK ""JRE #412""",8008,3249,public,4.0,0.0,https://i.ytimg.com/vi/LFbws0IIqqg/default.jpg,1403070573,,Joe Rogan Experience #412 - Maynard James Keenan,zQUP1qoWDoEbmsQxvdjxgQ,286364,1403070573000,2014,6,18,412,286364,133,Maynard James Keenan
04/11/2013,PowerfulJRE,22,False,606,"Dave Asprey is an author, lifehacker, and creator of Bulletproof Coffee.",158,2:47:17,I02ddD3D96I,10037,False,False,"""Joe Rogan Experience"" JRE Joe Rogan podcast UFC MMA comedy stand up ""Ultimate Fighting Championship (Organization)"" Funny Bulletproof Exec Coffee ""JRE #411"" 411 Brian Redban Humor Dave Asprey ""Dave Asprey"" CEO Comedian ""Stand-up Comedy (TV Genre)""",10037,930,public,4.0,0.0,https://i.ytimg.com/vi/I02ddD3D96I/default.jpg,1403070573,,Joe Rogan Experience #411 - Dave Asprey,zQUP1qoWDoEbmsQxvdjxgQ,117271,1403070573000,2014,6,18,411,117271,167,Dave Asprey
30/10/2013,PowerfulJRE,22,False,2189,"Sam Harris is a neuroscientist and author of the New York Times bestsellers, The End of Faith, Letter to a Christian Nation, and The Moral Landscape.",750,2:56:14,FHhTWCknDLs,10574,False,False,"""Joe Rogan Experience"" JRE Joe Rogan podcast UFC MMA comedy stand up ""Sam Harris (Author)"" Funny ""Ultimate Fighting Championship (Organization)"" Humor ""Stand-up Comedy (TV Genre)"" Comedian Sketch ""Sketch Comedy (TV Genre)"" ""Sam Harris"" Deathsquad ""JRE #410""",10574,4857,public,4.0,0.0,https://i.ytimg.com/vi/FHhTWCknDLs/default.jpg,1403070573,,Joe Rogan Experience #410 - Sam Harris,zQUP1qoWDoEbmsQxvdjxgQ,489652,1403070573000,2014,6,18,410,489652,176,Sam Harris
28/10/2013,PowerfulJRE,22,False,359,"Todd Glass is a stand-up comedian and also hosts his own podcast called ""The Todd Glass Show""",49,2:56:22,vWH-8v_x68Y,10582,False,False,"""Joe Rogan Experience"" JRE Joe Rogan podcast UFC MMA comedy stand up ""Todd Glass (TV Actor)"" ""Stand-up Comedy (TV Genre)"" ""Ultimate Fighting Championship (Organization)"" Humor Sketch ""Sketch Comedy (TV Genre)"" Funny Comedian Comic ""Humour (Literary Genre)"" Jokes ""JRE #408"" 408 Todd Glass Brian Redban Deathsquad",10582,865,public,4.0,0.0,https://i.ytimg.com/vi/vWH-8v_x68Y/default.jpg,1403070573,,Joe Rogan Experience #408 - Todd Glass,zQUP1qoWDoEbmsQxvdjxgQ,100498,1403070573000,2014,6,18,408,100498,176,Todd Glass
22/10/2013,PowerfulJRE,22,False,605,"Eddie Bravo is a jiujitsu black belt, music producer, and author. He also hosts his own podcast called ""Eddie Bravo Radio""",87,2:54:24,icZhxnE7rlM,10464,False,False,"""Joe Rogan Experience"" JRE Joe Rogan podcast UFC MMA comedy stand up ""Ultimate Fighting Championship (Organization)"" ""Eddie Bravo (Martial Artist)"" ""Martial Arts (Sport)"" Funny Humor ""Stand-up Comedy (TV Genre)"" Sketch Comedian Brian Redban Deathsquad ""JRE #407"" 407",10464,1514,public,4.0,0.0,https://i.ytimg.com/vi/icZhxnE7rlM/default.jpg,1403070573,,Joe Rogan Experience #407 - Eddie Bravo,zQUP1qoWDoEbmsQxvdjxgQ,162908,1403070573000,2014,6,18,407,162908,174,Eddie Bravo
21/10/2013,PowerfulJRE,22,False,544,"Tom Segura and Christina Pazsitzky are married, stand-up comedians, and together they also host a podcast called ""Your Mom's House""",126,2:52:27,7ofRCZboG30,10347,False,False,"""Joe Rogan Experience"" JRE Joe Rogan podcast UFC MMA comedy stand up ""Christina Pazsitzky (TV Personality)"" ""Ultimate Fighting Championship (Organization)"" ""Tom Segura"" Brian Redban Deathsquad ""JRE #406"" 406 Funny Humor ""Stand-up Comedy (TV Genre)""",10347,1781,public,4.0,0.0,https://i.ytimg.com/vi/7ofRCZboG30/default.jpg,1403070573,,"Joe Rogan Experience #406 - Tom Segura, Christina Pazsitzky",zQUP1qoWDoEbmsQxvdjxgQ,233345,1403070573000,2014,6,18,406,233345,172,"Tom Segura, Christina Pazsitzky"
04/10/2013,PowerfulJRE,22,False,2505,"Joey ""CoCo"" Diaz is a Cuban-American stand up comedian and actor.  Joey also hosts his own podcast called ""The Church of What's Happening Now""

Duncan Trussell is a stand-up comedian, and host of his own podcast ""The Duncan Trussell Family Hour""",592,2:58:16,TjQcaK2Oa4w,10696,False,False,"""Joe Rogan Experience"" JRE Joe Rogan podcast UFC MMA comedy stand up ""Duncan Trussell (Person)"" ""Joey Diaz (TV Actor)"" ""Ultimate Fighting Championship (Organization)"" ""Stand-up Comedy (TV Genre)"" Humor ""Joe Rogan (Comedian)"" Funny ""Comedian (Profession)"" ""JRE #400"" 400 Brian Redban Deathsquad ""Humour (Literary Genre)"" ""Mad FLavor"" CoCo",10696,10025,public,4.0,0.0,https://i.ytimg.com/vi/TjQcaK2Oa4w/default.jpg,1403070544,,"Joe Rogan Experience #400 - Joey ""CoCo"" Diaz, Duncan Trussell",zQUP1qoWDoEbmsQxvdjxgQ,1103625,1403070544000,2014,6,18,400,1103625,178,"Joey ""CoCo"" Diaz, Duncan Trussell"
15/05/2014,PowerfulJRE,22,False,3734,"Randall Carlson is a master builder and architectural designer, teacher, geometrician, geomythologist, geological explorer and renegade scholar.",1001,2:56:12,R31SXuFeX0A,10572,False,False,"""Joe Rogan Experience"" JRE Joe Rogan podcast UFC MMA comedy stand up Deathsquad funny ""Joe Rogan (Comedian)"" ""Stand-up Comedy (TV Genre)"" ""Comedian (Profession)"" ""JRE #501"" 501 ""Randall Carlson"" ""Sacred Geometry (Art Subject)""",10572,20790,public,4.0,0.0,https://i.ytimg.com/vi/R31SXuFeX0A/default.jpg,1403070494,,Joe Rogan Experience #501 - Randall Carlson,zQUP1qoWDoEbmsQxvdjxgQ,1680085,1403070494000,2014,6,18,501,1680085,176,Randall Carlson
14/05/2014,PowerfulJRE,22,False,742,"Doug Stanhope is a stand-up comedian and TV host, also currently hosting his own podcast, Doug Stanhope's Podcast. Tom Rhodes is a stand-up comedian, actor, and TV host. Currently he hosts his own podcast available on iTunes called Tom Rhodes Radio.",199,2:56:21,HBUoXxLscA4,10581,False,False,"""Joe Rogan Experience"" JRE Joe Rogan podcast UFC MMA comedy stand up Deathsquad funny ""Doug Stanhope (Comedian)"" ""Tom Rhodes (TV Actor)"" ""Joe Rogan (Comedian)"" ""Stand-up Comedy (TV Genre)"" ""Comedian (Profession)"" ""JRE #500"" 500 ""Brian Redban""",10581,2335,public,4.0,0.0,https://i.ytimg.com/vi/HBUoXxLscA4/default.jpg,1403070494,,Joe Rogan Experience #500 - Doug Stanhope & Tom Rhodes,zQUP1qoWDoEbmsQxvdjxgQ,419459,1403070494000,2014,6,18,500,419459,176,Doug Stanhope & Tom Rhodes
16/05/2014,PowerfulJRE,22,False,849,"Dr. Rhonda Patrick is a Ph.D in biomedical science and expert on nutritional health. Her podcasts and other videos can be found at FoundMyFitness.com

http://www.youtube.com/user/FoundMyFitness",235,3:00:01,DgSLkakMDfE,10801,False,False,"""Joe Rogan Experience"" JRE Joe Rogan podcast UFC MMA comedy stand up Deathsquad funny ""Rhonda Patrick"" ""Dr. Rhonda Pateick"" ""Found my Fitness"" ""Joe Rogan (Comedian)"" ""JRE #502"" 502 ""Stand-up Comedy (TV Genre)"" ""Comedian (Profession)"" Fitness ""Nutrition (Medical Specialty)"" Vitamins ""Vitamin D (Drug Class)"" ""Medicine (Field Of Study)"" ""Research (Industry)""",10801,4791,public,4.0,0.0,https://i.ytimg.com/vi/DgSLkakMDfE/default.jpg,1403070494,,Joe Rogan Experience #502 - Dr. Rhonda Patrick,zQUP1qoWDoEbmsQxvdjxgQ,535375,1403070494000,2014,6,18,502,535375,180,Dr. Rhonda Patrick
02/06/2014,PowerfulJRE,22,False,540,TJ Dillashaw is a mixed martial arts fighter and currently the UFC Bantamweight Champion. Duane Ludwig is a former mixed martial arts fighter and currently is the head coach of Team Alpha Male. ,149,2:53:34,KxrPM1Q-Xeg,10414,False,False,"""Joe Rogan Experience"" JRE Joe Rogan podcast UFC MMA comedy stand up Deathsquad funny ""Ultimate Fighting Championship (Organization)"" ""Stand-up Comedy (TV Genre)"" ""TJ Dillashaw"" ""Duane Ludwig (TV Actor)"" ""Bang Muy Thai"" ""JRE #508"" 508",10414,2110,public,4.0,0.0,https://i.ytimg.com/vi/KxrPM1Q-Xeg/default.jpg,1403070483,,Joe Rogan Experience #508 - TJ Dillashaw & Duane Ludwig,zQUP1qoWDoEbmsQxvdjxgQ,307143,1403070483000,2014,6,18,508,307143,173,TJ Dillashaw & Duane Ludwig
28/05/2014,PowerfulJRE,22,False,338,"Bert Kreischer is a stand-up comedian, actor and reality television host. Check out his new book ""Life of the Party"" on Amazon now!

Sorry for any audible pops in the video, they are not in the Audio Only version on iTunes & Stitcher :) Click Here for the mp3 -- http://bit.ly/1lWtqa7",137,3:00:49,czB0QWCQND8,10849,False,False,"""Joe Rogan Experience"" JRE Joe Rogan podcast UFC MMA comedy stand up Deathsquad funny ""Joe Rogan (Comedian)"" ""Bert Kreischer (TV Actor)"" ""Stand-up Comedy (TV Genre)"" ""Comedian (Profession)"" ""JRE #507"" 507 ""Brian Redban""",10849,1594,public,4.0,0.0,https://i.ytimg.com/vi/czB0QWCQND8/default.jpg,1403070483,,Joe Rogan Experience #507 - Bert Kreischer,zQUP1qoWDoEbmsQxvdjxgQ,216531,1403070483000,2014,6,18,507,216531,180,Bert Kreischer
26/05/2014,PowerfulJRE,22,False,566,"Moshe Kasher is a stand-up comedian, writer and actor. Check out his book ""Kasher In The Rye"" available on Amazon.",183,2:58:46,lEDJWxjiAls,10726,False,False,"""Joe Rogan Experience"" JRE Joe Rogan podcast UFC MMA comedy stand up Deathsquad funny ""Moshe Kasher"" ""Joe Rogan (Comedian)"" ""Stand-up Comedy (TV Genre)"" ""Comedian (Profession)"" ""JRE #506"" 506 ""Brian Redban""",10726,1581,public,4.0,0.0,https://i.ytimg.com/vi/lEDJWxjiAls/default.jpg,1403070483,,Joe Rogan Experience #506 - Moshe Kasher,zQUP1qoWDoEbmsQxvdjxgQ,194711,1403070483000,2014,6,18,506,194711,178,Moshe Kasher
28/05/2014,PowerfulJRE,22,False,197,"Matt Farah is an automotive journalist whose work can be found on TheSmokingTire.com, and also on http://www.youtube.com/drive Alex Ross is the owner, and co-founder, of Sharkwerks, which creates dialed-in, tweaked-out modern Porsches for Porsche enthusiasts.",89,2:38:35,E7-GjzIUs14,9515,False,False,"""Joe Rogan Experience"" JRE Joe Rogan podcast UFC MMA comedy stand up Deathsquad funny ""Matt Farah"" ""Joe Rogan (Comedian)"" ""Alex Ross"" ""The Smoking Tire"" ""Stand-up Comedy (TV Genre)"" ""Comedian (Profession)"" ""JRE #505"" SharkWerks ""Porsche 911 GT3 (Automobile Model)""",9515,1018,public,4.0,0.0,https://i.ytimg.com/vi/E7-GjzIUs14/default.jpg,1403070483,,Joe Rogan Experience #505 - Matt Farah & Alex Ross,zQUP1qoWDoEbmsQxvdjxgQ,226308,1403070483000,2014,6,18,505,226308,158,Matt Farah & Alex Ross
21/05/2014,PowerfulJRE,22,False,303,"Steve Maxwell is an American fitness coach, physical educator, and Brazilian Jiu-Jitsu instructor. He was named one of the top 100 trainers in the USA by Men's Journal.",80,3:01:34,RpufW6nCy0E,10894,False,False,"""Joe Rogan Experience"" JRE Joe Rogan podcast UFC MMA comedy stand up Deathsquad funny ""Joe Rogan (Comedian)"" ""Stand-up Comedy (TV Genre)"" ""Comedian (Profession)"" ""Steve Maxwell (Person)"" ""JRE #504"" 504 Fitness ""Strength Training"" ""Mixed Martial Arts (Martial Art)"" ""Martial Arts (Sport)""",10894,1071,public,4.0,0.0,https://i.ytimg.com/vi/RpufW6nCy0E/default.jpg,1403070483,,Joe Rogan Experience #504 - Steve Maxwell,zQUP1qoWDoEbmsQxvdjxgQ,163212,1403070483000,2014,6,18,504,163212,181,Steve Maxwell
20/05/2014,PowerfulJRE,22,False,506,"Sam Tripoli is a stand-up comedian. His latest comedy special ""Believe In Yourself"" is available now on iTunes or at http://AllThingsRecords.com 
Sam also hosts his own shows, The Naughty Show and the Punch Drunk Sports podcast, with co-hosts Ari Shaffir and Jason Thibault.",166,2:55:48,XvwO1PJxjRU,10548,False,False,"""Joe Rogan Experience"" JRE Joe Rogan podcast UFC MMA comedy stand up Deathsquad funny ""Sam Tripoli"" ""Joe Rogan (Comedian)"" ""Ultimate Fighting Championship (Organization)"" ""Stand-up Comedy (TV Genre)"" ""Comedian (Profession)"" 503 ""brian redban"" ""JRE #503""",10548,1121,public,4.0,0.0,https://i.ytimg.com/vi/XvwO1PJxjRU/default.jpg,1403070483,,Joe Rogan Experience #503 - Sam Tripoli,zQUP1qoWDoEbmsQxvdjxgQ,157952,1403070483000,2014,6,18,503,157952,175,Sam Tripoli
03/06/2014,PowerfulJRE,22,False,487,"Steve Hilton is a former director of strategy for David Cameron, Prime Minister and leader of the Conservative Party in the United Kingdom. He is currently a lecturer and visiting scholar at Stanford University.",108,2:58:31,y_CC3a4bObs,10711,False,False,"""Joe Rogan Experience"" JRE Joe Rogan podcast UFC MMA comedy stand up Deathsquad funny ""Joe Rogan (Comedian)"" ""Stand-up Comedy (TV Genre)"" ""Television (Invention)"" 509 ""JRE #509"" ""Steve Hilton"" CrowdPac",10711,776,public,4.0,0.0,https://i.ytimg.com/vi/y_CC3a4bObs/default.jpg,1403070483,,Joe Rogan Experience #509 - Steve Hilton,zQUP1qoWDoEbmsQxvdjxgQ,122423,1403070483000,2014,6,18,509,122423,178,Steve Hilton
11/06/2014,PowerfulJRE,22,False,235,"Tony Hinchcliffe is a stand-up comedian, writer, and actor. Tony also hosts his own podcasts called ""Kill Tony"" with Redban, and it's available on iTunes and at http://Deathsquad.tv",58,2:54:16,7hvQ0M997ks,10456,False,False,"""Joe Rogan Experience"" JRE Joe Rogan podcast UFC MMA comedy stand up Deathsquad funny ""Joe Rogan (Comedian)"" ""Stand-up Comedy (TV Genre)"" ""Comedian (Profession)"" ""Tony Hinchcliffe"" ""The Burn with Jeffery Ross"" ""Brian Redban""",10456,668,public,4.0,0.0,https://i.ytimg.com/vi/7hvQ0M997ks/default.jpg,1403070483,,Joe Rogan Experience #510 - Tony Hinchcliffe,zQUP1qoWDoEbmsQxvdjxgQ,91173,1403070483000,2014,6,18,510,91173,174,Tony Hinchcliffe
11/06/2014,PowerfulJRE,22,False,370,"Enson Inoue is a Japanese American mixed martial artist. Currently has a new book out called ""Live as a Man. Die as a Man. Become a Man. (The Way of the Modern Samurai)(Volume 1)"" available now on Amazon.",83,2:30:58,xtbWsYplUt0,9058,False,False,"""Joe Rogan Experience"" JRE Joe Rogan podcast UFC MMA comedy stand up Deathsquad funny ""Joe Rogan (Comedian)"" ""Enson Inoue (Martial Artist)"" ""Ultimate Fighting Championship (Organization)"" ""Martial Arts (Sport)"" ""Stand-up Comedy (TV Genre)"" ""JRE #511"" 511",9058,2305,public,4.0,0.0,https://i.ytimg.com/vi/xtbWsYplUt0/default.jpg,1403070483,,Joe Rogan Experience #511 - Enson Inoue,zQUP1qoWDoEbmsQxvdjxgQ,250256,1403070483000,2014,6,18,511,250256,150,Enson Inoue
16/06/2014,PowerfulJRE,22,False,891,"Dan Savage is a gay American author, media pundit, journalist and newspaper editor. Savage writes the internationally syndicated relationship and sex advice column Savage Love.",454,2:16:11,6NKrfGdU9js,8171,False,False,"""Joe Rogan Experience"" JRE Joe Rogan podcast UFC MMA comedy stand up Deathsquad funny ""Joe Rogan (Comedian)"" ""Ultimate Fighting Championship (Organization)"" ""Stand-up Comedy (TV Genre)"" ""JRE #512"" 512 ""Dan Savage (Author)""",8171,1361,public,3.0,0.0,https://i.ytimg.com/vi/6NKrfGdU9js/default.jpg,1403070483,,Joe Rogan Experience #512 - Dan Savage,zQUP1qoWDoEbmsQxvdjxgQ,174027,1403070483000,2014,6,18,512,174027,136,Dan Savage
17/01/2013,PowerfulJRE,22,False,4695,JRE #1 - Brian Redban,337,2:02:15,ZWBCnvOuXK8,7335,False,False,"""Joe Rogan Experience"" Podcast ""JRE #1"" ""Joe Rogan"" ""Brian Redban"" Rogan Redban UFC MMA Comedy ""Fear Factor"" ""Joe Rogan Questions Everything"" JRQE",7335,18385,public,4.0,0.0,https://i.ytimg.com/vi/ZWBCnvOuXK8/default.jpg,1403069631,,Joe Rogan Experience #1 - Brian Redban,zQUP1qoWDoEbmsQxvdjxgQ,1288660,1403069631000,2014,6,18,1,1288660,122,Brian Redban
17/01/2013,PowerfulJRE,22,False,537,JRE #2 - Brian Redban,94,2:32:07,Psu4JK_M7V8,9127,False,False,"""Joe Rogan Experience"" Podcast ""JRE #2"" ""Joe Rogan"" ""Brian Redban"" Rogan Redban UFC MMA Comedy ""Fear Factor"" ""Joe Rogan Questions Everything"" JRQE",9127,1558,public,4.0,0.0,https://i.ytimg.com/vi/Psu4JK_M7V8/default.jpg,1403069631,,Joe Rogan Experience #2 - Brian Redban,zQUP1qoWDoEbmsQxvdjxgQ,183534,1403069631000,2014,6,18,2,183534,152,Brian Redban
17/01/2013,PowerfulJRE,22,False,465,"JRE #3 - Ari Shaffir, Brian Redban",87,2:15:00,tJyzTzXBM8I,8100,False,False,"""Joe Rogan Experience"" ""JRE #3"" ""Joe Rogan"" ""Brian Redban"" Podcast Rogan Redban ""Ari Shaffir"" UFC MMA Comedy ""Fear Factor"" ""Joe Rogan Questions Everything"" JRQE",8100,1514,public,4.0,0.0,https://i.ytimg.com/vi/tJyzTzXBM8I/default.jpg,1403069631,,Joe Rogan Experience #3 - Ari Shaffir,zQUP1qoWDoEbmsQxvdjxgQ,181395,1403069631000,2014,6,18,3,181395,135,Ari Shaffir
17/01/2013,PowerfulJRE,22,False,162,JRE #6 - Brian Redban,26,2:33:49,8udgf54TftQ,9229,False,False,"""Joe Rogan Experience"" Podcast ""JRE #6"" ""Joe Rogan"" ""Brian Redban"" Rogan Redban UFC MMA Comedy ""Fear Factor"" ""Joe Rogan Questions Everything"" JRQE",9229,577,public,4.0,0.0,https://i.ytimg.com/vi/8udgf54TftQ/default.jpg,1403069631,,Joe Rogan Experience #6 - Brian Redban,zQUP1qoWDoEbmsQxvdjxgQ,52841,1403069631000,2014,6,18,6,52841,153,Brian Redban
17/01/2013,PowerfulJRE,22,False,88,JRE #7 - Brian Redban,19,2:34:22,M-CYCpjn_vE,9262,False,False,"""Joe Rogan Experience"" Podcast ""JRE #7"" ""Joe Rogan"" Redban ""Brian Redban"" Rogan UFC MMA Comedy ""Fear Factor"" ""Joe Rogan Questions Everything"" JRQE",9262,436,public,4.0,0.0,https://i.ytimg.com/vi/M-CYCpjn_vE/default.jpg,1403069631,,Joe Rogan Experience #7 - Brian Redban,zQUP1qoWDoEbmsQxvdjxgQ,41932,1403069631000,2014,6,18,7,41932,154,Brian Redban
18/01/2013,PowerfulJRE,22,False,53,JRE #19 - Brian Redban,16,2:13:45,Eq0ymM_QP6E,8025,False,False,"""Joe Rogan Experience"" Podcast ""Joe Rogan"" ""Brian Redban"" Rogan Redban JRE ""JRE #19"" 19 UFC MMA Comedy ""Fear Factor"" ""Joe Rogan Questions Everything"" JRQE",8025,316,public,4.0,0.0,https://i.ytimg.com/vi/Eq0ymM_QP6E/default.jpg,1403069606,,Joe Rogan Experience #19 - Brian Redban,zQUP1qoWDoEbmsQxvdjxgQ,24460,1403069606000,2014,6,18,19,24460,133,Brian Redban
17/01/2013,PowerfulJRE,22,False,54,"JRE #11 - Ari Shaffir, Brian Redban",13,2:21:46,ZC2pCSmVEJU,8506,False,False,"""Joe Rogan Experience"" ""JRE #11"" 11 Podcast ""Joe Rogan"" ""Brian Redban"" Rogan Redban UFC MMA Comedy ""Fear Factor"" ""Joe Rogan Questions Everything"" JRQE",8506,360,public,4.0,0.0,https://i.ytimg.com/vi/ZC2pCSmVEJU/default.jpg,1403069606,,Joe Rogan Experience #11 - Ari Shaffir,zQUP1qoWDoEbmsQxvdjxgQ,34886,1403069606000,2014,6,18,11,34886,141,Ari Shaffir
17/01/2013,PowerfulJRE,22,False,164,JRE #12 - Joe Rogan,18,1:38:34,apQb75I5Srs,5914,False,False,"""Joe Rogan Experience"" Podcast ""JRE #12"" 12 ""Joe Rogan"" Rogan UFC MMA Comedy ""Fear Factor"" ""Joe Rogan Questions Everything"" JRQE",5914,882,public,4.0,0.0,https://i.ytimg.com/vi/apQb75I5Srs/default.jpg,1403069606,,Joe Rogan Experience #12 - Joe Rogan,zQUP1qoWDoEbmsQxvdjxgQ,59243,1403069606000,2014,6,18,12,59243,98,Joe Rogan
17/01/2013,PowerfulJRE,22,False,468,JRE #13 - Eddie Bravo,32,43:11,1s8-tu6bf2w,2591,False,False,"""Joe Rogan Experience"" Podcast ""JRE #13"" 13 ""Joe Rogan"" ""Eddie Bravo"" Rogan Bravo UFC MMA Comedy ""Fear Factor"" ""Joe Rogan Questions Everything"" JRQE",2591,1409,public,4.0,0.0,https://i.ytimg.com/vi/1s8-tu6bf2w/default.jpg,1403069606,,Joe Rogan Experience #13 - Eddie Bravo,zQUP1qoWDoEbmsQxvdjxgQ,114496,1403069606000,2014,6,18,13,114496,43,Eddie Bravo
17/01/2013,PowerfulJRE,22,False,83,JRE #14 - Brian Redban,9,2:00:39,sVIHKnAc5OE,7239,False,False,"""Joe Rogan Experience"" Podcast ""JRE #14"" 14 ""Joe Rogan"" ""Brian Redban"" Rogan Redban UFC MMA Comedy ""Fear Factor"" ""Joe Rogan Questions Everything"" JRQE",7239,349,public,4.0,0.0,https://i.ytimg.com/vi/sVIHKnAc5OE/default.jpg,1403069606,,Joe Rogan Experience #14 - Brian Redban,zQUP1qoWDoEbmsQxvdjxgQ,27294,1403069606000,2014,6,18,14,27294,120,Brian Redban
17/01/2013,PowerfulJRE,22,False,57,JRE #15 - Brian Redban,14,1:59:46,Cgigm6zfaF0,7186,False,False,"""Joe Rogan Experience"" Podcast ""JRE #15"" 15 ""Joe Rogan"" ""Brian Redban"" Rogan Redban UFC MMA Comedy ""Fear Factor"" ""Joe Rogan Questions Everything"" JRQE",7186,344,public,4.0,0.0,https://i.ytimg.com/vi/Cgigm6zfaF0/default.jpg,1403069606,,Joe Rogan Experience #15 - Brian Redban,zQUP1qoWDoEbmsQxvdjxgQ,22401,1403069606000,2014,6,18,15,22401,119,Brian Redban
18/01/2013,PowerfulJRE,22,False,41,JRE #16 - Brian Redban,9,2:02:16,NT9pV7I_5jQ,7336,False,False,"""Joe Rogan Experience"" Podcast ""Joe Rogan"" ""Brian Redban"" Rogan Redban JRE ""JRE #16"" 16 UFC MMA Comedy ""Fear Factor"" ""Joe Rogan Questions Everything"" JRQE",7336,275,public,4.0,0.0,https://i.ytimg.com/vi/NT9pV7I_5jQ/default.jpg,1403069606,,Joe Rogan Experience #16 - Brian Redban,zQUP1qoWDoEbmsQxvdjxgQ,19754,1403069606000,2014,6,18,16,19754,122,Brian Redban
18/01/2013,PowerfulJRE,22,False,527,"JRE #17 - Ari Shaffir, Eddie Bravo",46,2:10:42,K1VZq949niU,7842,False,False,"""Joe Rogan Experience"" Podcast ""Joe Rogan"" Rogan JRE ""JRE #17"" 17 ""Ari Shaffir"" ""Eddie Bravo"" Shaffir Bravo UFC MMA Comedy ""Fear Factor"" ""Joe Rogan Questions Everything"" JRQE",7842,1444,public,4.0,0.0,https://i.ytimg.com/vi/K1VZq949niU/default.jpg,1403069606,,"Joe Rogan Experience #17 - Ari Shaffir, Eddie Bravo",zQUP1qoWDoEbmsQxvdjxgQ,124994,1403069606000,2014,6,18,17,124994,130,"Ari Shaffir, Eddie Bravo"
18/01/2013,PowerfulJRE,22,False,70,JRE #18 - Brian Redban,13,2:02:06,TpY4STa32yY,7326,False,False,"""Joe Rogan Experience"" Podcast ""Joe Rogan"" ""Brian Redban"" Rogan Redban JRE ""JRE #18"" 18 UFC MMA Comedy ""Fear Factor"" ""Joe Rogan Questions Everything"" JRQE",7326,362,public,4.0,0.0,https://i.ytimg.com/vi/TpY4STa32yY/default.jpg,1403069606,,Joe Rogan Experience #18 - Brian Redban,zQUP1qoWDoEbmsQxvdjxgQ,24969,1403069606000,2014,6,18,18,24969,122,Brian Redban
18/01/2013,PowerfulJRE,22,False,240,JRE #20 - Tom Segura,32,2:22:00,8lMKflYXWfM,8520,False,False,"""Joe Rogan Experience"" Podcast ""Joe Rogan"" Rogan JRE ""Tom Segura"" ""JRE #20"" 20 Segura UFC MMA Comedy ""Fear Factor"" ""Joe Rogan Questions Everything"" JRQE",8520,955,public,4.0,0.0,https://i.ytimg.com/vi/8lMKflYXWfM/default.jpg,1403069606,,Joe Rogan Experience #20 - Tom Segura,zQUP1qoWDoEbmsQxvdjxgQ,86728,1403069606000,2014,6,18,20,86728,142,Tom Segura
18/01/2013,PowerfulJRE,22,False,144,JRE #24 - Eddie Bravo,8,2:12:24,OL1VJGeCtGw,7944,False,False,"""Joe Rogan Experience"" Podcast ""Joe Rogan"" Rogan JRE ""JRE #24"" 24 ""Eddie Bravo"" Bravo UFC MMA Comedy ""Fear Factor"" ""Joe Rogan Questions Everything"" JRQE",7944,515,public,4.0,0.0,https://i.ytimg.com/vi/OL1VJGeCtGw/default.jpg,1403069606,,Joe Rogan Experience #24 - Eddie Bravo,zQUP1qoWDoEbmsQxvdjxgQ,54186,1403069606000,2014,6,18,24,54186,132,Eddie Bravo
18/01/2013,PowerfulJRE,22,False,536,JRE #25 - Joey Diaz,105,2:15:35,r8hggGc_IvM,8135,False,False,"""Joe Rogan Experience"" Podcast ""Joe Rogan"" Rogan JRE ""Joey Diaz"" MadFlavor CoCo ""JRE #25"" 25 UFC MMA Comedy ""Fear Factor"" ""Joe Rogan Questions Everything"" JRQE",8135,2727,public,4.0,0.0,https://i.ytimg.com/vi/r8hggGc_IvM/default.jpg,1403069606,,Joe Rogan Experience #25 - Joey Diaz,zQUP1qoWDoEbmsQxvdjxgQ,199965,1403069606000,2014,6,18,25,199965,135,Joey Diaz
18/01/2013,PowerfulJRE,22,False,331,"JRE #33 -- Dane Cook, Brian Redban",84,2:27:53,-PKbk6aXKy8,8873,False,False,"""Joe Rogan Experience"" Podcast ""Joe Rogan"" ""Brian Redban"" Rogan Redban JRE ""JRE #33"" 33 ""Dane Cook"" UFC MMA Comedy ""Fear Factor"" ""Joe Rogan Questions Everything"" JRQE",8873,1333,public,4.0,0.0,https://i.ytimg.com/vi/-PKbk6aXKy8/default.jpg,1403069606,,Joe Rogan Experience #33 -- Dane Cook,zQUP1qoWDoEbmsQxvdjxgQ,154161,1403069606000,2014,6,18,33,154161,147,
18/01/2013,PowerfulJRE,22,False,909,"JRE #26 - Bill Burr, Brian Redban",221,2:18:04,eE_ibbLtkck,8284,False,False,"""Joe Rogan Experience"" Podcast ""Joe Rogan"" ""Brian Redban"" Rogan Redban JRE ""JRE #26"" 26 ""Bill Burr"" Burr UFC MMA Comedy ""Fear Factor"" ""Joe Rogan Questions Everything"" JRQE",8284,4142,public,4.0,0.0,https://i.ytimg.com/vi/eE_ibbLtkck/default.jpg,1403069606,,Joe Rogan Experience #26 - Bill Burr,zQUP1qoWDoEbmsQxvdjxgQ,486627,1403069606000,2014,6,18,26,486627,138,Bill Burr
18/01/2013,PowerfulJRE,22,False,47,"JRE #37 - Ricky Schroder, Brian Redban",5,1:50:12,k6bE9flAaCo,6612,False,False,"""Joe Rogan Experience"" Podcast ""Joe Rogan"" ""Brian Redban"" Rogan Redban JRE ""JRE #37"" 37 ""Ricky Schroder"" ""Rick Schroder"" UFC MMA Comedy ""Fear Factor"" ""Joe Rogan Questions Everything"" JRQE",6612,227,public,4.0,0.0,https://i.ytimg.com/vi/k6bE9flAaCo/default.jpg,1403069606,,Joe Rogan Experience #37 - Ricky Schroder,zQUP1qoWDoEbmsQxvdjxgQ,20307,1403069606000,2014,6,18,37,20307,110,Ricky Schroder
18/01/2013,PowerfulJRE,22,False,421,"JRE #35 -- Joey Diaz, Eddie Bravo, Brian Redban",72,1:57:24,DYgJVoFjBvQ,7044,False,False,"""Joe Rogan Experience"" Podcast ""Joe Rogan"" ""Brian Redban"" Rogan Redban JRE ""JRE #35"" 35 ""Joey Diaz"" CoCo MadFlavor ""Eddie Bravo"" Bravo UFC MMA Comedy ""Fear Factor"" ""Joe Rogan Questions Everything"" JRQE",7044,1483,public,4.0,0.0,https://i.ytimg.com/vi/DYgJVoFjBvQ/default.jpg,1403069606,,Joe Rogan Experience #35 -- Joey Diaz & Eddie Bravo,zQUP1qoWDoEbmsQxvdjxgQ,141269,1403069606000,2014,6,18,35,141269,117,
18/01/2013,PowerfulJRE,22,False,34,"JRE #34 -- Doug Benson, Brian Redban",7,29:01,QvWfYopjTnw,1741,False,False,"""Joe Rogan Experience"" Podcast ""Joe Rogan"" ""Brian Redban"" Rogan Redban JRE ""JRE #34"" 34 ""Doug Benson"" UFC MMA Comedy ""Fear Factor"" ""Joe Rogan Questions Everything"" JRQE",1741,217,public,4.0,0.0,https://i.ytimg.com/vi/QvWfYopjTnw/default.jpg,1403069606,,Joe Rogan Experience #34 -- Doug Benson,zQUP1qoWDoEbmsQxvdjxgQ,25087,1403069606000,2014,6,18,34,25087,29,
18/01/2013,PowerfulJRE,22,False,84,JRE #21 - Brian Redban,13,2:22:15,vmMkQkCh3SU,8535,False,False,"""Joe Rogan Experience"" Podcast ""Joe Rogan"" ""Brian Redban"" Rogan Redban JRE ""JRE #21"" 21 UFC MMA Comedy ""Fear Factor"" ""Joe Rogan Questions Everything"" JRQE",8535,365,public,4.0,0.0,https://i.ytimg.com/vi/vmMkQkCh3SU/default.jpg,1403069606,,Joe Rogan Experience #21 - Brian Redban,zQUP1qoWDoEbmsQxvdjxgQ,29656,1403069606000,2014,6,18,21,29656,142,Brian Redban
18/01/2013,PowerfulJRE,22,False,126,"JRE #31 -- Mayhem Miller, Brian Redban",23,2:09:22,YudO26dxbW0,7762,False,False,"""Joe Rogan Experience"" Podcast ""Joe Rogan"" ""Brian Redban"" Rogan Redban JRE ""JRE #31"" 31 ""Mayhem Miller"" ""Jason MIller"" Mayhem UFC MMA Comedy ""Fear Factor"" ""Joe Rogan Questions Everything"" JRQE",7762,481,public,4.0,0.0,https://i.ytimg.com/vi/YudO26dxbW0/default.jpg,1403069606,,Joe Rogan Experience #31 -- Mayhem Miller,zQUP1qoWDoEbmsQxvdjxgQ,49261,1403069606000,2014,6,18,31,49261,129,
18/01/2013,PowerfulJRE,22,False,359,"JRE #28 - Joey Diaz, Brian Redban",85,2:06:43,uGUtNujSdBk,7603,False,False,"""Joe Rogan Experience"" Podcast ""Joe Rogan"" ""Brian Redban"" Rogan Redban JRE ""Joey Diaz"" CoCo MadFlavor ""JRE #28"" 28 UFC MMA Comedy ""Fear Factor"" ""Joe Rogan Questions Everything"" JRQE",7603,1850,public,4.0,0.0,https://i.ytimg.com/vi/uGUtNujSdBk/default.jpg,1403069606,,Joe Rogan Experience #28 - Joey Diaz,zQUP1qoWDoEbmsQxvdjxgQ,174695,1403069606000,2014,6,18,28,174695,126,Joey Diaz
18/01/2013,PowerfulJRE,22,False,60,JRE #29 - Brian Redban,12,1:58:57,JCkSeN02EIg,7137,False,False,"""Joe Rogan Experience"" Podcast ""Joe Rogan"" ""Brian Redban"" Rogan Redban JRE ""JRE #29"" 29 UFC MMA Comedy ""Fear Factor"" ""Joe Rogan Questions Everything"" JRQE",7137,329,public,4.0,0.0,https://i.ytimg.com/vi/JCkSeN02EIg/default.jpg,1403069606,,Joe Rogan Experience #29 - Brian Redban,zQUP1qoWDoEbmsQxvdjxgQ,23377,1403069606000,2014,6,18,29,23377,118,Brian Redban
18/01/2013,PowerfulJRE,22,False,154,"JRE #27 - Sam Tripoli, Brian Redban",20,2:46:59,iH0IPm0bwOI,10019,False,False,"""Joe Rogan Experience"" Podcast ""Joe Rogan"" ""Brian Redban"" Rogan Redban JRE ""JRE #27"" 27 ""Sam Tripoli"" Tripoli ""The Naughty Show"" UFC MMA Comedy ""Fear Factor"" ""Joe Rogan Questions Everything"" JRQE",10019,502,public,4.0,0.0,https://i.ytimg.com/vi/iH0IPm0bwOI/default.jpg,1403069606,,Joe Rogan Experience #27 - Sam Tripoli,zQUP1qoWDoEbmsQxvdjxgQ,41909,1403069606000,2014,6,18,27,41909,166,Sam Tripoli
19/01/2013,PowerfulJRE,22,False,226,"JRE #45 - Tom Green, Brian Redban",24,1:58:35,EF6GrPaiOlk,7115,False,False,"""Joe Rogan Experience"" Podcast ""Joe Rogan"" ""Brian Redban"" Rogan Redban JRE ""JRE #45"" 45 ""Tom Green"" UFC MMA Comedy ""Fear Factor"" ""Joe Rogan Questions Everything"" JRQE",7115,692,public,4.0,0.0,https://i.ytimg.com/vi/EF6GrPaiOlk/default.jpg,1403069585,,Joe Rogan Experience #45 - Tom Green,zQUP1qoWDoEbmsQxvdjxgQ,68269,1403069585000,2014,6,18,45,68269,118,Tom Green
19/01/2013,PowerfulJRE,22,False,35,"JRE #53 - Freddy Lockhart, Brian Redban",7,2:49:36,KiGhBcu8-vk,10176,False,False,"""Joe Rogan Experience"" Podcast ""Joe Rogan"" ""Brian Redban"" Rogan Redban JRE ""JRE #53"" 53 ""Freddy Lockhart"" Lockhart UFC MMA Comedy ""Fear Factor"" ""Joe Rogan Questions Everything"" JRQE",10176,190,public,4.0,0.0,https://i.ytimg.com/vi/KiGhBcu8-vk/default.jpg,1403069585,,Joe Rogan Experience #53 - Freddy Lockhart,zQUP1qoWDoEbmsQxvdjxgQ,15168,1403069585000,2014,6,18,53,15168,169,Freddy Lockhart
19/01/2013,PowerfulJRE,22,False,354,"JRE #55 - Duncan Trussell, Brian Redban",46,2:38:03,2W1MNaV9nm4,9483,False,False,"""Joe Rogan Experience"" Podcast ""Joe Rogan"" ""Brian Redban"" Rogan Redban JRE ""JRE #55"" 55 ""Duncan Trussell"" UFC MMA Comedy ""Fear Factor"" ""Joe Rogan Questions Everything"" JRQE",9483,1231,public,4.0,0.0,https://i.ytimg.com/vi/2W1MNaV9nm4/default.jpg,1403069585,,Joe Rogan Experience #55 - Duncan Trussell,zQUP1qoWDoEbmsQxvdjxgQ,101713,1403069585000,2014,6,18,55,101713,158,Duncan Trussell
19/01/2013,PowerfulJRE,22,False,138,"JRE #54 - Eddie Bravo, Brian Redban",17,2:15:26,d2VRwxQlZYg,8126,False,False,"""Joe Rogan Experience"" Podcast ""Joe Rogan"" ""Brian Redban"" Rogan Redban JRE ""JRE #54"" 54 ""Eddie Bravo"" Bravo UFC MMA Comedy ""Fear Factor"" ""Joe Rogan Questions Everything"" JRQE",8126,388,public,4.0,0.0,https://i.ytimg.com/vi/d2VRwxQlZYg/default.jpg,1403069585,,Joe Rogan Experience #54 - Eddie Bravo,zQUP1qoWDoEbmsQxvdjxgQ,34202,1403069585000,2014,6,18,54,34202,135,Eddie Bravo
19/01/2013,PowerfulJRE,22,False,32,JRE #47 - Michael Schiavello,9,1:20:48,fMqeDBjZ6C4,4848,False,False,"""Joe Rogan Experience"" Podcast ""Joe Rogan"" ""Brian Redban"" Rogan Redban JRE ""JRE #47"" 47 ""Michael Schiavello"" UFC MMA Comedy ""Fear Factor"" ""Joe Rogan Questions Everything"" JRQE",4848,220,public,4.0,0.0,https://i.ytimg.com/vi/fMqeDBjZ6C4/default.jpg,1403069585,,Joe Rogan Experience #47 - Michael Schiavello,zQUP1qoWDoEbmsQxvdjxgQ,20227,1403069585000,2014,6,18,47,20227,80,Michael Schiavello
18/01/2013,PowerfulJRE,22,False,30,"JRE #40 - Tyler Knight, Brian Redban",14,2:16:52,vJZo3sJ2Kh4,8212,False,False,"""Joe Rogan Experience"" Podcast ""Joe Rogan"" ""Brian Redban"" Rogan Redban JRE ""JRE #40"" 40 ""Tyler Knight"" UFC MMA Comedy ""Fear Factor"" ""Joe Rogan Questions Everything"" JRQE",8212,185,public,4.0,0.0,https://i.ytimg.com/vi/vJZo3sJ2Kh4/default.jpg,1403069585,,Joe Rogan Experience #40 - Tyler Knight,zQUP1qoWDoEbmsQxvdjxgQ,18149,1403069585000,2014,6,18,40,18149,136,Tyler Knight
18/01/2013,PowerfulJRE,22,False,76,"JRE #38 - Bryan Callen, Brian Redban",15,2:23:00,p7CtRO1gcxM,8580,False,False,"""Joe Rogan Experience"" Podcast ""Joe Rogan"" ""Brian Redban"" Rogan Redban JRE ""JRE #38"" 38 ""Bryan Callen"" Callen UFC MMA Comedy ""Fear Factor"" ""Joe Rogan Questions Everything"" JRQE",8580,410,public,4.0,0.0,https://i.ytimg.com/vi/p7CtRO1gcxM/default.jpg,1403069585,,Joe Rogan Experience #38 - Bryan Callen,zQUP1qoWDoEbmsQxvdjxgQ,33746,1403069585000,2014,6,18,38,33746,143,Bryan Callen
20/01/2013,PowerfulJRE,22,False,17,"JRE #80 - Joey Diaz, Ari Shaffir, Brian Redban",3,16:06,5-fT9OFXTLo,966,False,False,"""Joe Rogan Experience"" Podcast ""Joe Rogan"" ""Brian Redban"" Rogan Redban JRE ""JRE #80"" 80 ""Joey Diaz"" CoCo MadFlavor ""Ari Shaffir"" Shaffir Diaz UFC MMA Comedy ""Fear Factor"" ""Joe Rogan Questions Everything"" JRQE",966,219,public,4.0,0.0,https://i.ytimg.com/vi/5-fT9OFXTLo/default.jpg,1403069553,,Joe Rogan Experience #80 - Joey Diaz & Ari Shaffir,zQUP1qoWDoEbmsQxvdjxgQ,22936,1403069553000,2014,6,18,80,22936,16,Joey Diaz & Ari Shaffir
20/01/2013,PowerfulJRE,22,False,2749,"JRE #91 - Bill Burr, Brian Redban",307,2:59:41,zeKsMbXeLSI,10781,False,False,"""Joe Rogan Experience"" Podcast ""Joe Rogan"" ""Brian Redban"" Rogan Redban JRE ""JRE #91"" 91 ""Bill Burr"" Burr UFC MMA Comedy ""Fear Factor"" ""Joe Rogan Questions Everything"" JRQE",10781,5865,public,4.0,0.0,https://i.ytimg.com/vi/zeKsMbXeLSI/default.jpg,1403069553,,Joe Rogan Experience #91 - Bill Burr,zQUP1qoWDoEbmsQxvdjxgQ,711563,1403069553000,2014,6,18,91,711563,179,Bill Burr
20/01/2013,PowerfulJRE,22,False,387,"JRE #90 - Joey Diaz, Brian Redban",91,2:00:36,ChKKbwEf54I,7236,False,False,"""Joe Rogan Experience"" Podcast ""Joe Rogan"" ""Brian Redban"" Rogan Redban JRE ""JRE #90"" 90 ""Joey Diaz"" CoCo MadFlavor Diaz UFC MMA Comedy ""Fear Factor"" ""Joe Rogan Questions Everything"" JRQE",7236,1750,public,4.0,0.0,https://i.ytimg.com/vi/ChKKbwEf54I/default.jpg,1403069553,,Joe Rogan Experience #90 - Joey Diaz,zQUP1qoWDoEbmsQxvdjxgQ,178232,1403069553000,2014,6,18,90,178232,120,Joey Diaz
20/01/2013,PowerfulJRE,22,False,61,"JRE #89 - Bryan Callen, Brian Redban",14,2:16:18,e3YgJuXCo8o,8178,False,False,"""Joe Rogan Experience"" Podcast ""Joe Rogan"" ""Brian Redban"" Rogan Redban JRE ""JRE #89"" 89 ""Bryan Callen"" Callen UFC MMA Comedy ""Fear Factor"" ""Joe Rogan Questions Everything"" JRQE",8178,344,public,4.0,0.0,https://i.ytimg.com/vi/e3YgJuXCo8o/default.jpg,1403069553,,Joe Rogan Experience #89 - Bryan Callen,zQUP1qoWDoEbmsQxvdjxgQ,31909,1403069553000,2014,6,18,89,31909,136,Bryan Callen
20/01/2013,PowerfulJRE,22,False,525,"JRE #88 - Andy Dick, Brian Redban",92,2:15:28,8vKnX64g_Ys,8128,False,False,"""Joe Rogan Experience"" Podcast ""Joe Rogan"" ""Brian Redban"" Rogan Redban JRE ""JRE #88"" 88 ""Andy Dick"" UFC MMA Comedy ""Fear Factor"" ""Joe Rogan Questions Everything"" JRQE",8128,1637,public,4.0,0.0,https://i.ytimg.com/vi/8vKnX64g_Ys/default.jpg,1403069553,,Joe Rogan Experience #88 - Andy Dick,zQUP1qoWDoEbmsQxvdjxgQ,217854,1403069553000,2014,6,18,88,217854,135,Andy Dick
20/01/2013,PowerfulJRE,22,False,80,"JRE #87 - Dana Dearmond, Brian Redban",25,2:13:16,6HV2fT5K4CY,7996,False,False,"""Joe Rogan Experience"" Podcast ""Joe Rogan"" ""Brian Redban"" Rogan Redban JRE ""JRE #87"" 87 ""Dana Dearmond"" UFC MMA Comedy ""Fear Factor"" ""Joe Rogan Questions Everything"" JRQE",7996,376,public,4.0,0.0,https://i.ytimg.com/vi/6HV2fT5K4CY/default.jpg,1403069553,,Joe Rogan Experience #87 - Dana Dearmond,zQUP1qoWDoEbmsQxvdjxgQ,51730,1403069553000,2014,6,18,87,51730,133,Dana Dearmond
20/01/2013,PowerfulJRE,22,False,198,"JRE #84 Duncan Trussell, Brian Redban",30,2:49:31,3u6PNLYxk8g,10171,False,False,"""Joe Rogan Experience"" Podcast ""Joe Rogan"" ""Brian Redban"" Rogan Redban JRE ""JRE #84"" 84 ""Duncan Trussell"" Duncan UFC MMA Comedy ""Fear Factor"" ""Joe Rogan Questions Everything"" JRQE",10171,904,public,4.0,0.0,https://i.ytimg.com/vi/3u6PNLYxk8g/default.jpg,1403069553,,Joe Rogan Experience #84 - Duncan Trussell,zQUP1qoWDoEbmsQxvdjxgQ,82027,1403069553000,2014,6,18,84,82027,169,Duncan Trussell
20/01/2013,PowerfulJRE,22,False,233,"JRE #83 Bas Rutten, Brian Redban",39,2:12:44,4rWsL8NAzY4,7964,False,False,"""Joe Rogan Experience"" Podcast ""Joe Rogan"" ""Brian Redban"" Rogan Redban JRE ""JRE #83"" 83 UFC MMA Comedy ""Fear Factor"" ""Joe Rogan Questions Everything"" JRQE",7964,1484,public,4.0,0.0,https://i.ytimg.com/vi/4rWsL8NAzY4/default.jpg,1403069553,,Joe Rogan Experience #83 - Bas Rutten,zQUP1qoWDoEbmsQxvdjxgQ,144795,1403069553000,2014,6,18,83,144795,132,Bas Rutten
20/01/2013,PowerfulJRE,22,False,298,"JRE #82 - Dave Foley, Brian Redban",45,2:15:07,zKuvDXYxPSk,8107,False,False,"""Joe Rogan Experience"" Podcast ""Joe Rogan"" ""Brian Redban"" Rogan Redban JRE ""JRE #82"" 82 ""Dave Foley"" UFC MMA Comedy ""Fear Factor"" ""Joe Rogan Questions Everything"" JRQE",8107,1192,public,4.0,0.0,https://i.ytimg.com/vi/zKuvDXYxPSk/default.jpg,1403069553,,Joe Rogan Experience #82 - Dave Foley,zQUP1qoWDoEbmsQxvdjxgQ,107908,1403069553000,2014,6,18,82,107908,135,Dave Foley
20/01/2013,PowerfulJRE,22,False,31,"JRE #74 - Allison Sciulla, Brian Redban",9,2:26:34,K_QO1plJ9hs,8794,False,False,"""Joe Rogan Experience"" Podcast ""Joe Rogan"" ""Brian Redban"" Rogan Redban JRE ""JRE #74"" 74 ""Allison Sciulla"" Sciulla AllisonRox UFC MMA Comedy ""Fear Factor"" ""Joe Rogan Questions Everything"" JRQE",8794,183,public,4.0,0.0,https://i.ytimg.com/vi/K_QO1plJ9hs/default.jpg,1403069553,,Joe Rogan Experience #74 - Allison Sciulla,zQUP1qoWDoEbmsQxvdjxgQ,17185,1403069553000,2014,6,18,74,17185,146,Allison Sciulla
20/01/2013,PowerfulJRE,22,False,70,"JRE #79 - Jon Lajoie, Brian Redban",7,2:07:28,LNh1upO_RhU,7648,False,False,"""Joe Rogan Experience"" Podcast ""Joe Rogan"" ""Brian Redban"" Rogan Redban JRE ""JRE #79"" 79 ""Jon Lajoie"" UFC MMA Comedy ""Fear Factor"" ""Joe Rogan Questions Everything"" JRQE",7648,477,public,4.0,0.0,https://i.ytimg.com/vi/LNh1upO_RhU/default.jpg,1403069553,,Joe Rogan Experience #79 - Jon Lajoie,zQUP1qoWDoEbmsQxvdjxgQ,26148,1403069553000,2014,6,18,79,26148,127,Jon Lajoie
20/01/2013,PowerfulJRE,22,False,39,"JRE #72 - Ari Shaffir, Brian Redban",6,2:29:55,42OmQsfhB1E,8995,False,False,"""Joe Rogan Experience"" Podcast ""Joe Rogan"" ""Brian Redban"" Rogan Redban JRE ""JRE #72"" 72 ""Ari Shaffir"" UFC MMA Comedy ""Fear Factor"" ""Joe Rogan Questions Everything"" JRQE",8995,224,public,4.0,0.0,https://i.ytimg.com/vi/42OmQsfhB1E/default.jpg,1403069553,,Joe Rogan Experience #72 - Ari Shaffir,zQUP1qoWDoEbmsQxvdjxgQ,16776,1403069553000,2014,6,18,72,16776,149,Ari Shaffir
20/01/2013,PowerfulJRE,22,False,17,"JRE #77 - Eddie Ifft, Brian Redban",4,2:33:36,PtyGKGGzVpI,9216,False,False,"""Joe Rogan Experience"" Podcast ""Joe Rogan"" ""Brian Redban"" Rogan Redban JRE ""JRE #77"" 77 ""Eddie Ifft"" UFC MMA Comedy ""Fear Factor"" ""Joe Rogan Questions Everything"" JRQE",9216,155,public,4.0,0.0,https://i.ytimg.com/vi/PtyGKGGzVpI/default.jpg,1403069553,,Joe Rogan Experience #77 - Eddie Ifft,zQUP1qoWDoEbmsQxvdjxgQ,11029,1403069553000,2014,6,18,77,11029,153,Eddie Ifft
20/01/2013,PowerfulJRE,22,False,91,"JRE #58 - Mayhem Miller, Brian Redban",11,2:30:34,Y0DCa7StZuI,9034,False,False,"""Joe Rogan Experience"" Podcast ""Joe Rogan"" ""Brian Redban"" Rogan Redban JRE ""JRE #58"" 58 ""Jason Miller"" Mayhem Miller ""Mayhem Miller"" UFC MMA Comedy ""Fear Factor"" ""Joe Rogan Questions Everything"" JRQE",9034,309,public,4.0,0.0,https://i.ytimg.com/vi/Y0DCa7StZuI/default.jpg,1403069553,,Joe Rogan Experience #58 - Mayhem Miller,zQUP1qoWDoEbmsQxvdjxgQ,31696,1403069553000,2014,6,18,58,31696,150,Mayhem Miller
20/01/2013,PowerfulJRE,22,False,22,"JRE #71 - Al Madrigal, Brian Redban",11,2:50:26,FB-kO-KNINs,10226,False,False,"""Joe Rogan Experience"" Podcast ""Joe Rogan"" ""Brian Redban"" Rogan Redban JRE ""JRE #71"" 71 ""Al Madrigal"" UFC MMA Comedy ""Fear Factor"" ""Joe Rogan Questions Everything"" JRQE",10226,168,public,4.0,0.0,https://i.ytimg.com/vi/FB-kO-KNINs/default.jpg,1403069553,,Joe Rogan Experience #71 - Al Madrigal,zQUP1qoWDoEbmsQxvdjxgQ,16724,1403069553000,2014,6,18,71,16724,170,Al Madrigal
20/01/2013,PowerfulJRE,22,False,974,"JRE #59 - Ralphie May, Brian Redban",209,2:10:25,XYqFMm-OAcg,7825,False,False,"""Joe Rogan Experience"" Podcast ""Joe Rogan"" ""Brian Redban"" Rogan Redban JRE ""JRE #59"" 59 ""Ralphie May"" UFC MMA Comedy ""Fear Factor"" ""Joe Rogan Questions Everything"" JRQE",7825,3070,public,4.0,0.0,https://i.ytimg.com/vi/XYqFMm-OAcg/default.jpg,1403069553,,Joe Rogan Experience #59 - Ralphie May,zQUP1qoWDoEbmsQxvdjxgQ,350491,1403069553000,2014,6,18,59,350491,130,Ralphie May
20/01/2013,PowerfulJRE,22,False,137,"JRE #73 - Bert Kreischer, Brian Redban",33,2:14:39,L1M6RMW47vU,8079,False,False,"""Joe Rogan Experience"" Podcast ""Joe Rogan"" ""Brian Redban"" Rogan Redban JRE ""JRE #73"" 73 ""Bert Kreischer"" Bert ""The Machine"" UFC MMA Comedy ""Fear Factor"" ""Joe Rogan Questions Everything"" JRQE",8079,1029,public,4.0,0.0,https://i.ytimg.com/vi/L1M6RMW47vU/default.jpg,1403069553,,Joe Rogan Experience #73 - Bert Kreischer,zQUP1qoWDoEbmsQxvdjxgQ,83097,1403069553000,2014,6,18,73,83097,134,Bert Kreischer
20/01/2013,PowerfulJRE,22,False,51,"JRE #75 - Sam Tripoli, Brian Redban",15,2:21:24,XIKoi1W_A8k,8484,False,False,"""Joe Rogan Experience"" Podcast ""Joe Rogan"" ""Brian Redban"" Rogan Redban JRE ""JRE #75"" 75 ""Sam Tripoli"" Tripoli ""The Naughty Show"" UFC MMA Comedy ""Fear Factor"" ""Joe Rogan Questions Everything"" JRQE",8484,228,public,4.0,0.0,https://i.ytimg.com/vi/XIKoi1W_A8k/default.jpg,1403069553,,Joe Rogan Experience #75 - Sam Tripoli,zQUP1qoWDoEbmsQxvdjxgQ,20013,1403069553000,2014,6,18,75,20013,141,Sam Tripoli
20/01/2013,PowerfulJRE,22,False,1643,"JRE #76 - Bobby Lee, Brian Redban",275,2:15:53,vLCVyQYi5bc,8153,False,False,"""Joe Rogan Experience"" Podcast ""Joe Rogan"" ""Brian Redban"" Rogan Redban JRE ""JRE #76"" 76 ""Bobby Lee"" UFC MMA Comedy ""Fear Factor"" ""Joe Rogan Questions Everything"" JRQE",8153,7200,public,4.0,0.0,https://i.ytimg.com/vi/vLCVyQYi5bc/default.jpg,1403069553,,Joe Rogan Experience #76 - Bobby Lee,zQUP1qoWDoEbmsQxvdjxgQ,695765,1403069553000,2014,6,18,76,695765,135,Bobby Lee
21/01/2013,PowerfulJRE,22,False,35,"JRE #98 - Daryl Wright, Brian Whitaker, Brian Redban",5,2:08:37,xmpJvM8WQBI,7717,False,False,"""Joe Rogan Experience"" Podcast ""Joe Rogan"" ""Brian Redban"" Rogan Redban JRE ""JRE #98"" ""Daryl Wright"" ""Brian Whitaker"" UFC MMA Comedy ""Fear Factor"" ""Joe Rogan Questions Everything"" JRQE",7717,115,public,4.0,0.0,https://i.ytimg.com/vi/xmpJvM8WQBI/default.jpg,1403069537,,Joe Rogan Experience #98 - Daryl Wright & Brian Whitaker,zQUP1qoWDoEbmsQxvdjxgQ,9323,1403069537000,2014,6,18,98,9323,128,Daryl Wright & Brian Whitaker
20/01/2013,PowerfulJRE,22,False,117,"JRE #95 - Bert Kreischer, Brian Redban",35,2:32:42,rfzCp9Kj3k0,9162,False,False,"""Joe Rogan Experience"" Podcast ""Joe Rogan"" ""Brian Redban"" Rogan Redban JRE ""JRE #95"" 95 ""Bert Kreischer"" ""The Machine"" UFC MMA Comedy ""Fear Factor"" ""Joe Rogan Questions Everything"" JRQE",9162,966,public,4.0,0.0,https://i.ytimg.com/vi/rfzCp9Kj3k0/default.jpg,1403069537,,Joe Rogan Experience #95 - Bert Kreischer,zQUP1qoWDoEbmsQxvdjxgQ,90196,1403069537000,2014,6,18,95,90196,152,Bert Kreischer
20/01/2013,PowerfulJRE,22,False,84,"JRE #96 - Kevin Pereira, Brian Redban",12,2:36:19,V6vkAaEHq84,9379,False,False,"""Joe Rogan Experience"" Podcast ""Joe Rogan"" ""Brian Redban"" Rogan Redban JRE ""JRE #96"" ""Kevin Pereira"" UFC MMA Comedy ""Fear Factor"" ""Joe Rogan Questions Everything"" JRQE",9379,316,public,4.0,0.0,https://i.ytimg.com/vi/V6vkAaEHq84/default.jpg,1403069537,,Joe Rogan Experience #96 - Kevin Pereira,zQUP1qoWDoEbmsQxvdjxgQ,22072,1403069537000,2014,6,18,96,22072,156,Kevin Pereira
